<?xml version="1.0" encoding="UTF-8"?>
<gpx version="1.1" creator="OS Maps - Web" schemaLocation="http://www.topografix.com/GPX/1/1 http://www.topografix.com/GPX/1/1/gpx.xsd" xmlns="http://www.topografix.com/GPX/1/1" xmlns:xsi="http://www.w3.org/2001/XMLSchema-instance" xsi:schemaLocation="http://www.topografix.com/GPX/1/1 http://www.topografix.com/GPX/1/1/gpx.xsd http://www.garmin.com/xmlschemas/GpxExtensions/v3 http://www.garmin.com/xmlschemas/GpxExtensionsv3.xsd http://www.garmin.com/xmlschemas/TrackPointExtension/v1 http://www.garmin.com/xmlschemas/TrackPointExtensionv1.xsd http://www.garmin.com/xmlschemas/PowerExtension/v1 http://www.garmin.com/xmlschemas/PowerExtensionv1.xsd http://www.topografix.com/GPX/gpx_style/0/2 http://www.topografix.com/GPX/gpx_style/0/2/gpx_style.xsd" xmlns:gpxtpx="http://www.garmin.com/xmlschemas/TrackPointExtension/v1" xmlns:gpxx="http://www.garmin.com/xmlschemas/GpxExtensions/v3" xmlns:gpxpx="http://www.garmin.com/xmlschemas/PowerExtension/v1" xmlns:gpx_style="http://www.topografix.com/GPX/gpx_style/0/2">
  <metadata>
    <name>Bob Graham - Luke&apos;s Version</name>
    <author>
      <name>gpx.studio</name>
      <link href="https://gpx.studio"/>
    </author>
  </metadata>
  <wpt lat="54.60085" lon="-3.13728">
    <ele>84.34508314561751</ele>
  </wpt>
  <wpt lat="54.6069" lon="-3.13538">
    <ele>90.5426983379445</ele>
    <name>FlatP</name>
  </wpt>
  <wpt lat="54.61638" lon="-3.12495">
    <ele>237.65365800658003</ele>
  </wpt>
  <wpt lat="54.6184" lon="-3.11558">
    <ele>294.6295917722759</ele>
  </wpt>
  <wpt lat="54.61801" lon="-3.11521">
    <ele>297.9035227767439</ele>
  </wpt>
  <wpt lat="54.6228" lon="-3.11399">
    <ele>334.2924590428204</ele>
  </wpt>
  <wpt lat="54.62447" lon="-3.11408">
    <ele>353.4658109778642</ele>
  </wpt>
  <wpt lat="54.62687" lon="-3.11722">
    <ele>446.00954686123737</ele>
  </wpt>
  <wpt lat="54.63244" lon="-3.12091">
    <ele>645.7367290459886</ele>
  </wpt>
  <wpt lat="54.64448" lon="-3.14065">
    <ele>814.7828740452802</ele>
  </wpt>
  <wpt lat="54.65138" lon="-3.14776">
    <ele>929.3085779735547</ele>
    <name>Skiddaw</name>
  </wpt>
  <wpt lat="54.65248" lon="-3.14763">
    <ele>923.6172711088586</ele>
  </wpt>
  <wpt lat="54.65668" lon="-3.14239">
    <ele>765.5694007364124</ele>
  </wpt>
  <wpt lat="54.6615" lon="-3.11638">
    <ele>462.160635058679</ele>
    <name>LowP</name>
  </wpt>
  <wpt lat="54.67076" lon="-3.10122">
    <ele>690.1730203756829</ele>
    <name>Great Calva</name>
  </wpt>
  <wpt lat="54.66936" lon="-3.09772">
    <ele>599.5249170342595</ele>
  </wpt>
  <wpt lat="54.66843" lon="-3.08774">
    <ele>399.9965772931113</ele>
  </wpt>
  <wpt lat="54.66453" lon="-3.08194">
    <ele>358.4395006574686</ele>
    <name>LowP</name>
  </wpt>
  <wpt lat="54.65457" lon="-3.06904">
    <ele>626.8036945776951</ele>
  </wpt>
  <wpt lat="54.65334" lon="-3.06688">
    <ele>629.8598955026328</ele>
  </wpt>
  <wpt lat="54.65273" lon="-3.06655">
    <ele>629.2921320241122</ele>
  </wpt>
  <wpt lat="54.65176" lon="-3.06282">
    <ele>642.244132086558</ele>
  </wpt>
  <wpt lat="54.64814" lon="-3.0521">
    <ele>727.3741454591102</ele>
  </wpt>
  <wpt lat="54.64743" lon="-3.05042">
    <ele>757.988582836281</ele>
  </wpt>
  <wpt lat="54.63998" lon="-3.0498">
    <ele>865.9025035052993</ele>
    <name>Blencathra</name>
  </wpt>
  <wpt lat="54.62616" lon="-3.04776">
    <ele>228.65871941699982</ele>
  </wpt>
  <wpt lat="54.62309" lon="-3.04534">
    <ele>175.89850578923125</ele>
  </wpt>
  <wpt lat="54.61923" lon="-3.0466">
    <ele>147.73959365404738</ele>
    <name>Threlkeld (Road Crossing)</name>
  </wpt>
  <wpt lat="54.61607" lon="-3.04558">
    <ele>140.76945156775653</ele>
    <name>LowP</name>
  </wpt>
  <wpt lat="54.61263" lon="-3.0383">
    <ele>187.46462588438902</ele>
  </wpt>
  <wpt lat="54.61128" lon="-3.03787">
    <ele>205.8138366390458</ele>
  </wpt>
  <wpt lat="54.60761" lon="-3.03738">
    <ele>259.5988300262233</ele>
  </wpt>
  <wpt lat="54.60542" lon="-3.03535">
    <ele>314.0246645874886</ele>
  </wpt>
  <wpt lat="54.59796" lon="-3.02935">
    <ele>597.7078026759998</ele>
  </wpt>
  <wpt lat="54.59359" lon="-3.03244">
    <ele>724.9412864539926</ele>
    <name>Clough Head</name>
  </wpt>
  <wpt lat="54.59071" lon="-3.03421">
    <ele>674.1762257247027</ele>
  </wpt>
  <wpt lat="54.58411" lon="-3.03642">
    <ele>618.0957403493139</ele>
    <name>LowP</name>
  </wpt>
  <wpt lat="54.57675" lon="-3.03094">
    <ele>720.1696828657191</ele>
  </wpt>
  <wpt lat="54.57591" lon="-3.01958">
    <ele>856.0721512179217</ele>
    <name>Great Dodd</name>
  </wpt>
  <wpt lat="54.5704" lon="-3.02202">
    <ele>788.2377058966674</ele>
  </wpt>
  <wpt lat="54.56816" lon="-3.02552">
    <ele>777.1034244047366</ele>
    <name>LowP</name>
  </wpt>
  <wpt lat="54.5669" lon="-3.0289">
    <ele>787.1305732779001</ele>
    <name>Watson&apos;s Dodd</name>
  </wpt>
  <wpt lat="54.56482" lon="-3.02128">
    <ele>774.9237772770346</ele>
    <name>LowP</name>
  </wpt>
  <wpt lat="54.56116" lon="-3.01764">
    <ele>843.3455779368305</ele>
    <name>Stybarrow Dodd</name>
  </wpt>
  <wpt lat="54.55466" lon="-3.01839">
    <ele>747.7681786639832</ele>
    <name>LowP</name>
  </wpt>
  <wpt lat="54.54768" lon="-3.0176">
    <ele>881.4587025643891</ele>
    <name>Raise</name>
  </wpt>
  <wpt lat="54.54293" lon="-3.02268">
    <ele>819.8890540782302</ele>
    <name>LowP</name>
  </wpt>
  <wpt lat="54.54094" lon="-3.02495">
    <ele>862.2489845229622</ele>
    <name>White Side</name>
  </wpt>
  <wpt lat="54.53666" lon="-3.024">
    <ele>791.2324243096618</ele>
    <name>LowP</name>
  </wpt>
  <wpt lat="54.53316" lon="-3.02459">
    <ele>846.2293462294558</ele>
  </wpt>
  <wpt lat="54.53083" lon="-3.02545">
    <ele>923.1123051533044</ele>
    <name>Helvellyn Lower Man</name>
  </wpt>
  <wpt lat="54.52911" lon="-3.02453">
    <ele>906.2133089161462</ele>
    <name>LowP</name>
  </wpt>
  <wpt lat="54.52697" lon="-3.01748">
    <ele>946.6176591039687</ele>
    <name>Helvellyn</name>
  </wpt>
  <wpt lat="54.52686" lon="-3.01742">
    <ele>945.0071997968057</ele>
  </wpt>
  <wpt lat="54.52097" lon="-3.01659">
    <ele>862.7065505408661</ele>
    <name>LowP</name>
  </wpt>
  <wpt lat="54.51902" lon="-3.01553">
    <ele>890.4954101870608</ele>
  </wpt>
  <wpt lat="54.51861" lon="-3.01518">
    <ele>890.4409310108616</ele>
    <name>Nethermost Pike</name>
  </wpt>
  <wpt lat="54.51826" lon="-3.0148">
    <ele>889.1200867979522</ele>
  </wpt>
  <wpt lat="54.51515" lon="-3.01677">
    <ele>872.2984002848536</ele>
  </wpt>
  <wpt lat="54.51357" lon="-3.01719">
    <ele>861.6558950804621</ele>
  </wpt>
  <wpt lat="54.51095" lon="-3.01529">
    <ele>808.2208013469349</ele>
    <name>LowP</name>
  </wpt>
  <wpt lat="54.50907" lon="-3.01514">
    <ele>834.4856947642955</ele>
  </wpt>
  <wpt lat="54.50861" lon="-3.01275">
    <ele>838.6512049288071</ele>
  </wpt>
  <wpt lat="54.50864" lon="-3.01124">
    <ele>853.178647520503</ele>
    <name>Dollywaggon Pike</name>
  </wpt>
  <wpt lat="54.49773" lon="-3.01116">
    <ele>569.0527779987715</ele>
    <name>LowP (Grisedale Tarn)</name>
  </wpt>
  <wpt lat="54.49704" lon="-2.99176">
    <ele>871.9602519389929</ele>
    <name>Fairfield</name>
  </wpt>
  <wpt lat="54.49605" lon="-3.0071">
    <ele>585.955678043752</ele>
    <name>LowP (Grisedale Hause)</name>
  </wpt>
  <wpt lat="54.49481" lon="-3.01439">
    <ele>735.0490130648514</ele>
    <name>Seat Sandal</name>
  </wpt>
  <wpt lat="54.49467" lon="-3.02337">
    <ele>637.7975955145776</ele>
  </wpt>
  <wpt lat="54.49527" lon="-3.03929">
    <ele>235.23000769708543</ele>
    <name>Dunmail Raise (Road Crossing)</name>
  </wpt>
  <wpt lat="54.49118" lon="-3.05218">
    <ele>551.0981639036769</ele>
    <name>Steel Fell</name>
  </wpt>
  <wpt lat="54.49189" lon="-3.05603">
    <ele>528.2383902864965</ele>
  </wpt>
  <wpt lat="54.49175" lon="-3.06638">
    <ele>478.3635802622624</ele>
  </wpt>
  <wpt lat="54.49025" lon="-3.07282">
    <ele>470.38250215024635</ele>
    <name>LowP</name>
  </wpt>
  <wpt lat="54.48979" lon="-3.07487">
    <ele>471.25416183021275</ele>
  </wpt>
  <wpt lat="54.48942" lon="-3.07492">
    <ele>471.12449475500114</ele>
  </wpt>
  <wpt lat="54.4842" lon="-3.07955">
    <ele>532.2188535280802</ele>
    <name>Calf Crag</name>
  </wpt>
  <wpt lat="54.48434" lon="-3.07968">
    <ele>534.2345106463881</ele>
  </wpt>
  <wpt lat="54.48228" lon="-3.08937">
    <ele>487.018100737542</ele>
    <name>LowP</name>
  </wpt>
  <wpt lat="54.47198" lon="-3.09771">
    <ele>724.3245330045462</ele>
  </wpt>
  <wpt lat="54.47169" lon="-3.09836">
    <ele>721.7419289238032</ele>
  </wpt>
  <wpt lat="54.47176" lon="-3.10051">
    <ele>713.4480870611054</ele>
  </wpt>
  <wpt lat="54.4711" lon="-3.10129">
    <ele>713.000578059345</ele>
  </wpt>
  <wpt lat="54.47084" lon="-3.10244">
    <ele>723.4940334663361</ele>
  </wpt>
  <wpt lat="54.47034" lon="-3.10263">
    <ele>731.1411626087922</ele>
    <name>Sergeant Man</name>
  </wpt>
  <wpt lat="54.47058" lon="-3.10303">
    <ele>726.470419338144</ele>
    <name>LowP</name>
  </wpt>
  <wpt lat="54.47608" lon="-3.1114">
    <ele>761.8397109934907</ele>
    <name>High Raise</name>
  </wpt>
  <wpt lat="54.46794" lon="-3.11313">
    <ele>676.2493139063755</ele>
    <name>LowP</name>
  </wpt>
  <wpt lat="54.46214" lon="-3.1127">
    <ele>720.2087788754703</ele>
    <name>Thunacar Knott</name>
  </wpt>
  <wpt lat="54.45925" lon="-3.11198">
    <ele>695.0639014365793</ele>
    <name>LowP</name>
  </wpt>
  <wpt lat="54.45685" lon="-3.10998">
    <ele>725.0015890865564</ele>
  </wpt>
  <wpt lat="54.45663" lon="-3.10945">
    <ele>731.4457891039739</ele>
  </wpt>
  <wpt lat="54.45687" lon="-3.10948">
    <ele>733.6134311487201</ele>
    <name>Harrison Stickle</name>
  </wpt>
  <wpt lat="54.45744" lon="-3.1114">
    <ele>700.9874528501657</ele>
  </wpt>
  <wpt lat="54.4565" lon="-3.11495">
    <ele>620.7624149934605</ele>
    <name>LowP</name>
  </wpt>
  <wpt lat="54.45651" lon="-3.11568">
    <ele>629.3760884736761</ele>
  </wpt>
  <wpt lat="54.45626" lon="-3.11679">
    <ele>636.2064241961888</ele>
  </wpt>
  <wpt lat="54.45641" lon="-3.12146">
    <ele>706.7579969921086</ele>
    <name>Pike of Stickle</name>
  </wpt>
  <wpt lat="54.46067" lon="-3.12422">
    <ele>617.2889916877032</ele>
  </wpt>
  <wpt lat="54.46279" lon="-3.12875">
    <ele>541.088918099239</ele>
  </wpt>
  <wpt lat="54.4635" lon="-3.1379">
    <ele>492.9826537713516</ele>
  </wpt>
  <wpt lat="54.464" lon="-3.1398">
    <ele>455.2740659518358</ele>
  </wpt>
  <wpt lat="54.46423" lon="-3.14135">
    <ele>437.67371549812714</ele>
  </wpt>
  <wpt lat="54.4635" lon="-3.14322">
    <ele>418.19815259180587</ele>
    <name>LowP (Stake Gill)</name>
  </wpt>
  <wpt lat="54.46174" lon="-3.15174">
    <ele>550.6086960056957</ele>
  </wpt>
  <wpt lat="54.46073" lon="-3.15255">
    <ele>574.6241145984313</ele>
  </wpt>
  <wpt lat="54.45794" lon="-3.1597">
    <ele>648.8638534594991</ele>
    <name>Rossett Pike</name>
  </wpt>
  <wpt lat="54.45749" lon="-3.16332">
    <ele>605.8999566617781</ele>
    <name>LowP (Angle Tarn)</name>
  </wpt>
  <wpt lat="54.44777" lon="-3.1663">
    <ele>898.4258805135794</ele>
    <name>Bowfell</name>
  </wpt>
  <wpt lat="54.45432" lon="-3.17312">
    <ele>771.6829279962412</ele>
    <name>LowP (Ore Gap)</name>
  </wpt>
  <wpt lat="54.45712" lon="-3.17932">
    <ele>881.1373555663796</ele>
    <name>Esk Pike</name>
  </wpt>
  <wpt lat="54.46196" lon="-3.18387">
    <ele>754.5492336621899</ele>
    <name>LowP (Esk Hause)</name>
  </wpt>
  <wpt lat="54.46307" lon="-3.19112">
    <ele>827.1152815535056</ele>
  </wpt>
  <wpt lat="54.46304" lon="-3.19207">
    <ele>842.259237845409</ele>
  </wpt>
  <wpt lat="54.46318" lon="-3.1928">
    <ele>858.1261130342302</ele>
  </wpt>
  <wpt lat="54.46423" lon="-3.19494">
    <ele>893.9577692821712</ele>
  </wpt>
  <wpt lat="54.4652" lon="-3.19492">
    <ele>906.8806083292017</ele>
  </wpt>
  <wpt lat="54.46552" lon="-3.19671">
    <ele>904.8997219579412</ele>
    <name>Great End</name>
    <desc>Route up to here and summit location are not very certain, could do with some checking in real life.</desc>
  </wpt>
  <wpt lat="54.46446" lon="-3.19624">
    <ele>899.8034351040976</ele>
  </wpt>
  <wpt lat="54.46156" lon="-3.19664">
    <ele>852.5600719059559</ele>
    <name>LowP</name>
  </wpt>
  <wpt lat="54.45661" lon="-3.19964">
    <ele>917.4957654364143</ele>
  </wpt>
  <wpt lat="54.45572" lon="-3.19951">
    <ele>923.9320762803287</ele>
  </wpt>
  <wpt lat="54.45563" lon="-3.19976">
    <ele>928.6096290745105</ele>
    <name>Ill Crag</name>
  </wpt>
  <wpt lat="54.45556" lon="-3.20033">
    <ele>926.2102931390643</ele>
  </wpt>
  <wpt lat="54.45714" lon="-3.20322">
    <ele>881.3176447414073</ele>
    <name>LowP</name>
  </wpt>
  <wpt lat="54.45723" lon="-3.20365">
    <ele>885.0166597754295</ele>
  </wpt>
  <wpt lat="54.4571" lon="-3.20582">
    <ele>914.6410574493264</ele>
  </wpt>
  <wpt lat="54.45742" lon="-3.20625">
    <ele>925.4401041659337</ele>
  </wpt>
  <wpt lat="54.45738" lon="-3.20682">
    <ele>931.519093984778</ele>
  </wpt>
  <wpt lat="54.45729" lon="-3.20701">
    <ele>930.5045319829228</ele>
    <name>Broad Crag</name>
    <desc>Exact summit location not very clear. Exact route also not very clear.</desc>
  </wpt>
  <wpt lat="54.45625" lon="-3.20896">
    <ele>877.0198175857165</ele>
    <name>LowP</name>
  </wpt>
  <wpt lat="54.45424" lon="-3.21162">
    <ele>977.1356631877865</ele>
    <name>Scafell Pike</name>
  </wpt>
  <wpt lat="54.4515" lon="-3.21941">
    <ele>829.6256528944805</ele>
  </wpt>
  <wpt lat="54.45138" lon="-3.21948">
    <ele>829.9899692690393</ele>
    <name>LowP (Mickledore)</name>
  </wpt>
  <wpt lat="54.45063" lon="-3.22043">
    <ele>861.2304523914579</ele>
  </wpt>
  <wpt lat="54.45063" lon="-3.22099">
    <ele>900.224492601367</ele>
  </wpt>
  <wpt lat="54.45041" lon="-3.22141">
    <ele>920.2483775256501</ele>
  </wpt>
  <wpt lat="54.45015" lon="-3.22144">
    <ele>928.5975791461105</ele>
  </wpt>
  <wpt lat="54.44969" lon="-3.22251">
    <ele>943.4248856652296</ele>
  </wpt>
  <wpt lat="54.44752" lon="-3.2248">
    <ele>961.5596915084151</ele>
    <name>Scafell</name>
  </wpt>
  <wpt lat="54.44784" lon="-3.22531">
    <ele>948.5168137345669</ele>
  </wpt>
  <wpt lat="54.4501" lon="-3.24238">
    <ele>544.6603385770427</ele>
  </wpt>
  <wpt lat="54.45052" lon="-3.2431">
    <ele>501.70733085050193</ele>
  </wpt>
  <wpt lat="54.45226" lon="-3.24407">
    <ele>388.56108621184796</ele>
  </wpt>
  <wpt lat="54.45493" lon="-3.24741">
    <ele>224.82638683421567</ele>
  </wpt>
  <wpt lat="54.4551" lon="-3.25885">
    <ele>87.52126001659435</ele>
  </wpt>
  <wpt lat="54.45567" lon="-3.26231">
    <ele>70.89458480063152</ele>
    <name>Wasdale (Road Crossing)</name>
  </wpt>
  <wpt lat="54.45691" lon="-3.26434">
    <ele>63.490231243926694</ele>
    <name>LowP (Wasdale)</name>
  </wpt>
  <wpt lat="54.45685" lon="-3.26602">
    <ele>65.37046372788029</ele>
  </wpt>
  <wpt lat="54.45717" lon="-3.26669">
    <ele>77.37081965511186</ele>
  </wpt>
  <wpt lat="54.45714" lon="-3.26873">
    <ele>108.82358998149289</ele>
  </wpt>
  <wpt lat="54.46485" lon="-3.27684">
    <ele>624.3295180037127</ele>
    <name>Yewbarrow</name>
  </wpt>
  <wpt lat="54.47421" lon="-3.27515">
    <ele>484.70117376708185</ele>
    <name>LowP</name>
  </wpt>
  <wpt lat="54.47463" lon="-3.27554">
    <ele>484.35922434280525</ele>
  </wpt>
  <wpt lat="54.48385" lon="-3.28993">
    <ele>823.5303450698536</ele>
    <name>Red Pike</name>
  </wpt>
  <wpt lat="54.48777" lon="-3.2952">
    <ele>762.1484628490376</ele>
    <name>LowP</name>
  </wpt>
  <wpt lat="54.4888" lon="-3.29766">
    <ele>793.3040866929083</ele>
  </wpt>
  <wpt lat="54.48914" lon="-3.29949">
    <ele>809.2475743831475</ele>
  </wpt>
  <wpt lat="54.48955" lon="-3.30029">
    <ele>816.4920123415662</ele>
  </wpt>
  <wpt lat="54.49028" lon="-3.301">
    <ele>829.2484933289176</ele>
  </wpt>
  <wpt lat="54.49118" lon="-3.30149">
    <ele>838.2110925073519</ele>
    <name>HigP (Scoat Fell Shoulder)</name>
  </wpt>
  <wpt lat="54.49283" lon="-3.30238">
    <ele>797.9414138502898</ele>
    <name>LowP (Steeple Out)</name>
  </wpt>
  <wpt lat="54.49335" lon="-3.30225">
    <ele>814.1242557067186</ele>
    <name>Steeple</name>
  </wpt>
  <wpt lat="54.49287" lon="-3.30237">
    <ele>796.4012661771553</ele>
    <name>LowP (Steeple Back)</name>
  </wpt>
  <wpt lat="54.49085" lon="-3.29914">
    <ele>841.1087514251473</ele>
    <name>HigP (Scoat Fell)</name>
  </wpt>
  <wpt lat="54.49416" lon="-3.28594">
    <ele>754.2221816177414</ele>
    <name>LowP (Wind Gap)</name>
  </wpt>
  <wpt lat="54.49741" lon="-3.28116">
    <ele>891.5350747975151</ele>
    <name>Pillar</name>
  </wpt>
  <wpt lat="54.49557" lon="-3.27316">
    <ele>775.634647872522</ele>
  </wpt>
  <wpt lat="54.49361" lon="-3.25559">
    <ele>578.0069784384604</ele>
  </wpt>
  <wpt lat="54.49155" lon="-3.2498">
    <ele>543.1235737465365</ele>
    <name>LowP (Black Sail Pass)</name>
  </wpt>
  <wpt lat="54.49017" lon="-3.2483">
    <ele>599.91412715925</ele>
  </wpt>
  <wpt lat="54.48968" lon="-3.24817">
    <ele>628.501982234705</ele>
  </wpt>
  <wpt lat="54.48907" lon="-3.24704">
    <ele>664.4745337948575</ele>
  </wpt>
  <wpt lat="54.48758" lon="-3.24677">
    <ele>725.8032348688375</ele>
  </wpt>
  <wpt lat="54.48331" lon="-3.24413">
    <ele>799.6763522996337</ele>
    <name>Kirk Fell</name>
  </wpt>
  <wpt lat="54.48507" lon="-3.22836">
    <ele>619.4871315153736</ele>
    <name>LowP (Beckhead Tarn)</name>
  </wpt>
  <wpt lat="54.48535" lon="-3.22427">
    <ele>672.1357805691672</ele>
  </wpt>
  <wpt lat="54.48213" lon="-3.21921">
    <ele>895.8996647833637</ele>
    <name>Great Gable</name>
    <desc>Alternative line going East off the summit between the paths, then North to Windy Gap is available, should check it out. Mapped NE path for now.</desc>
  </wpt>
  <wpt lat="54.48415" lon="-3.21441">
    <ele>751.1461579852712</ele>
    <name>LowP (Windy Gap)</name>
  </wpt>
  <wpt lat="54.48569" lon="-3.21375">
    <ele>798.6283017294955</ele>
    <name>Green Gable</name>
  </wpt>
  <wpt lat="54.48832" lon="-3.21261">
    <ele>746.0141928392844</ele>
  </wpt>
  <wpt lat="54.49264" lon="-3.21376">
    <ele>652.4236376429585</ele>
    <name>LowP</name>
  </wpt>
  <wpt lat="54.4966" lon="-3.21372">
    <ele>714.1549399318892</ele>
    <name>Brandreth</name>
  </wpt>
  <wpt lat="54.49962" lon="-3.21086">
    <ele>681.6482922375744</ele>
    <name>LowP</name>
  </wpt>
  <wpt lat="54.50061" lon="-3.20998">
    <ele>685.7478785050973</ele>
  </wpt>
  <wpt lat="54.50234" lon="-3.20823">
    <ele>690.7437749136265</ele>
  </wpt>
  <wpt lat="54.50276" lon="-3.20752">
    <ele>692.870608627709</ele>
    <name>Grey Knotts</name>
    <desc>Exact summit location unclear. Apparently there are two tops, the Eastern being higher.</desc>
  </wpt>
  <wpt lat="54.50317" lon="-3.20776">
    <ele>689.9350503619554</ele>
  </wpt>
  <wpt lat="54.5033" lon="-3.20746">
    <ele>684.1012802005514</ele>
  </wpt>
  <wpt lat="54.50412" lon="-3.20712">
    <ele>666.256131400521</ele>
  </wpt>
  <wpt lat="54.50455" lon="-3.20633">
    <ele>647.2226130714705</ele>
  </wpt>
  <wpt lat="54.50801" lon="-3.20543">
    <ele>517.1466661333257</ele>
  </wpt>
  <wpt lat="54.5111" lon="-3.20105">
    <ele>365.91485572336944</ele>
  </wpt>
  <wpt lat="54.51142" lon="-3.20019">
    <ele>355.83101233673926</ele>
  </wpt>
  <wpt lat="54.51135" lon="-3.19918">
    <ele>356.37863123760224</ele>
    <name>Honister Pass (Road Crossing)</name>
  </wpt>
  <wpt lat="54.5117" lon="-3.1984">
    <ele>365.1247852170885</ele>
  </wpt>
  <wpt lat="54.51297" lon="-3.1986">
    <ele>405.2064882527455</ele>
  </wpt>
  <wpt lat="54.5177" lon="-3.19786">
    <ele>548.0791104851227</ele>
  </wpt>
  <wpt lat="54.5195" lon="-3.19804">
    <ele>597.3622930902877</ele>
  </wpt>
  <wpt lat="54.52277" lon="-3.19998">
    <ele>663.9685386367054</ele>
  </wpt>
  <wpt lat="54.52702" lon="-3.20183">
    <ele>751.0510162685605</ele>
    <name>Dale Head</name>
  </wpt>
  <wpt lat="54.53081" lon="-3.21461">
    <ele>657.4915485473474</ele>
    <name>LowP</name>
  </wpt>
  <wpt lat="54.53263" lon="-3.21507">
    <ele>672.8645475362162</ele>
  </wpt>
  <wpt lat="54.5378" lon="-3.21367">
    <ele>725.9970993172614</ele>
    <name>Hindscarth</name>
  </wpt>
  <wpt lat="54.53445" lon="-3.22644">
    <ele>571.7563330964279</ele>
    <name>LowP</name>
  </wpt>
  <wpt lat="54.54079" lon="-3.23517">
    <ele>736.5607144743394</ele>
    <name>Robinson</name>
  </wpt>
  <wpt lat="54.54184" lon="-3.23233">
    <ele>730.9986787893681</ele>
  </wpt>
  <wpt lat="54.54963" lon="-3.21866">
    <ele>422.527179282465</ele>
  </wpt>
  <wpt lat="54.54997" lon="-3.21456">
    <ele>301.35249391719384</ele>
    <name>FlatP</name>
  </wpt>
  <wpt lat="54.55494" lon="-3.2093">
    <ele>234.55180559364058</ele>
  </wpt>
  <wpt lat="54.55949" lon="-3.20391">
    <ele>219.85579392294417</ele>
  </wpt>
  <wpt lat="54.56529" lon="-3.18599">
    <ele>168.5314045107384</ele>
  </wpt>
  <wpt lat="54.58094" lon="-3.18146">
    <ele>94.83246025128156</ele>
    <name>FlatP</name>
  </wpt>
  <wpt lat="54.58532" lon="-3.17297">
    <ele>114.52034728678636</ele>
  </wpt>
  <wpt lat="54.59397" lon="-3.16146">
    <ele>90.34604444672048</ele>
  </wpt>
  <wpt lat="54.59543" lon="-3.1589">
    <ele>77.126524203883</ele>
  </wpt>
  <wpt lat="54.60156" lon="-3.15934">
    <ele>82.2068306938759</ele>
  </wpt>
  <wpt lat="54.60323" lon="-3.15719">
    <ele>77.19594290112887</ele>
  </wpt>
  <wpt lat="54.60454" lon="-3.15598">
    <ele>76.20885868767388</ele>
  </wpt>
  <wpt lat="54.60468" lon="-3.15404">
    <ele>75.70794000784944</ele>
  </wpt>
  <wpt lat="54.6036" lon="-3.14268">
    <ele>77.14903193008936</ele>
  </wpt>
  <wpt lat="54.60076" lon="-3.13741">
    <ele>84.04493711700076</ele>
  </wpt>
  <trk>
    <name>Bob Graham - Luke&apos;s Version</name>
    <trkseg>
      <trkpt lat="54.60085" lon="-3.13728">
        <ele>84.34508314561751</ele>
      </trkpt>
      <trkpt lat="54.60102" lon="-3.1376">
        <ele>83.16759632056629</ele>
      </trkpt>
      <trkpt lat="54.60134" lon="-3.13696">
        <ele>82.25976027410073</ele>
      </trkpt>
      <trkpt lat="54.60174" lon="-3.13751">
        <ele>81.50379197191391</ele>
      </trkpt>
      <trkpt lat="54.6019" lon="-3.1372">
        <ele>81.40664020989682</ele>
      </trkpt>
      <trkpt lat="54.60181" lon="-3.13694">
        <ele>81.7651045050603</ele>
      </trkpt>
      <trkpt lat="54.6019" lon="-3.13683">
        <ele>81.95228582909512</ele>
      </trkpt>
      <trkpt lat="54.60189" lon="-3.1368">
        <ele>81.97639999520702</ele>
      </trkpt>
      <trkpt lat="54.60197" lon="-3.13672">
        <ele>82.06982831679983</ele>
      </trkpt>
      <trkpt lat="54.60201" lon="-3.13684">
        <ele>81.95290951485973</ele>
      </trkpt>
      <trkpt lat="54.60206" lon="-3.13686">
        <ele>81.96874150122856</ele>
      </trkpt>
      <trkpt lat="54.60209" lon="-3.13695">
        <ele>81.89671551868298</ele>
      </trkpt>
      <trkpt lat="54.60234" lon="-3.13667">
        <ele>82.44227730245174</ele>
      </trkpt>
      <trkpt lat="54.60256" lon="-3.13653">
        <ele>82.71045258035436</ele>
      </trkpt>
      <trkpt lat="54.60267" lon="-3.13703">
        <ele>86.1744769684975</ele>
      </trkpt>
      <trkpt lat="54.60297" lon="-3.13688">
        <ele>84.12436594580993</ele>
      </trkpt>
      <trkpt lat="54.60313" lon="-3.13694">
        <ele>84.228835702422</ele>
      </trkpt>
      <trkpt lat="54.60315" lon="-3.13691">
        <ele>83.35882262883595</ele>
      </trkpt>
      <trkpt lat="54.60324" lon="-3.13696">
        <ele>82.4680112962405</ele>
      </trkpt>
      <trkpt lat="54.60333" lon="-3.1369">
        <ele>79.91962618247977</ele>
      </trkpt>
      <trkpt lat="54.6034" lon="-3.13672">
        <ele>79.98855343613747</ele>
      </trkpt>
      <trkpt lat="54.60346" lon="-3.13662">
        <ele>81.041757616377</ele>
      </trkpt>
      <trkpt lat="54.60441" lon="-3.13811">
        <ele>80.12999842370539</ele>
      </trkpt>
      <trkpt lat="54.60457" lon="-3.13807">
        <ele>80.36611937163616</ele>
      </trkpt>
      <trkpt lat="54.60499" lon="-3.13773">
        <ele>79.93525240343567</ele>
      </trkpt>
      <trkpt lat="54.60513" lon="-3.13757">
        <ele>79.96225761216454</ele>
      </trkpt>
      <trkpt lat="54.60517" lon="-3.13749">
        <ele>79.95584883550958</ele>
      </trkpt>
      <trkpt lat="54.60522" lon="-3.13721">
        <ele>80.21305631107235</ele>
      </trkpt>
      <trkpt lat="54.60536" lon="-3.13721">
        <ele>82.84876456769386</ele>
      </trkpt>
      <trkpt lat="54.60546" lon="-3.13717">
        <ele>85.13464764180385</ele>
      </trkpt>
      <trkpt lat="54.60563" lon="-3.13701">
        <ele>85.45434416443507</ele>
      </trkpt>
      <trkpt lat="54.6058" lon="-3.13679">
        <ele>84.28494655482339</ele>
      </trkpt>
      <trkpt lat="54.60591" lon="-3.13675">
        <ele>83.90426053842239</ele>
      </trkpt>
      <trkpt lat="54.60601" lon="-3.13679">
        <ele>83.86971661889409</ele>
      </trkpt>
      <trkpt lat="54.60687" lon="-3.13786">
        <ele>81.15959628887173</ele>
      </trkpt>
      <trkpt lat="54.60708" lon="-3.13806">
        <ele>83.08377771781358</ele>
      </trkpt>
      <trkpt lat="54.60701" lon="-3.13768">
        <ele>86.48973427493111</ele>
      </trkpt>
      <trkpt lat="54.60709" lon="-3.13761">
        <ele>84.98437945570642</ele>
      </trkpt>
      <trkpt lat="54.60703" lon="-3.13644">
        <ele>85.1432334520492</ele>
      </trkpt>
      <trkpt lat="54.60698" lon="-3.13588">
        <ele>87.63887713005981</ele>
      </trkpt>
      <trkpt lat="54.6069" lon="-3.13538">
        <ele>90.5426983379445</ele>
      </trkpt>
      <trkpt lat="54.60695" lon="-3.13533">
        <ele>89.87402987127047</ele>
      </trkpt>
      <trkpt lat="54.60924" lon="-3.13143">
        <ele>110.63624958174685</ele>
      </trkpt>
      <trkpt lat="54.60937" lon="-3.13119">
        <ele>113.28803727452178</ele>
      </trkpt>
      <trkpt lat="54.60956" lon="-3.13063">
        <ele>118.08063245029123</ele>
      </trkpt>
      <trkpt lat="54.60964" lon="-3.13045">
        <ele>120.31817535108938</ele>
      </trkpt>
      <trkpt lat="54.61013" lon="-3.12959">
        <ele>138.29654358438466</ele>
      </trkpt>
      <trkpt lat="54.61052" lon="-3.12903">
        <ele>151.6573289124263</ele>
      </trkpt>
      <trkpt lat="54.61067" lon="-3.1289">
        <ele>155.32221723945776</ele>
      </trkpt>
      <trkpt lat="54.61113" lon="-3.12867">
        <ele>161.56707894204382</ele>
      </trkpt>
      <trkpt lat="54.61151" lon="-3.12856">
        <ele>166.49081246724688</ele>
      </trkpt>
      <trkpt lat="54.61158" lon="-3.1285">
        <ele>168.2281766552686</ele>
      </trkpt>
      <trkpt lat="54.61181" lon="-3.1284">
        <ele>172.91236216673263</ele>
      </trkpt>
      <trkpt lat="54.6121" lon="-3.12822">
        <ele>179.17002878334083</ele>
      </trkpt>
      <trkpt lat="54.6125" lon="-3.12786">
        <ele>188.24600122421626</ele>
      </trkpt>
      <trkpt lat="54.61256" lon="-3.12773">
        <ele>190.947470898787</ele>
      </trkpt>
      <trkpt lat="54.61264" lon="-3.12746">
        <ele>196.10074603212715</ele>
      </trkpt>
      <trkpt lat="54.61274" lon="-3.12728">
        <ele>197.07745182211218</ele>
      </trkpt>
      <trkpt lat="54.61279" lon="-3.12724">
        <ele>196.13305950311076</ele>
      </trkpt>
      <trkpt lat="54.61282" lon="-3.12725">
        <ele>194.67100214381736</ele>
      </trkpt>
      <trkpt lat="54.61286" lon="-3.12736">
        <ele>191.7948443952937</ele>
      </trkpt>
      <trkpt lat="54.61289" lon="-3.1276">
        <ele>190.25921334296655</ele>
      </trkpt>
      <trkpt lat="54.61297" lon="-3.12758">
        <ele>193.95682536181747</ele>
      </trkpt>
      <trkpt lat="54.61304" lon="-3.12748">
        <ele>197.28586276853903</ele>
      </trkpt>
      <trkpt lat="54.61313" lon="-3.12725">
        <ele>199.35925723981885</ele>
      </trkpt>
      <trkpt lat="54.61347" lon="-3.12674">
        <ele>206.07518217875239</ele>
      </trkpt>
      <trkpt lat="54.61367" lon="-3.12654">
        <ele>209.2857690321319</ele>
      </trkpt>
      <trkpt lat="54.61377" lon="-3.12635">
        <ele>211.97346851152332</ele>
      </trkpt>
      <trkpt lat="54.6141" lon="-3.12563">
        <ele>217.98071711820236</ele>
      </trkpt>
      <trkpt lat="54.61429" lon="-3.12517">
        <ele>219.5140283414809</ele>
      </trkpt>
      <trkpt lat="54.61442" lon="-3.12479">
        <ele>221.9715103402407</ele>
      </trkpt>
      <trkpt lat="54.61451" lon="-3.12461">
        <ele>222.68118134459405</ele>
      </trkpt>
      <trkpt lat="54.61476" lon="-3.12432">
        <ele>225.25512105810918</ele>
      </trkpt>
      <trkpt lat="54.61481" lon="-3.1243">
        <ele>224.4401112200233</ele>
      </trkpt>
      <trkpt lat="54.61485" lon="-3.12434">
        <ele>222.59220025186914</ele>
      </trkpt>
      <trkpt lat="54.61493" lon="-3.12465">
        <ele>221.78406120757904</ele>
      </trkpt>
      <trkpt lat="54.61505" lon="-3.12478">
        <ele>223.3500937169678</ele>
      </trkpt>
      <trkpt lat="54.61513" lon="-3.12498">
        <ele>224.02368097648952</ele>
      </trkpt>
      <trkpt lat="54.61534" lon="-3.12536">
        <ele>226.76525185239592</ele>
      </trkpt>
      <trkpt lat="54.61545" lon="-3.12537">
        <ele>229.16019163402842</ele>
      </trkpt>
      <trkpt lat="54.61562" lon="-3.12528">
        <ele>230.75495317484857</ele>
      </trkpt>
      <trkpt lat="54.61601" lon="-3.12526">
        <ele>233.9228399829201</ele>
      </trkpt>
      <trkpt lat="54.61614" lon="-3.12521">
        <ele>235.15237227512955</ele>
      </trkpt>
      <trkpt lat="54.61623" lon="-3.12513">
        <ele>236.09114714052748</ele>
      </trkpt>
      <trkpt lat="54.61638" lon="-3.12495">
        <ele>237.65365800658003</ele>
      </trkpt>
      <trkpt lat="54.6167" lon="-3.12442">
        <ele>242.12559761865873</ele>
      </trkpt>
      <trkpt lat="54.61728" lon="-3.12307">
        <ele>251.34796620115895</ele>
      </trkpt>
      <trkpt lat="54.6182" lon="-3.12035">
        <ele>266.12788686226855</ele>
      </trkpt>
      <trkpt lat="54.61832" lon="-3.11979">
        <ele>267.33682372602965</ele>
      </trkpt>
      <trkpt lat="54.61838" lon="-3.11906">
        <ele>269.78206946357153</ele>
      </trkpt>
      <trkpt lat="54.61838" lon="-3.11849">
        <ele>271.61507188778194</ele>
      </trkpt>
      <trkpt lat="54.61834" lon="-3.11782">
        <ele>274.40858177190876</ele>
      </trkpt>
      <trkpt lat="54.61832" lon="-3.11764">
        <ele>275.03744454223073</ele>
      </trkpt>
      <trkpt lat="54.61827" lon="-3.11738">
        <ele>275.95981119328513</ele>
      </trkpt>
      <trkpt lat="54.61817" lon="-3.1171">
        <ele>278.2965760219256</ele>
      </trkpt>
      <trkpt lat="54.61814" lon="-3.11692">
        <ele>278.2185767497461</ele>
      </trkpt>
      <trkpt lat="54.61814" lon="-3.11672">
        <ele>277.99356272803544</ele>
      </trkpt>
      <trkpt lat="54.61811" lon="-3.11661">
        <ele>278.1645965451801</ele>
      </trkpt>
      <trkpt lat="54.61799" lon="-3.11636">
        <ele>279.2552849780515</ele>
      </trkpt>
      <trkpt lat="54.61799" lon="-3.11628">
        <ele>281.36860368660416</ele>
      </trkpt>
      <trkpt lat="54.618" lon="-3.11622">
        <ele>283.43304071407493</ele>
      </trkpt>
      <trkpt lat="54.61803" lon="-3.11618">
        <ele>284.6467918122898</ele>
      </trkpt>
      <trkpt lat="54.61811" lon="-3.11614">
        <ele>285.58061927143746</ele>
      </trkpt>
      <trkpt lat="54.61822" lon="-3.11613">
        <ele>286.6280047407138</ele>
      </trkpt>
      <trkpt lat="54.61838" lon="-3.11621">
        <ele>287.3582598623589</ele>
      </trkpt>
      <trkpt lat="54.61841" lon="-3.11619">
        <ele>288.58315113313523</ele>
      </trkpt>
      <trkpt lat="54.61842" lon="-3.11614">
        <ele>289.50909491183324</ele>
      </trkpt>
      <trkpt lat="54.6184" lon="-3.11558">
        <ele>294.6295917722759</ele>
      </trkpt>
      <trkpt lat="54.6184" lon="-3.11555">
        <ele>294.7793551448133</ele>
      </trkpt>
      <trkpt lat="54.61801" lon="-3.11521">
        <ele>297.9035227767439</ele>
      </trkpt>
      <trkpt lat="54.61798" lon="-3.11519">
        <ele>297.77851097599665</ele>
      </trkpt>
      <trkpt lat="54.618" lon="-3.11516">
        <ele>297.93878811743826</ele>
      </trkpt>
      <trkpt lat="54.61797" lon="-3.11513">
        <ele>297.8281356655269</ele>
      </trkpt>
      <trkpt lat="54.61963" lon="-3.1122">
        <ele>304.41931769980005</ele>
      </trkpt>
      <trkpt lat="54.62017" lon="-3.11212">
        <ele>304.829941292965</ele>
      </trkpt>
      <trkpt lat="54.62093" lon="-3.11264">
        <ele>321.33184782596106</ele>
      </trkpt>
      <trkpt lat="54.62275" lon="-3.11398">
        <ele>334.1688465916509</ele>
      </trkpt>
      <trkpt lat="54.6228" lon="-3.11399">
        <ele>334.2924590428204</ele>
      </trkpt>
      <trkpt lat="54.62289" lon="-3.11401">
        <ele>334.1935967552959</ele>
      </trkpt>
      <trkpt lat="54.6231" lon="-3.11394">
        <ele>330.4528150282505</ele>
      </trkpt>
      <trkpt lat="54.62326" lon="-3.11403">
        <ele>329.41917305832993</ele>
      </trkpt>
      <trkpt lat="54.62357" lon="-3.11407">
        <ele>329.38386988446473</ele>
      </trkpt>
      <trkpt lat="54.62378" lon="-3.11415">
        <ele>334.26383771833287</ele>
      </trkpt>
      <trkpt lat="54.624" lon="-3.11409">
        <ele>341.62687792736597</ele>
      </trkpt>
      <trkpt lat="54.62427" lon="-3.11397">
        <ele>349.22380471422605</ele>
      </trkpt>
      <trkpt lat="54.62438" lon="-3.11401">
        <ele>351.71600943069376</ele>
      </trkpt>
      <trkpt lat="54.62447" lon="-3.11408">
        <ele>353.4658109778642</ele>
      </trkpt>
      <trkpt lat="54.62456" lon="-3.11417">
        <ele>355.84855699679593</ele>
      </trkpt>
      <trkpt lat="54.62465" lon="-3.11436">
        <ele>359.54713025936104</ele>
      </trkpt>
      <trkpt lat="54.62474" lon="-3.11463">
        <ele>364.41274536535525</ele>
      </trkpt>
      <trkpt lat="54.6248" lon="-3.11498">
        <ele>369.8081584127856</ele>
      </trkpt>
      <trkpt lat="54.62487" lon="-3.11511">
        <ele>373.03854922422477</ele>
      </trkpt>
      <trkpt lat="54.62516" lon="-3.11538">
        <ele>383.05994115848875</ele>
      </trkpt>
      <trkpt lat="54.62529" lon="-3.11559">
        <ele>387.8771503077978</ele>
      </trkpt>
      <trkpt lat="54.62536" lon="-3.11566">
        <ele>390.7925252058606</ele>
      </trkpt>
      <trkpt lat="54.62555" lon="-3.11567">
        <ele>395.4226304043406</ele>
      </trkpt>
      <trkpt lat="54.62594" lon="-3.11587">
        <ele>406.35258722302876</ele>
      </trkpt>
      <trkpt lat="54.626" lon="-3.11595">
        <ele>408.873526558146</ele>
      </trkpt>
      <trkpt lat="54.62603" lon="-3.11602">
        <ele>411.2435871308269</ele>
      </trkpt>
      <trkpt lat="54.62611" lon="-3.11632">
        <ele>418.4194184159051</ele>
      </trkpt>
      <trkpt lat="54.62627" lon="-3.11664">
        <ele>425.6548602284813</ele>
      </trkpt>
      <trkpt lat="54.62645" lon="-3.11692">
        <ele>431.7607835319836</ele>
      </trkpt>
      <trkpt lat="54.62658" lon="-3.11704">
        <ele>436.12588634372105</ele>
      </trkpt>
      <trkpt lat="54.62668" lon="-3.11719">
        <ele>439.9426994289421</ele>
      </trkpt>
      <trkpt lat="54.62673" lon="-3.11723">
        <ele>441.748937423697</ele>
      </trkpt>
      <trkpt lat="54.62687" lon="-3.11722">
        <ele>446.00954686123737</ele>
      </trkpt>
      <trkpt lat="54.62696" lon="-3.1172">
        <ele>449.11366892940174</ele>
      </trkpt>
      <trkpt lat="54.627" lon="-3.11723">
        <ele>450.8317903870073</ele>
      </trkpt>
      <trkpt lat="54.62704" lon="-3.11736">
        <ele>452.8086070928895</ele>
      </trkpt>
      <trkpt lat="54.6271" lon="-3.11745">
        <ele>455.7933078686003</ele>
      </trkpt>
      <trkpt lat="54.62719" lon="-3.11745">
        <ele>458.81260417288365</ele>
      </trkpt>
      <trkpt lat="54.62729" lon="-3.1174">
        <ele>462.2024311016016</ele>
      </trkpt>
      <trkpt lat="54.62736" lon="-3.11741">
        <ele>464.6442244658516</ele>
      </trkpt>
      <trkpt lat="54.62758" lon="-3.11766">
        <ele>471.90856159839524</ele>
      </trkpt>
      <trkpt lat="54.6277" lon="-3.11772">
        <ele>476.094743840159</ele>
      </trkpt>
      <trkpt lat="54.6278" lon="-3.11795">
        <ele>479.4195425629842</ele>
      </trkpt>
      <trkpt lat="54.62789" lon="-3.11803">
        <ele>482.87484563000953</ele>
      </trkpt>
      <trkpt lat="54.62807" lon="-3.11807">
        <ele>488.57852336134994</ele>
      </trkpt>
      <trkpt lat="54.62815" lon="-3.11817">
        <ele>491.094035509858</ele>
      </trkpt>
      <trkpt lat="54.62824" lon="-3.11825">
        <ele>494.20112741352546</ele>
      </trkpt>
      <trkpt lat="54.62863" lon="-3.11849">
        <ele>506.75945684762047</ele>
      </trkpt>
      <trkpt lat="54.62897" lon="-3.11878">
        <ele>518.973064363841</ele>
      </trkpt>
      <trkpt lat="54.62926" lon="-3.11886">
        <ele>527.7476408994033</ele>
      </trkpt>
      <trkpt lat="54.62935" lon="-3.11893">
        <ele>530.8434214239176</ele>
      </trkpt>
      <trkpt lat="54.62941" lon="-3.11907">
        <ele>533.5532106538478</ele>
      </trkpt>
      <trkpt lat="54.62988" lon="-3.11857">
        <ele>548.5986181390956</ele>
      </trkpt>
      <trkpt lat="54.63" lon="-3.11881">
        <ele>553.9676592644081</ele>
      </trkpt>
      <trkpt lat="54.6301" lon="-3.11891">
        <ele>558.3083791797415</ele>
      </trkpt>
      <trkpt lat="54.63022" lon="-3.11921">
        <ele>564.1096244803887</ele>
      </trkpt>
      <trkpt lat="54.63043" lon="-3.11951">
        <ele>572.7474799597503</ele>
      </trkpt>
      <trkpt lat="54.63049" lon="-3.11954">
        <ele>575.1586382380659</ele>
      </trkpt>
      <trkpt lat="54.63074" lon="-3.11932">
        <ele>584.3683748776878</ele>
      </trkpt>
      <trkpt lat="54.63091" lon="-3.1191">
        <ele>588.7661583451159</ele>
      </trkpt>
      <trkpt lat="54.63107" lon="-3.11904">
        <ele>593.3095575635081</ele>
      </trkpt>
      <trkpt lat="54.6312" lon="-3.11904">
        <ele>597.3669356263788</ele>
      </trkpt>
      <trkpt lat="54.63131" lon="-3.11917">
        <ele>602.1713714008936</ele>
      </trkpt>
      <trkpt lat="54.63137" lon="-3.11919">
        <ele>604.0797719047152</ele>
      </trkpt>
      <trkpt lat="54.6316" lon="-3.11919">
        <ele>610.8052321188255</ele>
      </trkpt>
      <trkpt lat="54.63174" lon="-3.11916">
        <ele>614.8590310392101</ele>
      </trkpt>
      <trkpt lat="54.63187" lon="-3.11919">
        <ele>619.7137100350889</ele>
      </trkpt>
      <trkpt lat="54.63196" lon="-3.11929">
        <ele>623.8824917702393</ele>
      </trkpt>
      <trkpt lat="54.63208" lon="-3.11981">
        <ele>630.8715862466009</ele>
      </trkpt>
      <trkpt lat="54.63222" lon="-3.12032">
        <ele>638.2040184265504</ele>
      </trkpt>
      <trkpt lat="54.63244" lon="-3.12091">
        <ele>645.7367290459886</ele>
      </trkpt>
      <trkpt lat="54.6326" lon="-3.12127">
        <ele>650.514525034482</ele>
      </trkpt>
      <trkpt lat="54.63265" lon="-3.1217">
        <ele>653.7204189567433</ele>
      </trkpt>
      <trkpt lat="54.6327" lon="-3.12232">
        <ele>658.101119155638</ele>
      </trkpt>
      <trkpt lat="54.63279" lon="-3.1231">
        <ele>663.0718187329123</ele>
      </trkpt>
      <trkpt lat="54.63288" lon="-3.1234">
        <ele>665.7446066925658</ele>
      </trkpt>
      <trkpt lat="54.63325" lon="-3.12412">
        <ele>671.5932388005713</ele>
      </trkpt>
      <trkpt lat="54.63349" lon="-3.12454">
        <ele>672.8197329707465</ele>
      </trkpt>
      <trkpt lat="54.63373" lon="-3.12467">
        <ele>674.544613915082</ele>
      </trkpt>
      <trkpt lat="54.63392" lon="-3.12491">
        <ele>675.3836341976989</ele>
      </trkpt>
      <trkpt lat="54.63451" lon="-3.12588">
        <ele>686.1079913789347</ele>
      </trkpt>
      <trkpt lat="54.63505" lon="-3.12685">
        <ele>697.1771356706986</ele>
      </trkpt>
      <trkpt lat="54.63544" lon="-3.12736">
        <ele>704.9352296817499</ele>
      </trkpt>
      <trkpt lat="54.63569" lon="-3.12777">
        <ele>709.8203656833381</ele>
      </trkpt>
      <trkpt lat="54.63623" lon="-3.12844">
        <ele>716.5984475486813</ele>
      </trkpt>
      <trkpt lat="54.6365" lon="-3.12875">
        <ele>721.2416286364721</ele>
      </trkpt>
      <trkpt lat="54.63672" lon="-3.12904">
        <ele>725.7099209668013</ele>
      </trkpt>
      <trkpt lat="54.63705" lon="-3.12932">
        <ele>730.5865193160015</ele>
      </trkpt>
      <trkpt lat="54.63728" lon="-3.1297">
        <ele>734.1314279554334</ele>
      </trkpt>
      <trkpt lat="54.63748" lon="-3.12989">
        <ele>736.6022962324287</ele>
      </trkpt>
      <trkpt lat="54.63761" lon="-3.13007">
        <ele>738.297139809282</ele>
      </trkpt>
      <trkpt lat="54.63788" lon="-3.13029">
        <ele>740.8776705915919</ele>
      </trkpt>
      <trkpt lat="54.63893" lon="-3.13181">
        <ele>746.9801350968622</ele>
      </trkpt>
      <trkpt lat="54.63918" lon="-3.13209">
        <ele>745.9789124997753</ele>
      </trkpt>
      <trkpt lat="54.63968" lon="-3.13274">
        <ele>747.4718564200259</ele>
      </trkpt>
      <trkpt lat="54.64002" lon="-3.13302">
        <ele>748.0324226451039</ele>
      </trkpt>
      <trkpt lat="54.64022" lon="-3.13324">
        <ele>751.5911841398706</ele>
      </trkpt>
      <trkpt lat="54.64103" lon="-3.13364">
        <ele>755.8341738874648</ele>
      </trkpt>
      <trkpt lat="54.64144" lon="-3.13379">
        <ele>757.5100245357704</ele>
      </trkpt>
      <trkpt lat="54.64234" lon="-3.1344">
        <ele>764.3644748661457</ele>
      </trkpt>
      <trkpt lat="54.64252" lon="-3.13458">
        <ele>765.0483498614702</ele>
      </trkpt>
      <trkpt lat="54.64276" lon="-3.13497">
        <ele>765.9319419912038</ele>
      </trkpt>
      <trkpt lat="54.64299" lon="-3.13547">
        <ele>768.7709371713265</ele>
      </trkpt>
      <trkpt lat="54.64316" lon="-3.13596">
        <ele>771.4219871875724</ele>
      </trkpt>
      <trkpt lat="54.64332" lon="-3.1365">
        <ele>773.9017261353695</ele>
      </trkpt>
      <trkpt lat="54.64344" lon="-3.13677">
        <ele>775.0144792009959</ele>
      </trkpt>
      <trkpt lat="54.64367" lon="-3.1376">
        <ele>779.5133738431707</ele>
      </trkpt>
      <trkpt lat="54.64396" lon="-3.13818">
        <ele>784.3222768745925</ele>
      </trkpt>
      <trkpt lat="54.64404" lon="-3.13844">
        <ele>786.7921994311962</ele>
      </trkpt>
      <trkpt lat="54.64417" lon="-3.13874">
        <ele>790.1797781120038</ele>
      </trkpt>
      <trkpt lat="54.64422" lon="-3.13891">
        <ele>791.9637005603172</ele>
      </trkpt>
      <trkpt lat="54.64427" lon="-3.13925">
        <ele>796.3227970729178</ele>
      </trkpt>
      <trkpt lat="54.64434" lon="-3.14009">
        <ele>806.9950443996436</ele>
      </trkpt>
      <trkpt lat="54.64448" lon="-3.14065">
        <ele>814.7828740452802</ele>
      </trkpt>
      <trkpt lat="54.64457" lon="-3.141">
        <ele>820.6175860001136</ele>
      </trkpt>
      <trkpt lat="54.64459" lon="-3.14135">
        <ele>826.0445453466047</ele>
      </trkpt>
      <trkpt lat="54.64463" lon="-3.14154">
        <ele>829.1484094930773</ele>
      </trkpt>
      <trkpt lat="54.64466" lon="-3.1423">
        <ele>841.8848376649073</ele>
      </trkpt>
      <trkpt lat="54.64472" lon="-3.14269">
        <ele>848.713341358154</ele>
      </trkpt>
      <trkpt lat="54.6448" lon="-3.14294">
        <ele>853.189259784891</ele>
      </trkpt>
      <trkpt lat="54.64492" lon="-3.14315">
        <ele>857.1231177280368</ele>
      </trkpt>
      <trkpt lat="54.64499" lon="-3.14338">
        <ele>860.3995407415741</ele>
      </trkpt>
      <trkpt lat="54.64512" lon="-3.144">
        <ele>869.5484008682673</ele>
      </trkpt>
      <trkpt lat="54.64519" lon="-3.14417">
        <ele>871.9816956677715</ele>
      </trkpt>
      <trkpt lat="54.6453" lon="-3.1443">
        <ele>874.9872429550393</ele>
      </trkpt>
      <trkpt lat="54.64564" lon="-3.14491">
        <ele>883.4345034534833</ele>
      </trkpt>
      <trkpt lat="54.64608" lon="-3.14606">
        <ele>901.0587553678893</ele>
      </trkpt>
      <trkpt lat="54.64635" lon="-3.14655">
        <ele>908.8933816615955</ele>
      </trkpt>
      <trkpt lat="54.6464" lon="-3.14678">
        <ele>912.951695229696</ele>
      </trkpt>
      <trkpt lat="54.64654" lon="-3.14711">
        <ele>918.8528013138023</ele>
      </trkpt>
      <trkpt lat="54.64683" lon="-3.14748">
        <ele>924.1385782900408</ele>
      </trkpt>
      <trkpt lat="54.64694" lon="-3.14752">
        <ele>924.6329736738471</ele>
      </trkpt>
      <trkpt lat="54.64778" lon="-3.14759">
        <ele>922.0844552211254</ele>
      </trkpt>
      <trkpt lat="54.64841" lon="-3.14746">
        <ele>925.0527966907166</ele>
      </trkpt>
      <trkpt lat="54.64879" lon="-3.14744">
        <ele>926.8294225835143</ele>
      </trkpt>
      <trkpt lat="54.64904" lon="-3.14748">
        <ele>927.9297957520093</ele>
      </trkpt>
      <trkpt lat="54.6492" lon="-3.14746">
        <ele>928.1980601147987</ele>
      </trkpt>
      <trkpt lat="54.64948" lon="-3.14734">
        <ele>926.1082151316774</ele>
      </trkpt>
      <trkpt lat="54.64967" lon="-3.14729">
        <ele>923.6354024640152</ele>
      </trkpt>
      <trkpt lat="54.64988" lon="-3.14727">
        <ele>920.402308166711</ele>
      </trkpt>
      <trkpt lat="54.64996" lon="-3.14728">
        <ele>919.4273953515208</ele>
      </trkpt>
      <trkpt lat="54.65008" lon="-3.14744">
        <ele>919.4721408606332</ele>
      </trkpt>
      <trkpt lat="54.65015" lon="-3.1475">
        <ele>918.8397473941722</ele>
      </trkpt>
      <trkpt lat="54.65095" lon="-3.14761">
        <ele>923.1494877510966</ele>
      </trkpt>
      <trkpt lat="54.65119" lon="-3.1477">
        <ele>926.6118993795418</ele>
      </trkpt>
      <trkpt lat="54.65125" lon="-3.14768">
        <ele>927.0126382180334</ele>
      </trkpt>
      <trkpt lat="54.65131" lon="-3.14769">
        <ele>927.6918386154106</ele>
      </trkpt>
      <trkpt lat="54.65138" lon="-3.14776">
        <ele>929.3085779735547</ele>
      </trkpt>
      <trkpt lat="54.65147" lon="-3.14781">
        <ele>929.6435177571352</ele>
      </trkpt>
      <trkpt lat="54.65164" lon="-3.14777">
        <ele>928.4234363880557</ele>
      </trkpt>
      <trkpt lat="54.65189" lon="-3.14776">
        <ele>927.5510306719478</ele>
      </trkpt>
      <trkpt lat="54.65211" lon="-3.14768">
        <ele>926.4000497342339</ele>
      </trkpt>
      <trkpt lat="54.65248" lon="-3.14763">
        <ele>923.6172711088586</ele>
      </trkpt>
      <trkpt lat="54.65297" lon="-3.14746">
        <ele>920.2727844387156</ele>
      </trkpt>
      <trkpt lat="54.65304" lon="-3.14735">
        <ele>917.3835745769277</ele>
      </trkpt>
      <trkpt lat="54.65313" lon="-3.14733">
        <ele>915.4985468822326</ele>
      </trkpt>
      <trkpt lat="54.65316" lon="-3.14736">
        <ele>915.4302650253469</ele>
      </trkpt>
      <trkpt lat="54.65321" lon="-3.14735">
        <ele>914.1366911370613</ele>
      </trkpt>
      <trkpt lat="54.65326" lon="-3.14728">
        <ele>911.9786787791462</ele>
      </trkpt>
      <trkpt lat="54.65352" lon="-3.14726">
        <ele>905.3566139652175</ele>
      </trkpt>
      <trkpt lat="54.65356" lon="-3.1472">
        <ele>903.5789856400097</ele>
      </trkpt>
      <trkpt lat="54.6536" lon="-3.14723">
        <ele>902.8421151434019</ele>
      </trkpt>
      <trkpt lat="54.65362" lon="-3.14727">
        <ele>902.4120804728218</ele>
      </trkpt>
      <trkpt lat="54.65369" lon="-3.14717">
        <ele>899.7519342568137</ele>
      </trkpt>
      <trkpt lat="54.65372" lon="-3.14722">
        <ele>899.2404200345476</ele>
      </trkpt>
      <trkpt lat="54.6538" lon="-3.14725">
        <ele>896.995941302125</ele>
      </trkpt>
      <trkpt lat="54.65388" lon="-3.14716">
        <ele>894.1574556690538</ele>
      </trkpt>
      <trkpt lat="54.65397" lon="-3.14716">
        <ele>892.0837053749324</ele>
      </trkpt>
      <trkpt lat="54.6541" lon="-3.14706">
        <ele>888.6413393307175</ele>
      </trkpt>
      <trkpt lat="54.65423" lon="-3.14701">
        <ele>884.9914479675747</ele>
      </trkpt>
      <trkpt lat="54.65432" lon="-3.14692">
        <ele>882.1958101434159</ele>
      </trkpt>
      <trkpt lat="54.65441" lon="-3.1469">
        <ele>879.9177494653443</ele>
      </trkpt>
      <trkpt lat="54.65452" lon="-3.1468">
        <ele>875.2366680899414</ele>
      </trkpt>
      <trkpt lat="54.65463" lon="-3.1468">
        <ele>872.0205711090001</ele>
      </trkpt>
      <trkpt lat="54.65468" lon="-3.14674">
        <ele>869.65181428697</ele>
      </trkpt>
      <trkpt lat="54.65474" lon="-3.14675">
        <ele>867.9604097407818</ele>
      </trkpt>
      <trkpt lat="54.65479" lon="-3.14663">
        <ele>864.5754832526592</ele>
      </trkpt>
      <trkpt lat="54.65491" lon="-3.14662">
        <ele>861.1167620423485</ele>
      </trkpt>
      <trkpt lat="54.65507" lon="-3.1465">
        <ele>855.6990023184637</ele>
      </trkpt>
      <trkpt lat="54.65535" lon="-3.14607">
        <ele>845.901128758539</ele>
      </trkpt>
      <trkpt lat="54.65578" lon="-3.14563">
        <ele>837.6850979066733</ele>
      </trkpt>
      <trkpt lat="54.65626" lon="-3.14479">
        <ele>823.9338061724811</ele>
      </trkpt>
      <trkpt lat="54.65638" lon="-3.14417">
        <ele>809.4189294479579</ele>
      </trkpt>
      <trkpt lat="54.65665" lon="-3.14248">
        <ele>767.6192325875182</ele>
      </trkpt>
      <trkpt lat="54.65668" lon="-3.14239">
        <ele>765.5694007364124</ele>
      </trkpt>
      <trkpt lat="54.65677" lon="-3.14213">
        <ele>759.7686658857247</ele>
      </trkpt>
      <trkpt lat="54.65686" lon="-3.14179">
        <ele>752.592344152476</ele>
      </trkpt>
      <trkpt lat="54.65695" lon="-3.1405">
        <ele>727.2694767757422</ele>
      </trkpt>
      <trkpt lat="54.65706" lon="-3.13958">
        <ele>713.665201874295</ele>
      </trkpt>
      <trkpt lat="54.65724" lon="-3.13879">
        <ele>701.8713300967911</ele>
      </trkpt>
      <trkpt lat="54.65735" lon="-3.13846">
        <ele>697.2101369288922</ele>
      </trkpt>
      <trkpt lat="54.65742" lon="-3.13816">
        <ele>693.8104408496476</ele>
      </trkpt>
      <trkpt lat="54.65752" lon="-3.13737">
        <ele>684.9119550814723</ele>
      </trkpt>
      <trkpt lat="54.65757" lon="-3.13706">
        <ele>680.6061690617146</ele>
      </trkpt>
      <trkpt lat="54.65762" lon="-3.1366">
        <ele>673.9341671558532</ele>
      </trkpt>
      <trkpt lat="54.65763" lon="-3.13612">
        <ele>667.0202703859952</ele>
      </trkpt>
      <trkpt lat="54.65781" lon="-3.13532">
        <ele>651.8282953141554</ele>
      </trkpt>
      <trkpt lat="54.65787" lon="-3.13481">
        <ele>643.4558137485838</ele>
      </trkpt>
      <trkpt lat="54.65794" lon="-3.13449">
        <ele>638.8040003899858</ele>
      </trkpt>
      <trkpt lat="54.65798" lon="-3.13366">
        <ele>630.007921653985</ele>
      </trkpt>
      <trkpt lat="54.65798" lon="-3.13324">
        <ele>626.085590166925</ele>
      </trkpt>
      <trkpt lat="54.658" lon="-3.13294">
        <ele>622.7226529940692</ele>
      </trkpt>
      <trkpt lat="54.65796" lon="-3.13244">
        <ele>616.7267015161754</ele>
      </trkpt>
      <trkpt lat="54.65798" lon="-3.13222">
        <ele>613.2487286025199</ele>
      </trkpt>
      <trkpt lat="54.65804" lon="-3.13182">
        <ele>606.0004838816992</ele>
      </trkpt>
      <trkpt lat="54.658" lon="-3.13155">
        <ele>600.8596649386324</ele>
      </trkpt>
      <trkpt lat="54.658" lon="-3.13144">
        <ele>598.5017526661909</ele>
      </trkpt>
      <trkpt lat="54.6581" lon="-3.13107">
        <ele>589.3809184410212</ele>
      </trkpt>
      <trkpt lat="54.65813" lon="-3.13078">
        <ele>583.4116295160235</ele>
      </trkpt>
      <trkpt lat="54.65815" lon="-3.13029">
        <ele>574.0183858809476</ele>
      </trkpt>
      <trkpt lat="54.65823" lon="-3.1299">
        <ele>567.4394394784466</ele>
      </trkpt>
      <trkpt lat="54.65833" lon="-3.12907">
        <ele>554.7798556559119</ele>
      </trkpt>
      <trkpt lat="54.65836" lon="-3.12861">
        <ele>548.5364778333176</ele>
      </trkpt>
      <trkpt lat="54.65845" lon="-3.12831">
        <ele>545.4600288769943</ele>
      </trkpt>
      <trkpt lat="54.65852" lon="-3.12743">
        <ele>538.5862381520599</ele>
      </trkpt>
      <trkpt lat="54.65856" lon="-3.12724">
        <ele>537.6476272663405</ele>
      </trkpt>
      <trkpt lat="54.65861" lon="-3.12686">
        <ele>534.8163064135932</ele>
      </trkpt>
      <trkpt lat="54.65861" lon="-3.12658">
        <ele>532.8706724245877</ele>
      </trkpt>
      <trkpt lat="54.65857" lon="-3.1262">
        <ele>531.2860320458328</ele>
      </trkpt>
      <trkpt lat="54.65862" lon="-3.12575">
        <ele>530.7929339911402</ele>
      </trkpt>
      <trkpt lat="54.65862" lon="-3.12542">
        <ele>530.3605419711579</ele>
      </trkpt>
      <trkpt lat="54.65874" lon="-3.12435">
        <ele>526.9916480262303</ele>
      </trkpt>
      <trkpt lat="54.659" lon="-3.12261">
        <ele>532.8623863810974</ele>
      </trkpt>
      <trkpt lat="54.65923" lon="-3.12184">
        <ele>533.9942359772241</ele>
      </trkpt>
      <trkpt lat="54.65932" lon="-3.12138">
        <ele>532.0984619104863</ele>
      </trkpt>
      <trkpt lat="54.65936" lon="-3.12101">
        <ele>531.3907667209487</ele>
      </trkpt>
      <trkpt lat="54.65943" lon="-3.12066">
        <ele>531.0908878451529</ele>
      </trkpt>
      <trkpt lat="54.65966" lon="-3.11998">
        <ele>522.2188482507254</ele>
      </trkpt>
      <trkpt lat="54.65995" lon="-3.11943">
        <ele>504.51833221175315</ele>
      </trkpt>
      <trkpt lat="54.66012" lon="-3.11906">
        <ele>493.24607651286135</ele>
      </trkpt>
      <trkpt lat="54.6602" lon="-3.11876">
        <ele>487.85906803630917</ele>
      </trkpt>
      <trkpt lat="54.66036" lon="-3.11853">
        <ele>483.2685255281429</ele>
      </trkpt>
      <trkpt lat="54.66058" lon="-3.11844">
        <ele>480.6030545474891</ele>
      </trkpt>
      <trkpt lat="54.66071" lon="-3.1182">
        <ele>477.50895664014996</ele>
      </trkpt>
      <trkpt lat="54.66074" lon="-3.11796">
        <ele>475.88916746315226</ele>
      </trkpt>
      <trkpt lat="54.66088" lon="-3.11771">
        <ele>473.1793725994855</ele>
      </trkpt>
      <trkpt lat="54.66102" lon="-3.11754">
        <ele>471.09095977513033</ele>
      </trkpt>
      <trkpt lat="54.66119" lon="-3.11707">
        <ele>466.6696464697445</ele>
      </trkpt>
      <trkpt lat="54.66125" lon="-3.1168">
        <ele>465.5007442123084</ele>
      </trkpt>
      <trkpt lat="54.6615" lon="-3.11638">
        <ele>462.160635058679</ele>
      </trkpt>
      <trkpt lat="54.66222" lon="-3.11492">
        <ele>466.7503559466754</ele>
      </trkpt>
      <trkpt lat="54.66248" lon="-3.11444">
        <ele>468.5781118839066</ele>
      </trkpt>
      <trkpt lat="54.66285" lon="-3.11385">
        <ele>469.56675470597975</ele>
      </trkpt>
      <trkpt lat="54.66338" lon="-3.11339">
        <ele>474.1793485986018</ele>
      </trkpt>
      <trkpt lat="54.66332" lon="-3.11325">
        <ele>475.808940647425</ele>
      </trkpt>
      <trkpt lat="54.66347" lon="-3.11312">
        <ele>476.65409127526794</ele>
      </trkpt>
      <trkpt lat="54.66355" lon="-3.11287">
        <ele>478.10464981492635</ele>
      </trkpt>
      <trkpt lat="54.66356" lon="-3.11265">
        <ele>479.1741563630936</ele>
      </trkpt>
      <trkpt lat="54.66352" lon="-3.11226">
        <ele>482.3719400438915</ele>
      </trkpt>
      <trkpt lat="54.66354" lon="-3.11215">
        <ele>483.01981578885085</ele>
      </trkpt>
      <trkpt lat="54.66385" lon="-3.11194">
        <ele>484.6481712659585</ele>
      </trkpt>
      <trkpt lat="54.66414" lon="-3.11167">
        <ele>484.15179640987583</ele>
      </trkpt>
      <trkpt lat="54.66449" lon="-3.11152">
        <ele>487.9263519392693</ele>
      </trkpt>
      <trkpt lat="54.66463" lon="-3.11113">
        <ele>493.29049866007676</ele>
      </trkpt>
      <trkpt lat="54.66466" lon="-3.11098">
        <ele>495.10796768882864</ele>
      </trkpt>
      <trkpt lat="54.66481" lon="-3.11074">
        <ele>498.68739042353536</ele>
      </trkpt>
      <trkpt lat="54.66482" lon="-3.11062">
        <ele>499.80038494707355</ele>
      </trkpt>
      <trkpt lat="54.66492" lon="-3.1105">
        <ele>501.418079373974</ele>
      </trkpt>
      <trkpt lat="54.66502" lon="-3.11034">
        <ele>503.3852159008241</ele>
      </trkpt>
      <trkpt lat="54.66507" lon="-3.1102">
        <ele>504.9807031389472</ele>
      </trkpt>
      <trkpt lat="54.66513" lon="-3.10989">
        <ele>508.37940046773053</ele>
      </trkpt>
      <trkpt lat="54.66523" lon="-3.10975">
        <ele>510.7421517279475</ele>
      </trkpt>
      <trkpt lat="54.66544" lon="-3.10951">
        <ele>515.2075968114613</ele>
      </trkpt>
      <trkpt lat="54.66578" lon="-3.10867">
        <ele>526.2710872166439</ele>
      </trkpt>
      <trkpt lat="54.66625" lon="-3.10779">
        <ele>540.883350130081</ele>
      </trkpt>
      <trkpt lat="54.6667" lon="-3.1067">
        <ele>555.9829930257762</ele>
      </trkpt>
      <trkpt lat="54.66715" lon="-3.1058">
        <ele>570.1980324959168</ele>
      </trkpt>
      <trkpt lat="54.6675" lon="-3.1052">
        <ele>581.2896058706506</ele>
      </trkpt>
      <trkpt lat="54.66804" lon="-3.10397">
        <ele>603.8165588267783</ele>
      </trkpt>
      <trkpt lat="54.66815" lon="-3.10359">
        <ele>612.6125625159083</ele>
      </trkpt>
      <trkpt lat="54.66823" lon="-3.10344">
        <ele>616.6777318069417</ele>
      </trkpt>
      <trkpt lat="54.66825" lon="-3.10324">
        <ele>620.669583005063</ele>
      </trkpt>
      <trkpt lat="54.66847" lon="-3.10284">
        <ele>632.4254365986338</ele>
      </trkpt>
      <trkpt lat="54.66851" lon="-3.10258">
        <ele>637.9431729566252</ele>
      </trkpt>
      <trkpt lat="54.66859" lon="-3.10234">
        <ele>644.2269851570043</ele>
      </trkpt>
      <trkpt lat="54.66862" lon="-3.10213">
        <ele>648.1891996824535</ele>
      </trkpt>
      <trkpt lat="54.66858" lon="-3.10157">
        <ele>652.0727089084453</ele>
      </trkpt>
      <trkpt lat="54.66889" lon="-3.10142">
        <ele>662.2153796647697</ele>
      </trkpt>
      <trkpt lat="54.6692" lon="-3.10136">
        <ele>673.0817060020333</ele>
      </trkpt>
      <trkpt lat="54.66935" lon="-3.1014">
        <ele>677.0638653955915</ele>
      </trkpt>
      <trkpt lat="54.67072" lon="-3.10121">
        <ele>689.5993877986326</ele>
      </trkpt>
      <trkpt lat="54.67076" lon="-3.10122">
        <ele>690.1730203756829</ele>
      </trkpt>
      <trkpt lat="54.66936" lon="-3.09772">
        <ele>599.5249170342595</ele>
      </trkpt>
      <trkpt lat="54.66901" lon="-3.08915">
        <ele>420.046294320863</ele>
      </trkpt>
      <trkpt lat="54.66899" lon="-3.08909">
        <ele>418.99646384939683</ele>
      </trkpt>
      <trkpt lat="54.66897" lon="-3.08854">
        <ele>410.67921050868017</ele>
      </trkpt>
      <trkpt lat="54.66895" lon="-3.08854">
        <ele>410.7899978927195</ele>
      </trkpt>
      <trkpt lat="54.66881" lon="-3.08827">
        <ele>407.1115878960428</ele>
      </trkpt>
      <trkpt lat="54.66876" lon="-3.08822">
        <ele>406.2918761495189</ele>
      </trkpt>
      <trkpt lat="54.66861" lon="-3.08814">
        <ele>404.59455641995845</ele>
      </trkpt>
      <trkpt lat="54.66851" lon="-3.08812">
        <ele>403.75799386710383</ele>
      </trkpt>
      <trkpt lat="54.66851" lon="-3.08805">
        <ele>402.9093133135671</ele>
      </trkpt>
      <trkpt lat="54.66843" lon="-3.08774">
        <ele>399.9965772931113</ele>
      </trkpt>
      <trkpt lat="54.66838" lon="-3.08735">
        <ele>395.41425624098673</ele>
      </trkpt>
      <trkpt lat="54.66832" lon="-3.08717">
        <ele>391.9708207642347</ele>
      </trkpt>
      <trkpt lat="54.66839" lon="-3.08682">
        <ele>379.9879257689901</ele>
      </trkpt>
      <trkpt lat="54.66828" lon="-3.08664">
        <ele>379.79091766135195</ele>
      </trkpt>
      <trkpt lat="54.66813" lon="-3.08603">
        <ele>376.79818480341737</ele>
      </trkpt>
      <trkpt lat="54.668" lon="-3.08595">
        <ele>375.0600829507229</ele>
      </trkpt>
      <trkpt lat="54.66786" lon="-3.08592">
        <ele>375.9365952588841</ele>
      </trkpt>
      <trkpt lat="54.66776" lon="-3.0858">
        <ele>375.8137020853106</ele>
      </trkpt>
      <trkpt lat="54.66773" lon="-3.08556">
        <ele>374.02814407201265</ele>
      </trkpt>
      <trkpt lat="54.66765" lon="-3.08539">
        <ele>373.2618552284004</ele>
      </trkpt>
      <trkpt lat="54.66701" lon="-3.08478">
        <ele>370.5452190867743</ele>
      </trkpt>
      <trkpt lat="54.66694" lon="-3.08464">
        <ele>369.26455707529465</ele>
      </trkpt>
      <trkpt lat="54.66687" lon="-3.08456">
        <ele>368.6036520492429</ele>
      </trkpt>
      <trkpt lat="54.66679" lon="-3.08453">
        <ele>368.4561269043941</ele>
      </trkpt>
      <trkpt lat="54.66668" lon="-3.08439">
        <ele>367.8773142722398</ele>
      </trkpt>
      <trkpt lat="54.66663" lon="-3.08429">
        <ele>367.3226357446473</ele>
      </trkpt>
      <trkpt lat="54.66656" lon="-3.08406">
        <ele>366.57668745826544</ele>
      </trkpt>
      <trkpt lat="54.66645" lon="-3.08407">
        <ele>365.9826006986478</ele>
      </trkpt>
      <trkpt lat="54.66641" lon="-3.08414">
        <ele>366.19310283969014</ele>
      </trkpt>
      <trkpt lat="54.66637" lon="-3.08416">
        <ele>366.2449826893205</ele>
      </trkpt>
      <trkpt lat="54.66623" lon="-3.08415">
        <ele>366.65087822490324</ele>
      </trkpt>
      <trkpt lat="54.66618" lon="-3.08406">
        <ele>366.51857849108274</ele>
      </trkpt>
      <trkpt lat="54.66618" lon="-3.08384">
        <ele>365.50781265780137</ele>
      </trkpt>
      <trkpt lat="54.66613" lon="-3.08363">
        <ele>364.5679864681444</ele>
      </trkpt>
      <trkpt lat="54.66606" lon="-3.08343">
        <ele>363.52461962864356</ele>
      </trkpt>
      <trkpt lat="54.66566" lon="-3.08289">
        <ele>363.023416190251</ele>
      </trkpt>
      <trkpt lat="54.66557" lon="-3.08267">
        <ele>362.0897200987796</ele>
      </trkpt>
      <trkpt lat="54.66555" lon="-3.08257">
        <ele>361.4213769297336</ele>
      </trkpt>
      <trkpt lat="54.66536" lon="-3.08236">
        <ele>362.0371238007468</ele>
      </trkpt>
      <trkpt lat="54.66507" lon="-3.0821">
        <ele>360.83728274696034</ele>
      </trkpt>
      <trkpt lat="54.66489" lon="-3.08208">
        <ele>360.78213179712213</ele>
      </trkpt>
      <trkpt lat="54.66475" lon="-3.08199">
        <ele>360.45449912361715</ele>
      </trkpt>
      <trkpt lat="54.66468" lon="-3.08188">
        <ele>359.94826246790603</ele>
      </trkpt>
      <trkpt lat="54.66461" lon="-3.08186">
        <ele>358.83580461643953</ele>
      </trkpt>
      <trkpt lat="54.66453" lon="-3.08194">
        <ele>358.4395006574686</ele>
      </trkpt>
      <trkpt lat="54.6643" lon="-3.08207">
        <ele>358.9810236167088</ele>
      </trkpt>
      <trkpt lat="54.66413" lon="-3.08209">
        <ele>363.67619452239967</ele>
      </trkpt>
      <trkpt lat="54.66407" lon="-3.08193">
        <ele>364.58725257007643</ele>
      </trkpt>
      <trkpt lat="54.66397" lon="-3.08182">
        <ele>367.8958066936513</ele>
      </trkpt>
      <trkpt lat="54.6639" lon="-3.08167">
        <ele>369.9717523048575</ele>
      </trkpt>
      <trkpt lat="54.6638" lon="-3.08152">
        <ele>372.85555417315277</ele>
      </trkpt>
      <trkpt lat="54.66344" lon="-3.08109">
        <ele>383.46252102729676</ele>
      </trkpt>
      <trkpt lat="54.6632" lon="-3.08086">
        <ele>390.88954976540435</ele>
      </trkpt>
      <trkpt lat="54.66307" lon="-3.08059">
        <ele>395.6777953236164</ele>
      </trkpt>
      <trkpt lat="54.66291" lon="-3.08047">
        <ele>398.79300420260506</ele>
      </trkpt>
      <trkpt lat="54.66278" lon="-3.08024">
        <ele>402.9569390149072</ele>
      </trkpt>
      <trkpt lat="54.66265" lon="-3.07995">
        <ele>408.38369958629823</ele>
      </trkpt>
      <trkpt lat="54.66252" lon="-3.07985">
        <ele>412.17847292612373</ele>
      </trkpt>
      <trkpt lat="54.66235" lon="-3.07956">
        <ele>417.3202558156321</ele>
      </trkpt>
      <trkpt lat="54.66224" lon="-3.07944">
        <ele>420.5211554873057</ele>
      </trkpt>
      <trkpt lat="54.66214" lon="-3.07928">
        <ele>424.8356320614245</ele>
      </trkpt>
      <trkpt lat="54.66205" lon="-3.07909">
        <ele>429.34955165355177</ele>
      </trkpt>
      <trkpt lat="54.66195" lon="-3.07904">
        <ele>431.6399816860169</ele>
      </trkpt>
      <trkpt lat="54.66146" lon="-3.07829">
        <ele>452.70424751043765</ele>
      </trkpt>
      <trkpt lat="54.66131" lon="-3.07819">
        <ele>457.80434250836174</ele>
      </trkpt>
      <trkpt lat="54.66129" lon="-3.07805">
        <ele>460.3900428745068</ele>
      </trkpt>
      <trkpt lat="54.66099" lon="-3.07803">
        <ele>467.5520489047625</ele>
      </trkpt>
      <trkpt lat="54.66098" lon="-3.07797">
        <ele>468.6239554325027</ele>
      </trkpt>
      <trkpt lat="54.66095" lon="-3.07797">
        <ele>469.30643103108616</ele>
      </trkpt>
      <trkpt lat="54.66089" lon="-3.07787">
        <ele>472.0595808770904</ele>
      </trkpt>
      <trkpt lat="54.6608" lon="-3.07766">
        <ele>476.7615869652677</ele>
      </trkpt>
      <trkpt lat="54.66071" lon="-3.07752">
        <ele>480.3001367140658</ele>
      </trkpt>
      <trkpt lat="54.6605" lon="-3.0773">
        <ele>486.71833288448136</ele>
      </trkpt>
      <trkpt lat="54.66043" lon="-3.07717">
        <ele>490.04042390302544</ele>
      </trkpt>
      <trkpt lat="54.66039" lon="-3.07702">
        <ele>493.72411270790235</ele>
      </trkpt>
      <trkpt lat="54.66021" lon="-3.07678">
        <ele>501.4101121159591</ele>
      </trkpt>
      <trkpt lat="54.66016" lon="-3.07674">
        <ele>503.2517545703311</ele>
      </trkpt>
      <trkpt lat="54.66013" lon="-3.07657">
        <ele>506.968457446382</ele>
      </trkpt>
      <trkpt lat="54.66005" lon="-3.07652">
        <ele>509.9284401511995</ele>
      </trkpt>
      <trkpt lat="54.65997" lon="-3.07634">
        <ele>514.3517683051687</ele>
      </trkpt>
      <trkpt lat="54.65982" lon="-3.07625">
        <ele>517.1239464027512</ele>
      </trkpt>
      <trkpt lat="54.65975" lon="-3.07625">
        <ele>518.7266655336989</ele>
      </trkpt>
      <trkpt lat="54.6597" lon="-3.07618">
        <ele>519.9508344305959</ele>
      </trkpt>
      <trkpt lat="54.65965" lon="-3.07618">
        <ele>521.2136509449465</ele>
      </trkpt>
      <trkpt lat="54.65959" lon="-3.07609">
        <ele>527.5302870672892</ele>
      </trkpt>
      <trkpt lat="54.65937" lon="-3.07566">
        <ele>540.5434055070555</ele>
      </trkpt>
      <trkpt lat="54.65926" lon="-3.07562">
        <ele>543.8731832873901</ele>
      </trkpt>
      <trkpt lat="54.65901" lon="-3.07538">
        <ele>552.386113753721</ele>
      </trkpt>
      <trkpt lat="54.6589" lon="-3.07533">
        <ele>555.5118168575078</ele>
      </trkpt>
      <trkpt lat="54.65873" lon="-3.07503">
        <ele>562.498703382687</ele>
      </trkpt>
      <trkpt lat="54.65854" lon="-3.07481">
        <ele>570.1575602647521</ele>
      </trkpt>
      <trkpt lat="54.65844" lon="-3.07473">
        <ele>573.1375979820784</ele>
      </trkpt>
      <trkpt lat="54.65834" lon="-3.07454">
        <ele>577.310277163381</ele>
      </trkpt>
      <trkpt lat="54.65825" lon="-3.07448">
        <ele>579.0911322997001</ele>
      </trkpt>
      <trkpt lat="54.65818" lon="-3.07438">
        <ele>580.9271090979037</ele>
      </trkpt>
      <trkpt lat="54.65816" lon="-3.07419">
        <ele>582.185213470944</ele>
      </trkpt>
      <trkpt lat="54.65807" lon="-3.074">
        <ele>583.9151352288642</ele>
      </trkpt>
      <trkpt lat="54.65785" lon="-3.0737">
        <ele>587.1594584171391</ele>
      </trkpt>
      <trkpt lat="54.65779" lon="-3.07367">
        <ele>588.1613740288083</ele>
      </trkpt>
      <trkpt lat="54.65765" lon="-3.07342">
        <ele>593.0788474823124</ele>
      </trkpt>
      <trkpt lat="54.65734" lon="-3.07312">
        <ele>600.9622480856159</ele>
      </trkpt>
      <trkpt lat="54.65716" lon="-3.07291">
        <ele>606.0306022467411</ele>
      </trkpt>
      <trkpt lat="54.65687" lon="-3.07264">
        <ele>611.6957414634999</ele>
      </trkpt>
      <trkpt lat="54.65667" lon="-3.07233">
        <ele>614.5297622781677</ele>
      </trkpt>
      <trkpt lat="54.65641" lon="-3.07206">
        <ele>617.6484302396929</ele>
      </trkpt>
      <trkpt lat="54.65631" lon="-3.07185">
        <ele>618.8753207831805</ele>
      </trkpt>
      <trkpt lat="54.65569" lon="-3.07091">
        <ele>622.4916502357614</ele>
      </trkpt>
      <trkpt lat="54.65533" lon="-3.07031">
        <ele>625.1168231219579</ele>
      </trkpt>
      <trkpt lat="54.6552" lon="-3.07015">
        <ele>625.9015757656582</ele>
      </trkpt>
      <trkpt lat="54.65457" lon="-3.06904">
        <ele>626.8036945776951</ele>
      </trkpt>
      <trkpt lat="54.65451" lon="-3.06888">
        <ele>626.7952118741796</ele>
      </trkpt>
      <trkpt lat="54.65436" lon="-3.06858">
        <ele>627.0887569869549</ele>
      </trkpt>
      <trkpt lat="54.65423" lon="-3.06827">
        <ele>627.1710027896486</ele>
      </trkpt>
      <trkpt lat="54.65411" lon="-3.06809">
        <ele>627.6504356387677</ele>
      </trkpt>
      <trkpt lat="54.65383" lon="-3.06751">
        <ele>629.037105602236</ele>
      </trkpt>
      <trkpt lat="54.65357" lon="-3.06714">
        <ele>629.7264911593405</ele>
      </trkpt>
      <trkpt lat="54.65334" lon="-3.06688">
        <ele>629.8598955026328</ele>
      </trkpt>
      <trkpt lat="54.65312" lon="-3.06664">
        <ele>629.6917291851108</ele>
      </trkpt>
      <trkpt lat="54.65273" lon="-3.06655">
        <ele>629.2921320241122</ele>
      </trkpt>
      <trkpt lat="54.65262" lon="-3.06645">
        <ele>629.1525119543164</ele>
      </trkpt>
      <trkpt lat="54.6523" lon="-3.06529">
        <ele>630.4441982840141</ele>
      </trkpt>
      <trkpt lat="54.65209" lon="-3.06404">
        <ele>636.9809138578098</ele>
      </trkpt>
      <trkpt lat="54.65183" lon="-3.06294">
        <ele>641.9440229407408</ele>
      </trkpt>
      <trkpt lat="54.65176" lon="-3.06282">
        <ele>642.244132086558</ele>
      </trkpt>
      <trkpt lat="54.65153" lon="-3.06246">
        <ele>643.1849572173649</ele>
      </trkpt>
      <trkpt lat="54.65117" lon="-3.06111">
        <ele>647.8538466803902</ele>
      </trkpt>
      <trkpt lat="54.65077" lon="-3.05987">
        <ele>655.858439526144</ele>
      </trkpt>
      <trkpt lat="54.6504" lon="-3.05891">
        <ele>663.0350451393119</ele>
      </trkpt>
      <trkpt lat="54.65012" lon="-3.05846">
        <ele>667.7129960012949</ele>
      </trkpt>
      <trkpt lat="54.64978" lon="-3.05696">
        <ele>680.083303882982</ele>
      </trkpt>
      <trkpt lat="54.64942" lon="-3.05576">
        <ele>688.4158173242864</ele>
      </trkpt>
      <trkpt lat="54.649" lon="-3.05452">
        <ele>698.5987968026525</ele>
      </trkpt>
      <trkpt lat="54.64863" lon="-3.05357">
        <ele>709.1689391673888</ele>
      </trkpt>
      <trkpt lat="54.64814" lon="-3.0521">
        <ele>727.3741454591102</ele>
      </trkpt>
      <trkpt lat="54.64788" lon="-3.05133">
        <ele>737.5647326302071</ele>
      </trkpt>
      <trkpt lat="54.64747" lon="-3.05046">
        <ele>756.5622009949068</ele>
      </trkpt>
      <trkpt lat="54.64743" lon="-3.05042">
        <ele>757.988582836281</ele>
      </trkpt>
      <trkpt lat="54.64716" lon="-3.05015">
        <ele>765.5566320126466</ele>
      </trkpt>
      <trkpt lat="54.64706" lon="-3.04993">
        <ele>769.5295300969779</ele>
      </trkpt>
      <trkpt lat="54.64681" lon="-3.04976">
        <ele>775.6158815372534</ele>
      </trkpt>
      <trkpt lat="54.64658" lon="-3.04944">
        <ele>783.0096921301995</ele>
      </trkpt>
      <trkpt lat="54.64628" lon="-3.04969">
        <ele>788.4602750964696</ele>
      </trkpt>
      <trkpt lat="54.64607" lon="-3.04973">
        <ele>794.2806384333159</ele>
      </trkpt>
      <trkpt lat="54.64595" lon="-3.04983">
        <ele>795.8596429759596</ele>
      </trkpt>
      <trkpt lat="54.64548" lon="-3.04992">
        <ele>807.521266255075</ele>
      </trkpt>
      <trkpt lat="54.64515" lon="-3.05015">
        <ele>810.125903347896</ele>
      </trkpt>
      <trkpt lat="54.64412" lon="-3.05048">
        <ele>816.4489530906781</ele>
      </trkpt>
      <trkpt lat="54.64348" lon="-3.05079">
        <ele>815.5627541185452</ele>
      </trkpt>
      <trkpt lat="54.64312" lon="-3.05064">
        <ele>820.6246523912978</ele>
      </trkpt>
      <trkpt lat="54.64267" lon="-3.05035">
        <ele>826.8087386631524</ele>
      </trkpt>
      <trkpt lat="54.64231" lon="-3.05">
        <ele>830.2275807702155</ele>
      </trkpt>
      <trkpt lat="54.64219" lon="-3.04984">
        <ele>830.9276647281437</ele>
      </trkpt>
      <trkpt lat="54.64171" lon="-3.04956">
        <ele>837.4444691538079</ele>
      </trkpt>
      <trkpt lat="54.6414" lon="-3.0497">
        <ele>843.6003020393782</ele>
      </trkpt>
      <trkpt lat="54.64127" lon="-3.04971">
        <ele>846.4689173145765</ele>
      </trkpt>
      <trkpt lat="54.64114" lon="-3.0498">
        <ele>849.360641984599</ele>
      </trkpt>
      <trkpt lat="54.64101" lon="-3.0498">
        <ele>852.0668788550862</ele>
      </trkpt>
      <trkpt lat="54.64079" lon="-3.04974">
        <ele>855.8485561579733</ele>
      </trkpt>
      <trkpt lat="54.64042" lon="-3.04971">
        <ele>862.086145804504</ele>
      </trkpt>
      <trkpt lat="54.6402" lon="-3.04971">
        <ele>863.9180228586316</ele>
      </trkpt>
      <trkpt lat="54.63998" lon="-3.0498">
        <ele>865.9025035052993</ele>
      </trkpt>
      <trkpt lat="54.63996" lon="-3.04982">
        <ele>865.852266354065</ele>
      </trkpt>
      <trkpt lat="54.63992" lon="-3.04979">
        <ele>864.9367964342057</ele>
      </trkpt>
      <trkpt lat="54.6398" lon="-3.04977">
        <ele>860.7260756978285</ele>
      </trkpt>
      <trkpt lat="54.63975" lon="-3.04973">
        <ele>858.545712767721</ele>
      </trkpt>
      <trkpt lat="54.63969" lon="-3.04976">
        <ele>854.8587879196234</ele>
      </trkpt>
      <trkpt lat="54.63972" lon="-3.04967">
        <ele>854.6528056529901</ele>
      </trkpt>
      <trkpt lat="54.63971" lon="-3.04966">
        <ele>853.7393310469804</ele>
      </trkpt>
      <trkpt lat="54.63966" lon="-3.04972">
        <ele>853.1641461753294</ele>
      </trkpt>
      <trkpt lat="54.63966" lon="-3.04961">
        <ele>849.2837942692133</ele>
      </trkpt>
      <trkpt lat="54.63954" lon="-3.04967">
        <ele>845.011656997622</ele>
      </trkpt>
      <trkpt lat="54.63959" lon="-3.04949">
        <ele>841.2727118156577</ele>
      </trkpt>
      <trkpt lat="54.63953" lon="-3.04951">
        <ele>839.8428635881913</ele>
      </trkpt>
      <trkpt lat="54.6394" lon="-3.04946">
        <ele>833.4794186512731</ele>
      </trkpt>
      <trkpt lat="54.6393" lon="-3.04946">
        <ele>829.1433543335327</ele>
      </trkpt>
      <trkpt lat="54.63925" lon="-3.04934">
        <ele>824.1243439079051</ele>
      </trkpt>
      <trkpt lat="54.63882" lon="-3.04911">
        <ele>802.1625584201392</ele>
      </trkpt>
      <trkpt lat="54.63836" lon="-3.04877">
        <ele>773.5452363243629</ele>
      </trkpt>
      <trkpt lat="54.63816" lon="-3.0482">
        <ele>755.784437139269</ele>
      </trkpt>
      <trkpt lat="54.63807" lon="-3.04808">
        <ele>752.0054225128023</ele>
      </trkpt>
      <trkpt lat="54.63798" lon="-3.04806">
        <ele>744.8321836545349</ele>
      </trkpt>
      <trkpt lat="54.6379" lon="-3.04787">
        <ele>742.9072255955765</ele>
      </trkpt>
      <trkpt lat="54.63767" lon="-3.04757">
        <ele>728.1146288469217</ele>
      </trkpt>
      <trkpt lat="54.63748" lon="-3.04741">
        <ele>718.5650894102355</ele>
      </trkpt>
      <trkpt lat="54.63747" lon="-3.04723">
        <ele>715.7577794209171</ele>
      </trkpt>
      <trkpt lat="54.63745" lon="-3.04718">
        <ele>713.316646566904</ele>
      </trkpt>
      <trkpt lat="54.63732" lon="-3.04717">
        <ele>709.7969097632906</ele>
      </trkpt>
      <trkpt lat="54.6373" lon="-3.04712">
        <ele>707.0777304184769</ele>
      </trkpt>
      <trkpt lat="54.63717" lon="-3.04704">
        <ele>701.4830875126684</ele>
      </trkpt>
      <trkpt lat="54.63696" lon="-3.04698">
        <ele>697.5149579854872</ele>
      </trkpt>
      <trkpt lat="54.63678" lon="-3.04685">
        <ele>692.5476242000293</ele>
      </trkpt>
      <trkpt lat="54.63677" lon="-3.04675">
        <ele>689.0822907435679</ele>
      </trkpt>
      <trkpt lat="54.63668" lon="-3.04662">
        <ele>681.6730287056428</ele>
      </trkpt>
      <trkpt lat="54.63654" lon="-3.04659">
        <ele>675.4726512535308</ele>
      </trkpt>
      <trkpt lat="54.63622" lon="-3.04633">
        <ele>662.9452714979429</ele>
      </trkpt>
      <trkpt lat="54.63572" lon="-3.04613">
        <ele>653.3247043953589</ele>
      </trkpt>
      <trkpt lat="54.63552" lon="-3.0459">
        <ele>641.0957093661842</ele>
      </trkpt>
      <trkpt lat="54.63536" lon="-3.04593">
        <ele>639.6024769109991</ele>
      </trkpt>
      <trkpt lat="54.63506" lon="-3.04563">
        <ele>629.3636684097582</ele>
      </trkpt>
      <trkpt lat="54.63462" lon="-3.04543">
        <ele>620.3631409253269</ele>
      </trkpt>
      <trkpt lat="54.63456" lon="-3.04531">
        <ele>616.8091146823033</ele>
      </trkpt>
      <trkpt lat="54.63443" lon="-3.04527">
        <ele>615.9129910277109</ele>
      </trkpt>
      <trkpt lat="54.63433" lon="-3.04509">
        <ele>609.5036856894457</ele>
      </trkpt>
      <trkpt lat="54.6342" lon="-3.04503">
        <ele>605.5267449260817</ele>
      </trkpt>
      <trkpt lat="54.63414" lon="-3.04504">
        <ele>604.0859513296701</ele>
      </trkpt>
      <trkpt lat="54.63405" lon="-3.04512">
        <ele>603.7319852922851</ele>
      </trkpt>
      <trkpt lat="54.63386" lon="-3.04501">
        <ele>595.845855183018</ele>
      </trkpt>
      <trkpt lat="54.63356" lon="-3.04498">
        <ele>586.5416596401469</ele>
      </trkpt>
      <trkpt lat="54.63338" lon="-3.04507">
        <ele>581.4084629699976</ele>
      </trkpt>
      <trkpt lat="54.63323" lon="-3.04509">
        <ele>575.746942771196</ele>
      </trkpt>
      <trkpt lat="54.6332" lon="-3.04506">
        <ele>573.7861683842656</ele>
      </trkpt>
      <trkpt lat="54.63315" lon="-3.04512">
        <ele>572.9215821564569</ele>
      </trkpt>
      <trkpt lat="54.63295" lon="-3.04517">
        <ele>566.431538775451</ele>
      </trkpt>
      <trkpt lat="54.6329" lon="-3.04511">
        <ele>564.055458199061</ele>
      </trkpt>
      <trkpt lat="54.63266" lon="-3.04521">
        <ele>555.2189400465838</ele>
      </trkpt>
      <trkpt lat="54.63215" lon="-3.045">
        <ele>529.0900649697492</ele>
      </trkpt>
      <trkpt lat="54.63196" lon="-3.04507">
        <ele>521.2338840188962</ele>
      </trkpt>
      <trkpt lat="54.63151" lon="-3.04471">
        <ele>501.22328832631774</ele>
      </trkpt>
      <trkpt lat="54.6313" lon="-3.04473">
        <ele>493.15857818516713</ele>
      </trkpt>
      <trkpt lat="54.63119" lon="-3.04463">
        <ele>486.7986704665694</ele>
      </trkpt>
      <trkpt lat="54.63095" lon="-3.0446">
        <ele>475.91116467904874</ele>
      </trkpt>
      <trkpt lat="54.63087" lon="-3.04406">
        <ele>465.71134893132984</ele>
      </trkpt>
      <trkpt lat="54.63081" lon="-3.04394">
        <ele>462.29114429478966</ele>
      </trkpt>
      <trkpt lat="54.63058" lon="-3.0437">
        <ele>453.1035078690074</ele>
      </trkpt>
      <trkpt lat="54.63054" lon="-3.04372">
        <ele>451.74211146343697</ele>
      </trkpt>
      <trkpt lat="54.63043" lon="-3.04397">
        <ele>447.41428996960485</ele>
      </trkpt>
      <trkpt lat="54.63037" lon="-3.04401">
        <ele>443.9672643679942</ele>
      </trkpt>
      <trkpt lat="54.63017" lon="-3.04441">
        <ele>435.8513405873846</ele>
      </trkpt>
      <trkpt lat="54.63002" lon="-3.04462">
        <ele>431.01241932404685</ele>
      </trkpt>
      <trkpt lat="54.62996" lon="-3.0448">
        <ele>429.79757992963266</ele>
      </trkpt>
      <trkpt lat="54.62987" lon="-3.04493">
        <ele>427.30027225832384</ele>
      </trkpt>
      <trkpt lat="54.62968" lon="-3.04553">
        <ele>416.26362775883206</ele>
      </trkpt>
      <trkpt lat="54.62955" lon="-3.04547">
        <ele>408.7294311888393</ele>
      </trkpt>
      <trkpt lat="54.62951" lon="-3.04559">
        <ele>405.8884164425465</ele>
      </trkpt>
      <trkpt lat="54.62945" lon="-3.04569">
        <ele>402.2930251325172</ele>
      </trkpt>
      <trkpt lat="54.62943" lon="-3.04569">
        <ele>401.1681459193356</ele>
      </trkpt>
      <trkpt lat="54.62939" lon="-3.04575">
        <ele>398.67477690993064</ele>
      </trkpt>
      <trkpt lat="54.62938" lon="-3.04597">
        <ele>396.6130678634737</ele>
      </trkpt>
      <trkpt lat="54.62935" lon="-3.04603">
        <ele>394.3320250415935</ele>
      </trkpt>
      <trkpt lat="54.62935" lon="-3.04611">
        <ele>393.2792315379491</ele>
      </trkpt>
      <trkpt lat="54.6293" lon="-3.04614">
        <ele>389.9266149810512</ele>
      </trkpt>
      <trkpt lat="54.62927" lon="-3.0462">
        <ele>386.8103818679082</ele>
      </trkpt>
      <trkpt lat="54.62924" lon="-3.04638">
        <ele>381.32808082284765</ele>
      </trkpt>
      <trkpt lat="54.62925" lon="-3.04651">
        <ele>379.4415151230543</ele>
      </trkpt>
      <trkpt lat="54.62922" lon="-3.04655">
        <ele>376.76404675409736</ele>
      </trkpt>
      <trkpt lat="54.62916" lon="-3.04654">
        <ele>372.8674901475131</ele>
      </trkpt>
      <trkpt lat="54.62906" lon="-3.04647">
        <ele>367.3038457456212</ele>
      </trkpt>
      <trkpt lat="54.62892" lon="-3.04632">
        <ele>359.4640638174965</ele>
      </trkpt>
      <trkpt lat="54.62891" lon="-3.04641">
        <ele>357.8317736540225</ele>
      </trkpt>
      <trkpt lat="54.62887" lon="-3.04646">
        <ele>354.58960738423974</ele>
      </trkpt>
      <trkpt lat="54.62885" lon="-3.04657">
        <ele>352.1671943421599</ele>
      </trkpt>
      <trkpt lat="54.62882" lon="-3.04656">
        <ele>350.18840402355374</ele>
      </trkpt>
      <trkpt lat="54.62878" lon="-3.0465">
        <ele>347.9185120778609</ele>
      </trkpt>
      <trkpt lat="54.62875" lon="-3.04667">
        <ele>344.0808135801004</ele>
      </trkpt>
      <trkpt lat="54.62872" lon="-3.04669">
        <ele>342.02072795830566</ele>
      </trkpt>
      <trkpt lat="54.62868" lon="-3.0467">
        <ele>339.6356667039197</ele>
      </trkpt>
      <trkpt lat="54.62863" lon="-3.04666">
        <ele>337.5828915759917</ele>
      </trkpt>
      <trkpt lat="54.62863" lon="-3.0467">
        <ele>337.0580557995844</ele>
      </trkpt>
      <trkpt lat="54.62861" lon="-3.04672">
        <ele>336.0438211330883</ele>
      </trkpt>
      <trkpt lat="54.62858" lon="-3.0467">
        <ele>335.17599557433743</ele>
      </trkpt>
      <trkpt lat="54.62856" lon="-3.04675">
        <ele>333.775943812146</ele>
      </trkpt>
      <trkpt lat="54.62841" lon="-3.0468">
        <ele>326.89942641956816</ele>
      </trkpt>
      <trkpt lat="54.62836" lon="-3.04675">
        <ele>325.19877356547516</ele>
      </trkpt>
      <trkpt lat="54.62829" lon="-3.04677">
        <ele>321.5308851163733</ele>
      </trkpt>
      <trkpt lat="54.62824" lon="-3.04672">
        <ele>319.20540064288184</ele>
      </trkpt>
      <trkpt lat="54.62806" lon="-3.04675">
        <ele>313.130231668708</ele>
      </trkpt>
      <trkpt lat="54.62796" lon="-3.04686">
        <ele>309.4269706716584</ele>
      </trkpt>
      <trkpt lat="54.62794" lon="-3.04684">
        <ele>308.67106246094943</ele>
      </trkpt>
      <trkpt lat="54.62792" lon="-3.04678">
        <ele>307.6356164882845</ele>
      </trkpt>
      <trkpt lat="54.62789" lon="-3.04677">
        <ele>305.93872536806197</ele>
      </trkpt>
      <trkpt lat="54.62782" lon="-3.04702">
        <ele>301.5708591749683</ele>
      </trkpt>
      <trkpt lat="54.62777" lon="-3.04705">
        <ele>298.1983250781824</ele>
      </trkpt>
      <trkpt lat="54.62775" lon="-3.04699">
        <ele>297.3238860527512</ele>
      </trkpt>
      <trkpt lat="54.62773" lon="-3.047">
        <ele>295.8563853790303</ele>
      </trkpt>
      <trkpt lat="54.62772" lon="-3.04706">
        <ele>294.99377861983214</ele>
      </trkpt>
      <trkpt lat="54.62769" lon="-3.04707">
        <ele>293.056755626835</ele>
      </trkpt>
      <trkpt lat="54.62768" lon="-3.04713">
        <ele>292.52069267630793</ele>
      </trkpt>
      <trkpt lat="54.62765" lon="-3.04711">
        <ele>290.7016159782585</ele>
      </trkpt>
      <trkpt lat="54.62758" lon="-3.04732">
        <ele>287.02016545416836</ele>
      </trkpt>
      <trkpt lat="54.6275" lon="-3.04728">
        <ele>283.8775430876044</ele>
      </trkpt>
      <trkpt lat="54.6273" lon="-3.04736">
        <ele>273.9084823060072</ele>
      </trkpt>
      <trkpt lat="54.62727" lon="-3.0474">
        <ele>272.00089650603206</ele>
      </trkpt>
      <trkpt lat="54.62725" lon="-3.04756">
        <ele>270.3934665275573</ele>
      </trkpt>
      <trkpt lat="54.62721" lon="-3.04753">
        <ele>268.32349826346956</ele>
      </trkpt>
      <trkpt lat="54.62719" lon="-3.04743">
        <ele>267.53313186935134</ele>
      </trkpt>
      <trkpt lat="54.62716" lon="-3.04738">
        <ele>266.06771740719523</ele>
      </trkpt>
      <trkpt lat="54.62714" lon="-3.04738">
        <ele>265.0652502415922</ele>
      </trkpt>
      <trkpt lat="54.62711" lon="-3.04741">
        <ele>263.5168018614174</ele>
      </trkpt>
      <trkpt lat="54.6271" lon="-3.04749">
        <ele>262.8460953447264</ele>
      </trkpt>
      <trkpt lat="54.62708" lon="-3.04747">
        <ele>261.9301832318857</ele>
      </trkpt>
      <trkpt lat="54.62705" lon="-3.0475">
        <ele>260.43299964756005</ele>
      </trkpt>
      <trkpt lat="54.62705" lon="-3.04755">
        <ele>259.8001899046518</ele>
      </trkpt>
      <trkpt lat="54.62702" lon="-3.04752">
        <ele>258.7320527071721</ele>
      </trkpt>
      <trkpt lat="54.627" lon="-3.04753">
        <ele>257.62114803830264</ele>
      </trkpt>
      <trkpt lat="54.62697" lon="-3.04766">
        <ele>254.63203423201693</ele>
      </trkpt>
      <trkpt lat="54.62695" lon="-3.04768">
        <ele>253.55285791543363</ele>
      </trkpt>
      <trkpt lat="54.62692" lon="-3.04769">
        <ele>252.54620754697166</ele>
      </trkpt>
      <trkpt lat="54.62685" lon="-3.04762">
        <ele>250.84457786595752</ele>
      </trkpt>
      <trkpt lat="54.62674" lon="-3.04769">
        <ele>247.58925893322146</ele>
      </trkpt>
      <trkpt lat="54.62672" lon="-3.04815">
        <ele>245.90315736147048</ele>
      </trkpt>
      <trkpt lat="54.62657" lon="-3.04801">
        <ele>244.37579770106655</ele>
      </trkpt>
      <trkpt lat="54.62647" lon="-3.04784">
        <ele>241.6134732635298</ele>
      </trkpt>
      <trkpt lat="54.62616" lon="-3.04776">
        <ele>228.65871941699982</ele>
      </trkpt>
      <trkpt lat="54.62552" lon="-3.04742">
        <ele>220.1437230307368</ele>
      </trkpt>
      <trkpt lat="54.62552" lon="-3.04732">
        <ele>219.06373015600093</ele>
      </trkpt>
      <trkpt lat="54.62546" lon="-3.04724">
        <ele>217.87730907430017</ele>
      </trkpt>
      <trkpt lat="54.62544" lon="-3.04717">
        <ele>217.02776025694538</ele>
      </trkpt>
      <trkpt lat="54.62525" lon="-3.04715">
        <ele>214.51777915322316</ele>
      </trkpt>
      <trkpt lat="54.62516" lon="-3.04709">
        <ele>213.91849533903797</ele>
      </trkpt>
      <trkpt lat="54.62505" lon="-3.04724">
        <ele>212.62444586780677</ele>
      </trkpt>
      <trkpt lat="54.62481" lon="-3.04704">
        <ele>208.06090252691195</ele>
      </trkpt>
      <trkpt lat="54.62472" lon="-3.04701">
        <ele>206.47408685853276</ele>
      </trkpt>
      <trkpt lat="54.62382" lon="-3.04619">
        <ele>189.2335695077375</ele>
      </trkpt>
      <trkpt lat="54.62362" lon="-3.04584">
        <ele>184.74061476675595</ele>
      </trkpt>
      <trkpt lat="54.62309" lon="-3.04534">
        <ele>175.89850578923125</ele>
      </trkpt>
      <trkpt lat="54.62298" lon="-3.04523">
        <ele>175.25584733333199</ele>
      </trkpt>
      <trkpt lat="54.62239" lon="-3.0455">
        <ele>173.70195661336192</ele>
      </trkpt>
      <trkpt lat="54.62185" lon="-3.04608">
        <ele>166.8378898047016</ele>
      </trkpt>
      <trkpt lat="54.62091" lon="-3.04697">
        <ele>158.8057726780621</ele>
      </trkpt>
      <trkpt lat="54.62023" lon="-3.04731">
        <ele>153.6043148219207</ele>
      </trkpt>
      <trkpt lat="54.61975" lon="-3.04776">
        <ele>151.6487537587384</ele>
      </trkpt>
      <trkpt lat="54.61923" lon="-3.0466">
        <ele>147.73959365404738</ele>
      </trkpt>
      <trkpt lat="54.61904" lon="-3.04687">
        <ele>147.2948145426426</ele>
      </trkpt>
      <trkpt lat="54.61899" lon="-3.04679">
        <ele>146.31257180828877</ele>
      </trkpt>
      <trkpt lat="54.61869" lon="-3.04718">
        <ele>146.62506232107924</ele>
      </trkpt>
      <trkpt lat="54.61751" lon="-3.04626">
        <ele>142.51245140822843</ele>
      </trkpt>
      <trkpt lat="54.61742" lon="-3.04623">
        <ele>142.3573104506772</ele>
      </trkpt>
      <trkpt lat="54.61733" lon="-3.04624">
        <ele>142.10381296821743</ele>
      </trkpt>
      <trkpt lat="54.61723" lon="-3.04629">
        <ele>141.69360040879397</ele>
      </trkpt>
      <trkpt lat="54.61708" lon="-3.04629">
        <ele>141.0422189825999</ele>
      </trkpt>
      <trkpt lat="54.61696" lon="-3.04621">
        <ele>140.73403762792066</ele>
      </trkpt>
      <trkpt lat="54.61651" lon="-3.04569">
        <ele>140.47549157968606</ele>
      </trkpt>
      <trkpt lat="54.6163" lon="-3.04559">
        <ele>140.82958815561028</ele>
      </trkpt>
      <trkpt lat="54.61607" lon="-3.04558">
        <ele>140.76945156775653</ele>
      </trkpt>
      <trkpt lat="54.61597" lon="-3.04555">
        <ele>140.8843082705575</ele>
      </trkpt>
      <trkpt lat="54.61592" lon="-3.04545">
        <ele>140.96907099357568</ele>
      </trkpt>
      <trkpt lat="54.61579" lon="-3.04498">
        <ele>141.13649446600564</ele>
      </trkpt>
      <trkpt lat="54.61574" lon="-3.04484">
        <ele>141.14519478525784</ele>
      </trkpt>
      <trkpt lat="54.61561" lon="-3.04464">
        <ele>141.58180924738318</ele>
      </trkpt>
      <trkpt lat="54.61558" lon="-3.04439">
        <ele>141.96238984872062</ele>
      </trkpt>
      <trkpt lat="54.61558" lon="-3.04415">
        <ele>142.15119631529902</ele>
      </trkpt>
      <trkpt lat="54.61559" lon="-3.04402">
        <ele>142.41232086822419</ele>
      </trkpt>
      <trkpt lat="54.61569" lon="-3.04357">
        <ele>142.30965123727958</ele>
      </trkpt>
      <trkpt lat="54.6157" lon="-3.0434">
        <ele>142.22702848911754</ele>
      </trkpt>
      <trkpt lat="54.61568" lon="-3.04332">
        <ele>142.9427184525877</ele>
      </trkpt>
      <trkpt lat="54.6153" lon="-3.04286">
        <ele>149.453697053252</ele>
      </trkpt>
      <trkpt lat="54.61509" lon="-3.04272">
        <ele>152.57660747205696</ele>
      </trkpt>
      <trkpt lat="54.615" lon="-3.04256">
        <ele>154.53040122452933</ele>
      </trkpt>
      <trkpt lat="54.61499" lon="-3.0425">
        <ele>154.78732895919018</ele>
      </trkpt>
      <trkpt lat="54.61502" lon="-3.04214">
        <ele>155.5452558852845</ele>
      </trkpt>
      <trkpt lat="54.61501" lon="-3.04208">
        <ele>155.6143905696608</ele>
      </trkpt>
      <trkpt lat="54.61482" lon="-3.04188">
        <ele>159.81627401195303</ele>
      </trkpt>
      <trkpt lat="54.61469" lon="-3.04161">
        <ele>162.096762450019</ele>
      </trkpt>
      <trkpt lat="54.61453" lon="-3.04103">
        <ele>166.02747302217062</ele>
      </trkpt>
      <trkpt lat="54.6145" lon="-3.04084">
        <ele>167.57539709031815</ele>
      </trkpt>
      <trkpt lat="54.61446" lon="-3.0403">
        <ele>171.53622752951526</ele>
      </trkpt>
      <trkpt lat="54.61434" lon="-3.03974">
        <ele>174.56668712824433</ele>
      </trkpt>
      <trkpt lat="54.61425" lon="-3.03948">
        <ele>175.37861980594386</ele>
      </trkpt>
      <trkpt lat="54.61412" lon="-3.03925">
        <ele>176.63420007169498</ele>
      </trkpt>
      <trkpt lat="54.61396" lon="-3.03911">
        <ele>177.9179299491548</ele>
      </trkpt>
      <trkpt lat="54.61321" lon="-3.03871">
        <ele>182.79769085491162</ele>
      </trkpt>
      <trkpt lat="54.61289" lon="-3.03862">
        <ele>184.5619071979982</ele>
      </trkpt>
      <trkpt lat="54.61263" lon="-3.0383">
        <ele>187.46462588438902</ele>
      </trkpt>
      <trkpt lat="54.6125" lon="-3.03812">
        <ele>190.11086367663393</ele>
      </trkpt>
      <trkpt lat="54.61245" lon="-3.03799">
        <ele>191.6575320543006</ele>
      </trkpt>
      <trkpt lat="54.61241" lon="-3.03799">
        <ele>192.3724119290813</ele>
      </trkpt>
      <trkpt lat="54.61234" lon="-3.0382">
        <ele>192.1731907309552</ele>
      </trkpt>
      <trkpt lat="54.61223" lon="-3.03826">
        <ele>193.60892489297228</ele>
      </trkpt>
      <trkpt lat="54.61208" lon="-3.0382">
        <ele>195.9248784018201</ele>
      </trkpt>
      <trkpt lat="54.61199" lon="-3.03809">
        <ele>197.82998078510633</ele>
      </trkpt>
      <trkpt lat="54.61182" lon="-3.03805">
        <ele>200.9659972717766</ele>
      </trkpt>
      <trkpt lat="54.61135" lon="-3.03786">
        <ele>205.28508496655166</ele>
      </trkpt>
      <trkpt lat="54.61128" lon="-3.03787">
        <ele>205.8138366390458</ele>
      </trkpt>
      <trkpt lat="54.61098" lon="-3.03792">
        <ele>208.9830303376358</ele>
      </trkpt>
      <trkpt lat="54.61082" lon="-3.03781">
        <ele>211.35196815569526</ele>
      </trkpt>
      <trkpt lat="54.6106" lon="-3.03781">
        <ele>214.14817858645355</ele>
      </trkpt>
      <trkpt lat="54.61032" lon="-3.03786">
        <ele>217.5890468342621</ele>
      </trkpt>
      <trkpt lat="54.60996" lon="-3.03777">
        <ele>225.1365316975769</ele>
      </trkpt>
      <trkpt lat="54.60965" lon="-3.03785">
        <ele>229.82014700805726</ele>
      </trkpt>
      <trkpt lat="54.60938" lon="-3.0377">
        <ele>233.87518806628813</ele>
      </trkpt>
      <trkpt lat="54.60896" lon="-3.03788">
        <ele>237.55057825267812</ele>
      </trkpt>
      <trkpt lat="54.60845" lon="-3.03833">
        <ele>241.03158187493966</ele>
      </trkpt>
      <trkpt lat="54.60844" lon="-3.03825">
        <ele>241.62686083163618</ele>
      </trkpt>
      <trkpt lat="54.60821" lon="-3.03783">
        <ele>247.85803724151927</ele>
      </trkpt>
      <trkpt lat="54.60807" lon="-3.03777">
        <ele>250.48731957143082</ele>
      </trkpt>
      <trkpt lat="54.60761" lon="-3.03738">
        <ele>259.5988300262233</ele>
      </trkpt>
      <trkpt lat="54.60722" lon="-3.03705">
        <ele>266.69980562745104</ele>
      </trkpt>
      <trkpt lat="54.60702" lon="-3.03684">
        <ele>271.02659113859545</ele>
      </trkpt>
      <trkpt lat="54.60679" lon="-3.03667">
        <ele>276.530060111695</ele>
      </trkpt>
      <trkpt lat="54.60669" lon="-3.03654">
        <ele>279.81036983453293</ele>
      </trkpt>
      <trkpt lat="54.60632" lon="-3.03627">
        <ele>291.64084846065214</ele>
      </trkpt>
      <trkpt lat="54.60614" lon="-3.03601">
        <ele>298.348150327181</ele>
      </trkpt>
      <trkpt lat="54.60576" lon="-3.03571">
        <ele>304.4697528510942</ele>
      </trkpt>
      <trkpt lat="54.60558" lon="-3.03547">
        <ele>309.31640687965694</ele>
      </trkpt>
      <trkpt lat="54.60548" lon="-3.03541">
        <ele>312.17426824975684</ele>
      </trkpt>
      <trkpt lat="54.60542" lon="-3.03535">
        <ele>314.0246645874886</ele>
      </trkpt>
      <trkpt lat="54.60485" lon="-3.03507">
        <ele>324.1304147311624</ele>
      </trkpt>
      <trkpt lat="54.60445" lon="-3.03473">
        <ele>331.00298169654496</ele>
      </trkpt>
      <trkpt lat="54.60424" lon="-3.03441">
        <ele>334.56527597574654</ele>
      </trkpt>
      <trkpt lat="54.60378" lon="-3.03397">
        <ele>338.62555805830186</ele>
      </trkpt>
      <trkpt lat="54.60358" lon="-3.03391">
        <ele>339.87605753425976</ele>
      </trkpt>
      <trkpt lat="54.60263" lon="-3.03312">
        <ele>359.276247910145</ele>
      </trkpt>
      <trkpt lat="54.60256" lon="-3.03335">
        <ele>356.8368221690382</ele>
      </trkpt>
      <trkpt lat="54.60257" lon="-3.03363">
        <ele>352.9245764304361</ele>
      </trkpt>
      <trkpt lat="54.60227" lon="-3.03304">
        <ele>367.49668992117233</ele>
      </trkpt>
      <trkpt lat="54.6022" lon="-3.03296">
        <ele>369.7046481893948</ele>
      </trkpt>
      <trkpt lat="54.60216" lon="-3.03294">
        <ele>370.75910827133566</ele>
      </trkpt>
      <trkpt lat="54.60209" lon="-3.03278">
        <ele>374.7850976170265</ele>
      </trkpt>
      <trkpt lat="54.60205" lon="-3.03273">
        <ele>376.53283295270757</ele>
      </trkpt>
      <trkpt lat="54.60203" lon="-3.03265">
        <ele>378.47885895519113</ele>
      </trkpt>
      <trkpt lat="54.60195" lon="-3.03254">
        <ele>382.2525025070247</ele>
      </trkpt>
      <trkpt lat="54.60188" lon="-3.0323">
        <ele>386.3433314818246</ele>
      </trkpt>
      <trkpt lat="54.60175" lon="-3.03208">
        <ele>392.9305394561885</ele>
      </trkpt>
      <trkpt lat="54.60169" lon="-3.03201">
        <ele>395.39034214016004</ele>
      </trkpt>
      <trkpt lat="54.60147" lon="-3.03162">
        <ele>406.60992798085795</ele>
      </trkpt>
      <trkpt lat="54.60134" lon="-3.03137">
        <ele>418.38448493622377</ele>
      </trkpt>
      <trkpt lat="54.60131" lon="-3.03127">
        <ele>421.95515320776667</ele>
      </trkpt>
      <trkpt lat="54.60122" lon="-3.03112">
        <ele>429.8727311562927</ele>
      </trkpt>
      <trkpt lat="54.60104" lon="-3.03089">
        <ele>442.5687607628888</ele>
      </trkpt>
      <trkpt lat="54.60095" lon="-3.03087">
        <ele>447.66780412639923</ele>
      </trkpt>
      <trkpt lat="54.60088" lon="-3.03074">
        <ele>454.31383658155187</ele>
      </trkpt>
      <trkpt lat="54.60059" lon="-3.03042">
        <ele>475.08310723812195</ele>
      </trkpt>
      <trkpt lat="54.60048" lon="-3.0304">
        <ele>481.6656471570549</ele>
      </trkpt>
      <trkpt lat="54.60041" lon="-3.03041">
        <ele>485.0764164733522</ele>
      </trkpt>
      <trkpt lat="54.60035" lon="-3.03037">
        <ele>488.16325663848625</ele>
      </trkpt>
      <trkpt lat="54.60021" lon="-3.03036">
        <ele>493.84791959523255</ele>
      </trkpt>
      <trkpt lat="54.59943" lon="-3.02985">
        <ele>522.1278924585504</ele>
      </trkpt>
      <trkpt lat="54.59932" lon="-3.02981">
        <ele>527.5787282296961</ele>
      </trkpt>
      <trkpt lat="54.59922" lon="-3.02973">
        <ele>533.0606331723403</ele>
      </trkpt>
      <trkpt lat="54.59914" lon="-3.0296">
        <ele>538.080915872163</ele>
      </trkpt>
      <trkpt lat="54.59905" lon="-3.02953">
        <ele>543.0342055859048</ele>
      </trkpt>
      <trkpt lat="54.59886" lon="-3.02947">
        <ele>553.4271798862555</ele>
      </trkpt>
      <trkpt lat="54.59874" lon="-3.02938">
        <ele>560.0882055780369</ele>
      </trkpt>
      <trkpt lat="54.59847" lon="-3.02939">
        <ele>572.2327915496038</ele>
      </trkpt>
      <trkpt lat="54.59826" lon="-3.02934">
        <ele>581.5195094009566</ele>
      </trkpt>
      <trkpt lat="54.59817" lon="-3.02938">
        <ele>585.8772021641487</ele>
      </trkpt>
      <trkpt lat="54.59796" lon="-3.02935">
        <ele>597.7078026759998</ele>
      </trkpt>
      <trkpt lat="54.59788" lon="-3.02934">
        <ele>602.7132925059102</ele>
      </trkpt>
      <trkpt lat="54.59781" lon="-3.02928">
        <ele>607.9963094348636</ele>
      </trkpt>
      <trkpt lat="54.59763" lon="-3.02925">
        <ele>620.939445654062</ele>
      </trkpt>
      <trkpt lat="54.59752" lon="-3.02918">
        <ele>629.510128843601</ele>
      </trkpt>
      <trkpt lat="54.59748" lon="-3.02908">
        <ele>634.1980660330034</ele>
      </trkpt>
      <trkpt lat="54.59741" lon="-3.02901">
        <ele>640.0684694906864</ele>
      </trkpt>
      <trkpt lat="54.59729" lon="-3.02909">
        <ele>647.5927948553698</ele>
      </trkpt>
      <trkpt lat="54.59719" lon="-3.02931">
        <ele>654.0233400270849</ele>
      </trkpt>
      <trkpt lat="54.59715" lon="-3.02952">
        <ele>655.9229214901292</ele>
      </trkpt>
      <trkpt lat="54.59705" lon="-3.02959">
        <ele>661.1959210157514</ele>
      </trkpt>
      <trkpt lat="54.59671" lon="-3.0296">
        <ele>674.0315468446512</ele>
      </trkpt>
      <trkpt lat="54.5966" lon="-3.0297">
        <ele>677.0468208996728</ele>
      </trkpt>
      <trkpt lat="54.59646" lon="-3.02968">
        <ele>679.9903853110548</ele>
      </trkpt>
      <trkpt lat="54.59636" lon="-3.0297">
        <ele>682.3469825977747</ele>
      </trkpt>
      <trkpt lat="54.59623" lon="-3.02968">
        <ele>685.153636098142</ele>
      </trkpt>
      <trkpt lat="54.59599" lon="-3.02983">
        <ele>692.136978508179</ele>
      </trkpt>
      <trkpt lat="54.59589" lon="-3.02993">
        <ele>695.5957250919307</ele>
      </trkpt>
      <trkpt lat="54.59575" lon="-3.03015">
        <ele>701.7944814213741</ele>
      </trkpt>
      <trkpt lat="54.59569" lon="-3.0302">
        <ele>703.1485766584957</ele>
      </trkpt>
      <trkpt lat="54.59557" lon="-3.03037">
        <ele>706.9130618055733</ele>
      </trkpt>
      <trkpt lat="54.59551" lon="-3.03041">
        <ele>707.7930459062592</ele>
      </trkpt>
      <trkpt lat="54.59543" lon="-3.03058">
        <ele>710.4530439241064</ele>
      </trkpt>
      <trkpt lat="54.59517" lon="-3.03088">
        <ele>711.1101216468876</ele>
      </trkpt>
      <trkpt lat="54.59481" lon="-3.03116">
        <ele>715.4147133917518</ele>
      </trkpt>
      <trkpt lat="54.59396" lon="-3.03191">
        <ele>723.8654580938041</ele>
      </trkpt>
      <trkpt lat="54.5936" lon="-3.0324">
        <ele>725.0404951441784</ele>
      </trkpt>
      <trkpt lat="54.59359" lon="-3.03244">
        <ele>724.9412864539926</ele>
      </trkpt>
      <trkpt lat="54.5936" lon="-3.0324">
        <ele>725.0404951441784</ele>
      </trkpt>
      <trkpt lat="54.59324" lon="-3.03279">
        <ele>722.7689994975333</ele>
      </trkpt>
      <trkpt lat="54.59232" lon="-3.03354">
        <ele>709.701531227074</ele>
      </trkpt>
      <trkpt lat="54.59216" lon="-3.03361">
        <ele>705.9564841136649</ele>
      </trkpt>
      <trkpt lat="54.59199" lon="-3.03365">
        <ele>702.4591656195796</ele>
      </trkpt>
      <trkpt lat="54.59186" lon="-3.03373">
        <ele>699.3020886380637</ele>
      </trkpt>
      <trkpt lat="54.59141" lon="-3.03394">
        <ele>688.7001886831184</ele>
      </trkpt>
      <trkpt lat="54.59071" lon="-3.03421">
        <ele>674.1762257247027</ele>
      </trkpt>
      <trkpt lat="54.58922" lon="-3.03467">
        <ele>652.4215452319845</ele>
      </trkpt>
      <trkpt lat="54.5874" lon="-3.03531">
        <ele>632.3029310178273</ele>
      </trkpt>
      <trkpt lat="54.58674" lon="-3.03548">
        <ele>628.9843043354465</ele>
      </trkpt>
      <trkpt lat="54.58605" lon="-3.03577">
        <ele>628.4352833697586</ele>
      </trkpt>
      <trkpt lat="54.58581" lon="-3.03578">
        <ele>627.5462579235453</ele>
      </trkpt>
      <trkpt lat="54.58526" lon="-3.03601">
        <ele>623.8285100111177</ele>
      </trkpt>
      <trkpt lat="54.58501" lon="-3.03601">
        <ele>621.869571977859</ele>
      </trkpt>
      <trkpt lat="54.58432" lon="-3.03637">
        <ele>618.6153831811713</ele>
      </trkpt>
      <trkpt lat="54.58411" lon="-3.03642">
        <ele>618.0957403493139</ele>
      </trkpt>
      <trkpt lat="54.58398" lon="-3.03644">
        <ele>618.106780579651</ele>
      </trkpt>
      <trkpt lat="54.5838" lon="-3.03642">
        <ele>618.6704552929828</ele>
      </trkpt>
      <trkpt lat="54.58362" lon="-3.0363">
        <ele>619.6647250518294</ele>
      </trkpt>
      <trkpt lat="54.58334" lon="-3.03634">
        <ele>621.5490844767917</ele>
      </trkpt>
      <trkpt lat="54.58309" lon="-3.03618">
        <ele>624.1511311640987</ele>
      </trkpt>
      <trkpt lat="54.58284" lon="-3.03615">
        <ele>627.1006670714166</ele>
      </trkpt>
      <trkpt lat="54.58176" lon="-3.03549">
        <ele>637.987778326589</ele>
      </trkpt>
      <trkpt lat="54.58116" lon="-3.03505">
        <ele>643.7074868219709</ele>
      </trkpt>
      <trkpt lat="54.57993" lon="-3.0349">
        <ele>649.9735635375525</ele>
      </trkpt>
      <trkpt lat="54.57943" lon="-3.03452">
        <ele>654.3431649814778</ele>
      </trkpt>
      <trkpt lat="54.57896" lon="-3.03403">
        <ele>657.7724768943127</ele>
      </trkpt>
      <trkpt lat="54.57698" lon="-3.03137">
        <ele>711.5741947480235</ele>
      </trkpt>
      <trkpt lat="54.57675" lon="-3.03094">
        <ele>720.1696828657191</ele>
      </trkpt>
      <trkpt lat="54.57637" lon="-3.03023">
        <ele>735.0725441195746</ele>
      </trkpt>
      <trkpt lat="54.57604" lon="-3.02901">
        <ele>748.8548507744628</ele>
      </trkpt>
      <trkpt lat="54.57553" lon="-3.0274">
        <ele>770.6671481071829</ele>
      </trkpt>
      <trkpt lat="54.5755" lon="-3.02674">
        <ele>775.2748428786383</ele>
      </trkpt>
      <trkpt lat="54.57534" lon="-3.02625">
        <ele>778.6611690790994</ele>
      </trkpt>
      <trkpt lat="54.57522" lon="-3.02558">
        <ele>782.5728649915518</ele>
      </trkpt>
      <trkpt lat="54.57519" lon="-3.02514">
        <ele>784.977293065807</ele>
      </trkpt>
      <trkpt lat="54.57519" lon="-3.02274">
        <ele>812.6417644162811</ele>
      </trkpt>
      <trkpt lat="54.57531" lon="-3.02142">
        <ele>833.8450078279741</ele>
      </trkpt>
      <trkpt lat="54.57572" lon="-3.02005">
        <ele>853.2796982688079</ele>
      </trkpt>
      <trkpt lat="54.57591" lon="-3.01958">
        <ele>856.0721512179217</ele>
      </trkpt>
      <trkpt lat="54.57496" lon="-3.01837">
        <ele>854.5110074866251</ele>
      </trkpt>
      <trkpt lat="54.57342" lon="-3.01899">
        <ele>823.6567391406084</ele>
      </trkpt>
      <trkpt lat="54.57277" lon="-3.01937">
        <ele>810.9742469884446</ele>
      </trkpt>
      <trkpt lat="54.57255" lon="-3.01955">
        <ele>807.294949426101</ele>
      </trkpt>
      <trkpt lat="54.57207" lon="-3.02002">
        <ele>802.4390801666741</ele>
      </trkpt>
      <trkpt lat="54.57164" lon="-3.02052">
        <ele>799.2058380605056</ele>
      </trkpt>
      <trkpt lat="54.5704" lon="-3.02202">
        <ele>788.2377058966674</ele>
      </trkpt>
      <trkpt lat="54.56924" lon="-3.02348">
        <ele>786.2326026538847</ele>
      </trkpt>
      <trkpt lat="54.56843" lon="-3.02488">
        <ele>777.9355542715114</ele>
      </trkpt>
      <trkpt lat="54.56816" lon="-3.02552">
        <ele>777.1034244047366</ele>
      </trkpt>
      <trkpt lat="54.56794" lon="-3.02602">
        <ele>779.045963386912</ele>
      </trkpt>
      <trkpt lat="54.56769" lon="-3.02675">
        <ele>781.3886381638979</ele>
      </trkpt>
      <trkpt lat="54.56715" lon="-3.02809">
        <ele>784.5770562990249</ele>
      </trkpt>
      <trkpt lat="54.56694" lon="-3.02885">
        <ele>787.0083753660202</ele>
      </trkpt>
      <trkpt lat="54.5669" lon="-3.0289">
        <ele>787.1305732779001</ele>
      </trkpt>
      <trkpt lat="54.56683" lon="-3.02886">
        <ele>786.3684876034829</ele>
      </trkpt>
      <trkpt lat="54.56656" lon="-3.02788">
        <ele>784.0022078314371</ele>
      </trkpt>
      <trkpt lat="54.56627" lon="-3.02719">
        <ele>781.7174710955748</ele>
      </trkpt>
      <trkpt lat="54.56615" lon="-3.02671">
        <ele>781.0394345762415</ele>
      </trkpt>
      <trkpt lat="54.56613" lon="-3.02642">
        <ele>780.8661556531401</ele>
      </trkpt>
      <trkpt lat="54.56575" lon="-3.02505">
        <ele>779.3255944156039</ele>
      </trkpt>
      <trkpt lat="54.56543" lon="-3.02371">
        <ele>778.1794490190077</ele>
      </trkpt>
      <trkpt lat="54.5653" lon="-3.02309">
        <ele>777.3877598858762</ele>
      </trkpt>
      <trkpt lat="54.56525" lon="-3.02251">
        <ele>776.9698549414934</ele>
      </trkpt>
      <trkpt lat="54.56511" lon="-3.022">
        <ele>776.1927712296082</ele>
      </trkpt>
      <trkpt lat="54.56482" lon="-3.02128">
        <ele>774.9237772770346</ele>
      </trkpt>
      <trkpt lat="54.56456" lon="-3.02055">
        <ele>778.9962073672538</ele>
      </trkpt>
      <trkpt lat="54.56451" lon="-3.02038">
        <ele>780.1278078544647</ele>
      </trkpt>
      <trkpt lat="54.56427" lon="-3.02008">
        <ele>784.4324318391114</ele>
      </trkpt>
      <trkpt lat="54.56399" lon="-3.01983">
        <ele>789.334644535826</ele>
      </trkpt>
      <trkpt lat="54.56367" lon="-3.0196">
        <ele>795.178693730309</ele>
      </trkpt>
      <trkpt lat="54.56294" lon="-3.01939">
        <ele>811.9934281462722</ele>
      </trkpt>
      <trkpt lat="54.5613" lon="-3.01755">
        <ele>843.3950175935187</ele>
      </trkpt>
      <trkpt lat="54.56116" lon="-3.01764">
        <ele>843.3455779368305</ele>
      </trkpt>
      <trkpt lat="54.56102" lon="-3.01771">
        <ele>842.547807395057</ele>
      </trkpt>
      <trkpt lat="54.56021" lon="-3.01786">
        <ele>836.3539911180239</ele>
      </trkpt>
      <trkpt lat="54.55995" lon="-3.01784">
        <ele>833.6270675082466</ele>
      </trkpt>
      <trkpt lat="54.55928" lon="-3.01809">
        <ele>824.4189692958046</ele>
      </trkpt>
      <trkpt lat="54.55808" lon="-3.01827">
        <ele>798.7108092527158</ele>
      </trkpt>
      <trkpt lat="54.55757" lon="-3.01842">
        <ele>786.4713065375112</ele>
      </trkpt>
      <trkpt lat="54.55715" lon="-3.01844">
        <ele>779.3685400590965</ele>
      </trkpt>
      <trkpt lat="54.55635" lon="-3.01861">
        <ele>766.4231604460169</ele>
      </trkpt>
      <trkpt lat="54.55561" lon="-3.01872">
        <ele>754.5962144307578</ele>
      </trkpt>
      <trkpt lat="54.55538" lon="-3.01859">
        <ele>751.2768941444771</ele>
      </trkpt>
      <trkpt lat="54.55466" lon="-3.01839">
        <ele>747.7681786639832</ele>
      </trkpt>
      <trkpt lat="54.55419" lon="-3.01819">
        <ele>748.6580401231344</ele>
      </trkpt>
      <trkpt lat="54.55371" lon="-3.01809">
        <ele>753.2919948174964</ele>
      </trkpt>
      <trkpt lat="54.55333" lon="-3.01794">
        <ele>756.8590749678074</ele>
      </trkpt>
      <trkpt lat="54.55321" lon="-3.01795">
        <ele>758.1769464744568</ele>
      </trkpt>
      <trkpt lat="54.55281" lon="-3.01786">
        <ele>763.1231196738087</ele>
      </trkpt>
      <trkpt lat="54.55213" lon="-3.01791">
        <ele>773.1609156351216</ele>
      </trkpt>
      <trkpt lat="54.55185" lon="-3.01787">
        <ele>776.9389805939655</ele>
      </trkpt>
      <trkpt lat="54.55144" lon="-3.01801">
        <ele>783.9750266093126</ele>
      </trkpt>
      <trkpt lat="54.5513" lon="-3.018">
        <ele>786.6333435010417</ele>
      </trkpt>
      <trkpt lat="54.5512" lon="-3.01807">
        <ele>788.2520157777659</ele>
      </trkpt>
      <trkpt lat="54.55108" lon="-3.0181">
        <ele>790.2250966431714</ele>
      </trkpt>
      <trkpt lat="54.551" lon="-3.01811">
        <ele>792.2431350930576</ele>
      </trkpt>
      <trkpt lat="54.55083" lon="-3.01804">
        <ele>796.9517738353493</ele>
      </trkpt>
      <trkpt lat="54.55044" lon="-3.01815">
        <ele>804.9215383589287</ele>
      </trkpt>
      <trkpt lat="54.55015" lon="-3.0182">
        <ele>813.0831018280201</ele>
      </trkpt>
      <trkpt lat="54.55012" lon="-3.0181">
        <ele>815.0098217203703</ele>
      </trkpt>
      <trkpt lat="54.55007" lon="-3.01813">
        <ele>817.75560832255</ele>
      </trkpt>
      <trkpt lat="54.55006" lon="-3.01805">
        <ele>818.3376521981653</ele>
      </trkpt>
      <trkpt lat="54.55" lon="-3.01816">
        <ele>820.7757666089974</ele>
      </trkpt>
      <trkpt lat="54.54998" lon="-3.01811">
        <ele>821.6948980400994</ele>
      </trkpt>
      <trkpt lat="54.54994" lon="-3.01814">
        <ele>823.1871997069759</ele>
      </trkpt>
      <trkpt lat="54.54985" lon="-3.01798">
        <ele>826.467321854096</ele>
      </trkpt>
      <trkpt lat="54.54978" lon="-3.01793">
        <ele>828.857620831082</ele>
      </trkpt>
      <trkpt lat="54.54961" lon="-3.01797">
        <ele>833.0178360387011</ele>
      </trkpt>
      <trkpt lat="54.54955" lon="-3.01794">
        <ele>834.3440117459238</ele>
      </trkpt>
      <trkpt lat="54.54946" lon="-3.01785">
        <ele>836.3577394875373</ele>
      </trkpt>
      <trkpt lat="54.54932" lon="-3.01779">
        <ele>839.8977444737359</ele>
      </trkpt>
      <trkpt lat="54.54924" lon="-3.01771">
        <ele>842.3491708019375</ele>
      </trkpt>
      <trkpt lat="54.54893" lon="-3.01766">
        <ele>850.0558449421808</ele>
      </trkpt>
      <trkpt lat="54.54874" lon="-3.01769">
        <ele>854.2139270215664</ele>
      </trkpt>
      <trkpt lat="54.54856" lon="-3.01768">
        <ele>859.0325518242038</ele>
      </trkpt>
      <trkpt lat="54.54847" lon="-3.0177">
        <ele>862.1845854079472</ele>
      </trkpt>
      <trkpt lat="54.54842" lon="-3.01776">
        <ele>862.8313565037693</ele>
      </trkpt>
      <trkpt lat="54.54837" lon="-3.01774">
        <ele>864.4239106546376</ele>
      </trkpt>
      <trkpt lat="54.54833" lon="-3.01776">
        <ele>865.2871617532079</ele>
      </trkpt>
      <trkpt lat="54.5483" lon="-3.01783">
        <ele>865.0903963979079</ele>
      </trkpt>
      <trkpt lat="54.54825" lon="-3.01783">
        <ele>866.4114913885963</ele>
      </trkpt>
      <trkpt lat="54.54823" lon="-3.01781">
        <ele>867.2015648646117</ele>
      </trkpt>
      <trkpt lat="54.54818" lon="-3.01769">
        <ele>870.3632272807539</ele>
      </trkpt>
      <trkpt lat="54.54806" lon="-3.01766">
        <ele>873.7823889933287</ele>
      </trkpt>
      <trkpt lat="54.54787" lon="-3.01768">
        <ele>878.5159282449072</ele>
      </trkpt>
      <trkpt lat="54.54768" lon="-3.0176">
        <ele>881.4587025643891</ele>
      </trkpt>
      <trkpt lat="54.54705" lon="-3.01768">
        <ele>873.7771673533837</ele>
      </trkpt>
      <trkpt lat="54.54669" lon="-3.01795">
        <ele>870.3037724273092</ele>
      </trkpt>
      <trkpt lat="54.54595" lon="-3.01861">
        <ele>868.0744208462412</ele>
      </trkpt>
      <trkpt lat="54.54579" lon="-3.0188">
        <ele>868.5622862769201</ele>
      </trkpt>
      <trkpt lat="54.54546" lon="-3.0195">
        <ele>870.0030269837864</ele>
      </trkpt>
      <trkpt lat="54.54522" lon="-3.01984">
        <ele>866.0905968483155</ele>
      </trkpt>
      <trkpt lat="54.54516" lon="-3.01997">
        <ele>864.1882620495018</ele>
      </trkpt>
      <trkpt lat="54.54513" lon="-3.02023">
        <ele>861.8451762036416</ele>
      </trkpt>
      <trkpt lat="54.54495" lon="-3.02033">
        <ele>857.0816931493955</ele>
      </trkpt>
      <trkpt lat="54.5447" lon="-3.02085">
        <ele>848.1940347376799</ele>
      </trkpt>
      <trkpt lat="54.54452" lon="-3.02116">
        <ele>842.1102811404897</ele>
      </trkpt>
      <trkpt lat="54.54419" lon="-3.02152">
        <ele>833.1560906089128</ele>
      </trkpt>
      <trkpt lat="54.5439" lon="-3.02189">
        <ele>828.3211460424875</ele>
      </trkpt>
      <trkpt lat="54.54323" lon="-3.0225">
        <ele>820.6159978822262</ele>
      </trkpt>
      <trkpt lat="54.54293" lon="-3.02268">
        <ele>819.8890540782302</ele>
      </trkpt>
      <trkpt lat="54.54284" lon="-3.02272">
        <ele>819.9884575308192</ele>
      </trkpt>
      <trkpt lat="54.5427" lon="-3.02286">
        <ele>820.5139282041173</ele>
      </trkpt>
      <trkpt lat="54.54241" lon="-3.0233">
        <ele>823.9302737454979</ele>
      </trkpt>
      <trkpt lat="54.54236" lon="-3.02346">
        <ele>825.6032249195163</ele>
      </trkpt>
      <trkpt lat="54.542" lon="-3.02392">
        <ele>831.8322980121643</ele>
      </trkpt>
      <trkpt lat="54.54182" lon="-3.02411">
        <ele>836.3949510974805</ele>
      </trkpt>
      <trkpt lat="54.54156" lon="-3.02425">
        <ele>842.7779141397855</ele>
      </trkpt>
      <trkpt lat="54.5413" lon="-3.02485">
        <ele>855.8857860212157</ele>
      </trkpt>
      <trkpt lat="54.54116" lon="-3.02499">
        <ele>859.5040147695896</ele>
      </trkpt>
      <trkpt lat="54.54094" lon="-3.02495">
        <ele>862.2489845229622</ele>
      </trkpt>
      <trkpt lat="54.54049" lon="-3.02484">
        <ele>858.493715809026</ele>
      </trkpt>
      <trkpt lat="54.54014" lon="-3.02462">
        <ele>851.8811293282718</ele>
      </trkpt>
      <trkpt lat="54.53965" lon="-3.02447">
        <ele>844.0878895845424</ele>
      </trkpt>
      <trkpt lat="54.53951" lon="-3.02435">
        <ele>841.7052079136809</ele>
      </trkpt>
      <trkpt lat="54.53942" lon="-3.02421">
        <ele>839.8568902577255</ele>
      </trkpt>
      <trkpt lat="54.53878" lon="-3.02375">
        <ele>827.6249244751504</ele>
      </trkpt>
      <trkpt lat="54.53828" lon="-3.02357">
        <ele>817.7018045385101</ele>
      </trkpt>
      <trkpt lat="54.53794" lon="-3.02374">
        <ele>811.0124163024982</ele>
      </trkpt>
      <trkpt lat="54.5371" lon="-3.02395">
        <ele>794.7240055117917</ele>
      </trkpt>
      <trkpt lat="54.53672" lon="-3.02396">
        <ele>791.0785647073133</ele>
      </trkpt>
      <trkpt lat="54.53666" lon="-3.024">
        <ele>791.2324243096618</ele>
      </trkpt>
      <trkpt lat="54.53658" lon="-3.02405">
        <ele>791.5067434612056</ele>
      </trkpt>
      <trkpt lat="54.53574" lon="-3.024">
        <ele>800.8476153334994</ele>
      </trkpt>
      <trkpt lat="54.53553" lon="-3.02409">
        <ele>804.0616724317322</ele>
      </trkpt>
      <trkpt lat="54.53549" lon="-3.02404">
        <ele>804.3970464956625</ele>
      </trkpt>
      <trkpt lat="54.5354" lon="-3.0241">
        <ele>806.0616527897403</ele>
      </trkpt>
      <trkpt lat="54.53531" lon="-3.0241">
        <ele>808.0366096664014</ele>
      </trkpt>
      <trkpt lat="54.53523" lon="-3.02416">
        <ele>809.282583162109</ele>
      </trkpt>
      <trkpt lat="54.53509" lon="-3.02413">
        <ele>810.7091358742622</ele>
      </trkpt>
      <trkpt lat="54.53498" lon="-3.02421">
        <ele>811.0806299403168</ele>
      </trkpt>
      <trkpt lat="54.53483" lon="-3.02448">
        <ele>813.8805806421901</ele>
      </trkpt>
      <trkpt lat="54.53449" lon="-3.02458">
        <ele>818.4553322905789</ele>
      </trkpt>
      <trkpt lat="54.53418" lon="-3.02459">
        <ele>822.303925756358</ele>
      </trkpt>
      <trkpt lat="54.53403" lon="-3.02464">
        <ele>825.0332634416409</ele>
      </trkpt>
      <trkpt lat="54.53372" lon="-3.0246">
        <ele>828.5226161127734</ele>
      </trkpt>
      <trkpt lat="54.5336" lon="-3.02467">
        <ele>831.2220437366005</ele>
      </trkpt>
      <trkpt lat="54.53342" lon="-3.02472">
        <ele>836.2978554359584</ele>
      </trkpt>
      <trkpt lat="54.53338" lon="-3.0246">
        <ele>837.5962445049512</ele>
      </trkpt>
      <trkpt lat="54.53332" lon="-3.02459">
        <ele>839.8404571319675</ele>
      </trkpt>
      <trkpt lat="54.53322" lon="-3.0247">
        <ele>843.8707554194743</ele>
      </trkpt>
      <trkpt lat="54.53316" lon="-3.02459">
        <ele>846.2293462294558</ele>
      </trkpt>
      <trkpt lat="54.53312" lon="-3.02452">
        <ele>847.2073780528326</ele>
      </trkpt>
      <trkpt lat="54.53308" lon="-3.02455">
        <ele>848.3878791916914</ele>
      </trkpt>
      <trkpt lat="54.53304" lon="-3.02465">
        <ele>850.923217327201</ele>
      </trkpt>
      <trkpt lat="54.533" lon="-3.02467">
        <ele>852.3423823115569</ele>
      </trkpt>
      <trkpt lat="54.53287" lon="-3.0246">
        <ele>854.0166666556765</ele>
      </trkpt>
      <trkpt lat="54.5328" lon="-3.02461">
        <ele>855.9183894433287</ele>
      </trkpt>
      <trkpt lat="54.53257" lon="-3.0247">
        <ele>864.313812575844</ele>
      </trkpt>
      <trkpt lat="54.53243" lon="-3.02472">
        <ele>868.7710776620047</ele>
      </trkpt>
      <trkpt lat="54.53235" lon="-3.02482">
        <ele>874.0306652002439</ele>
      </trkpt>
      <trkpt lat="54.53222" lon="-3.0248">
        <ele>877.0867004130716</ele>
      </trkpt>
      <trkpt lat="54.53214" lon="-3.02484">
        <ele>879.3996868620014</ele>
      </trkpt>
      <trkpt lat="54.53212" lon="-3.02492">
        <ele>881.3581408031681</ele>
      </trkpt>
      <trkpt lat="54.53209" lon="-3.02495">
        <ele>882.5747148563592</ele>
      </trkpt>
      <trkpt lat="54.53199" lon="-3.02496">
        <ele>884.6890934985772</ele>
      </trkpt>
      <trkpt lat="54.53185" lon="-3.02507">
        <ele>890.6253400922286</ele>
      </trkpt>
      <trkpt lat="54.53164" lon="-3.02516">
        <ele>900.2763028595074</ele>
      </trkpt>
      <trkpt lat="54.53125" lon="-3.02526">
        <ele>914.0046390210638</ele>
      </trkpt>
      <trkpt lat="54.5311" lon="-3.02537">
        <ele>920.0395902877448</ele>
      </trkpt>
      <trkpt lat="54.53083" lon="-3.02545">
        <ele>923.1123051533044</ele>
      </trkpt>
      <trkpt lat="54.53068" lon="-3.02552">
        <ele>922.6781178759425</ele>
      </trkpt>
      <trkpt lat="54.53052" lon="-3.02565">
        <ele>919.6450108241362</ele>
      </trkpt>
      <trkpt lat="54.53042" lon="-3.02571">
        <ele>916.9867609921071</ele>
      </trkpt>
      <trkpt lat="54.53035" lon="-3.02572">
        <ele>914.738384734857</ele>
      </trkpt>
      <trkpt lat="54.53024" lon="-3.02567">
        <ele>911.4618993484193</ele>
      </trkpt>
      <trkpt lat="54.53011" lon="-3.02564">
        <ele>910.6560549380018</ele>
      </trkpt>
      <trkpt lat="54.52995" lon="-3.02556">
        <ele>910.9628794928522</ele>
      </trkpt>
      <trkpt lat="54.52974" lon="-3.02538">
        <ele>909.4671627770218</ele>
      </trkpt>
      <trkpt lat="54.52944" lon="-3.02502">
        <ele>907.4022263878202</ele>
      </trkpt>
      <trkpt lat="54.52911" lon="-3.02453">
        <ele>906.2133089161462</ele>
      </trkpt>
      <trkpt lat="54.52897" lon="-3.0242">
        <ele>908.596138123572</ele>
      </trkpt>
      <trkpt lat="54.52892" lon="-3.02404">
        <ele>909.6016475966583</ele>
      </trkpt>
      <trkpt lat="54.52871" lon="-3.02309">
        <ele>916.8103935704498</ele>
      </trkpt>
      <trkpt lat="54.52844" lon="-3.02235">
        <ele>923.7886876372925</ele>
      </trkpt>
      <trkpt lat="54.52816" lon="-3.0215">
        <ele>930.9216250325348</ele>
      </trkpt>
      <trkpt lat="54.52749" lon="-3.01983">
        <ele>941.5072519788534</ele>
      </trkpt>
      <trkpt lat="54.52745" lon="-3.01969">
        <ele>942.3404879357496</ele>
      </trkpt>
      <trkpt lat="54.52739" lon="-3.01928">
        <ele>945.6331727828913</ele>
      </trkpt>
      <trkpt lat="54.52742" lon="-3.01875">
        <ele>948.0651534809615</ele>
      </trkpt>
      <trkpt lat="54.52708" lon="-3.01827">
        <ele>947.8690220131431</ele>
      </trkpt>
      <trkpt lat="54.527" lon="-3.01807">
        <ele>947.5090469064611</ele>
      </trkpt>
      <trkpt lat="54.52697" lon="-3.01748">
        <ele>946.6176591039687</ele>
      </trkpt>
      <trkpt lat="54.52686" lon="-3.01742">
        <ele>945.0071997968057</ele>
      </trkpt>
      <trkpt lat="54.52671" lon="-3.01734">
        <ele>942.5908532859376</ele>
      </trkpt>
      <trkpt lat="54.52664" lon="-3.01727">
        <ele>940.9630267167532</ele>
      </trkpt>
      <trkpt lat="54.52631" lon="-3.0171">
        <ele>934.3467624106161</ele>
      </trkpt>
      <trkpt lat="54.52597" lon="-3.01704">
        <ele>930.8143595875356</ele>
      </trkpt>
      <trkpt lat="54.52521" lon="-3.01662">
        <ele>919.7814322119261</ele>
      </trkpt>
      <trkpt lat="54.52483" lon="-3.01655">
        <ele>913.0026103265396</ele>
      </trkpt>
      <trkpt lat="54.52444" lon="-3.01637">
        <ele>906.5687201873263</ele>
      </trkpt>
      <trkpt lat="54.52414" lon="-3.01637">
        <ele>902.0346901214957</ele>
      </trkpt>
      <trkpt lat="54.52336" lon="-3.01621">
        <ele>893.9449240590607</ele>
      </trkpt>
      <trkpt lat="54.52196" lon="-3.01662">
        <ele>871.4287684424047</ele>
      </trkpt>
      <trkpt lat="54.52113" lon="-3.01667">
        <ele>862.3605778333495</ele>
      </trkpt>
      <trkpt lat="54.52097" lon="-3.01659">
        <ele>862.7065505408661</ele>
      </trkpt>
      <trkpt lat="54.52086" lon="-3.01655">
        <ele>864.0949249046831</ele>
      </trkpt>
      <trkpt lat="54.52074" lon="-3.01655">
        <ele>866.3643431417216</ele>
      </trkpt>
      <trkpt lat="54.52068" lon="-3.01638">
        <ele>869.4767066373273</ele>
      </trkpt>
      <trkpt lat="54.52061" lon="-3.01628">
        <ele>873.0197623551426</ele>
      </trkpt>
      <trkpt lat="54.52037" lon="-3.01622">
        <ele>880.2180802078681</ele>
      </trkpt>
      <trkpt lat="54.52027" lon="-3.01614">
        <ele>882.5942569713401</ele>
      </trkpt>
      <trkpt lat="54.51998" lon="-3.01604">
        <ele>885.502659464421</ele>
      </trkpt>
      <trkpt lat="54.5195" lon="-3.01598">
        <ele>887.6870717381764</ele>
      </trkpt>
      <trkpt lat="54.51919" lon="-3.01584">
        <ele>888.0567503071954</ele>
      </trkpt>
      <trkpt lat="54.51902" lon="-3.01553">
        <ele>890.4954101870608</ele>
      </trkpt>
      <trkpt lat="54.51861" lon="-3.01518">
        <ele>890.4409310108616</ele>
      </trkpt>
      <trkpt lat="54.51826" lon="-3.0148">
        <ele>889.1200867979522</ele>
      </trkpt>
      <trkpt lat="54.51779" lon="-3.0149">
        <ele>887.2527201549301</ele>
      </trkpt>
      <trkpt lat="54.51658" lon="-3.01573">
        <ele>882.5415648522903</ele>
      </trkpt>
      <trkpt lat="54.51572" lon="-3.01649">
        <ele>875.6031321845115</ele>
      </trkpt>
      <trkpt lat="54.51515" lon="-3.01677">
        <ele>872.2984002848536</ele>
      </trkpt>
      <trkpt lat="54.51357" lon="-3.01719">
        <ele>861.6558950804621</ele>
      </trkpt>
      <trkpt lat="54.51328" lon="-3.01714">
        <ele>855.9906963021521</ele>
      </trkpt>
      <trkpt lat="54.51306" lon="-3.01717">
        <ele>848.9959868132105</ele>
      </trkpt>
      <trkpt lat="54.51297" lon="-3.01707">
        <ele>847.5035205430868</ele>
      </trkpt>
      <trkpt lat="54.51289" lon="-3.01708">
        <ele>844.7929217553653</ele>
      </trkpt>
      <trkpt lat="54.51241" lon="-3.01665">
        <ele>832.7798971719155</ele>
      </trkpt>
      <trkpt lat="54.51206" lon="-3.01616">
        <ele>824.9130139232957</ele>
      </trkpt>
      <trkpt lat="54.51183" lon="-3.01579">
        <ele>821.2225216048798</ele>
      </trkpt>
      <trkpt lat="54.51163" lon="-3.01555">
        <ele>814.6387180949488</ele>
      </trkpt>
      <trkpt lat="54.51159" lon="-3.01543">
        <ele>812.6769886706414</ele>
      </trkpt>
      <trkpt lat="54.51149" lon="-3.01537">
        <ele>811.1585650934538</ele>
      </trkpt>
      <trkpt lat="54.51095" lon="-3.01529">
        <ele>808.2208013469349</ele>
      </trkpt>
      <trkpt lat="54.51063" lon="-3.01528">
        <ele>813.2127713334683</ele>
      </trkpt>
      <trkpt lat="54.51038" lon="-3.01521">
        <ele>814.0998702473939</ele>
      </trkpt>
      <trkpt lat="54.51016" lon="-3.01509">
        <ele>816.6601331590768</ele>
      </trkpt>
      <trkpt lat="54.51" lon="-3.01514">
        <ele>823.8054696690858</ele>
      </trkpt>
      <trkpt lat="54.50983" lon="-3.01512">
        <ele>828.993340001474</ele>
      </trkpt>
      <trkpt lat="54.50953" lon="-3.01525">
        <ele>831.8982648636108</ele>
      </trkpt>
      <trkpt lat="54.50926" lon="-3.01528">
        <ele>835.3762382309304</ele>
      </trkpt>
      <trkpt lat="54.50907" lon="-3.01514">
        <ele>834.4856947642955</ele>
      </trkpt>
      <trkpt lat="54.50892" lon="-3.01479">
        <ele>833.3463946308382</ele>
      </trkpt>
      <trkpt lat="54.50868" lon="-3.01328">
        <ele>836.2204351202213</ele>
      </trkpt>
      <trkpt lat="54.50861" lon="-3.01275">
        <ele>838.6512049288071</ele>
      </trkpt>
      <trkpt lat="54.50856" lon="-3.01227">
        <ele>845.8939366362362</ele>
      </trkpt>
      <trkpt lat="54.50854" lon="-3.0116">
        <ele>856.773784934454</ele>
      </trkpt>
      <trkpt lat="54.50864" lon="-3.01124">
        <ele>853.178647520503</ele>
      </trkpt>
      <trkpt lat="54.50838" lon="-3.01154">
        <ele>850.3761528819691</ele>
      </trkpt>
      <trkpt lat="54.50808" lon="-3.01165">
        <ele>845.9448724694057</ele>
      </trkpt>
      <trkpt lat="54.50788" lon="-3.01138">
        <ele>839.8167067834021</ele>
      </trkpt>
      <trkpt lat="54.50722" lon="-3.01126">
        <ele>830.9231799666849</ele>
      </trkpt>
      <trkpt lat="54.50712" lon="-3.01128">
        <ele>829.3449874105219</ele>
      </trkpt>
      <trkpt lat="54.50654" lon="-3.01172">
        <ele>816.7061163149256</ele>
      </trkpt>
      <trkpt lat="54.50592" lon="-3.01226">
        <ele>796.6627656024842</ele>
      </trkpt>
      <trkpt lat="54.50563" lon="-3.01239">
        <ele>785.4074908306299</ele>
      </trkpt>
      <trkpt lat="54.50528" lon="-3.01249">
        <ele>769.8226275273594</ele>
      </trkpt>
      <trkpt lat="54.50505" lon="-3.01253">
        <ele>757.2848330446525</ele>
      </trkpt>
      <trkpt lat="54.50474" lon="-3.01269">
        <ele>737.0315233001945</ele>
      </trkpt>
      <trkpt lat="54.50425" lon="-3.01275">
        <ele>703.887979737473</ele>
      </trkpt>
      <trkpt lat="54.50394" lon="-3.01288">
        <ele>681.4865507309681</ele>
      </trkpt>
      <trkpt lat="54.50335" lon="-3.01294">
        <ele>645.0321528903582</ele>
      </trkpt>
      <trkpt lat="54.50239" lon="-3.01327">
        <ele>600.0089748217702</ele>
      </trkpt>
      <trkpt lat="54.5022" lon="-3.01341">
        <ele>595.945014942431</ele>
      </trkpt>
      <trkpt lat="54.50209" lon="-3.01343">
        <ele>594.8547082350501</ele>
      </trkpt>
      <trkpt lat="54.50188" lon="-3.01339">
        <ele>593.4896789299302</ele>
      </trkpt>
      <trkpt lat="54.50156" lon="-3.01343">
        <ele>591.5693225293719</ele>
      </trkpt>
      <trkpt lat="54.50124" lon="-3.01342">
        <ele>588.188336900006</ele>
      </trkpt>
      <trkpt lat="54.50095" lon="-3.01351">
        <ele>587.8015223565963</ele>
      </trkpt>
      <trkpt lat="54.50082" lon="-3.01362">
        <ele>586.898238639923</ele>
      </trkpt>
      <trkpt lat="54.50067" lon="-3.01382">
        <ele>585.7292542086985</ele>
      </trkpt>
      <trkpt lat="54.50048" lon="-3.01398">
        <ele>583.2292328371767</ele>
      </trkpt>
      <trkpt lat="54.49992" lon="-3.01408">
        <ele>574.6999052045784</ele>
      </trkpt>
      <trkpt lat="54.4997" lon="-3.01407">
        <ele>570.9232379356283</ele>
      </trkpt>
      <trkpt lat="54.49967" lon="-3.01411">
        <ele>570.858279226122</ele>
      </trkpt>
      <trkpt lat="54.49958" lon="-3.01417">
        <ele>570.7977453386347</ele>
      </trkpt>
      <trkpt lat="54.49939" lon="-3.01419">
        <ele>572.9289713968011</ele>
      </trkpt>
      <trkpt lat="54.49923" lon="-3.01404">
        <ele>574.5853015468472</ele>
      </trkpt>
      <trkpt lat="54.49908" lon="-3.01378">
        <ele>573.499285832217</ele>
      </trkpt>
      <trkpt lat="54.49879" lon="-3.01363">
        <ele>577.2473131309303</ele>
      </trkpt>
      <trkpt lat="54.49875" lon="-3.01344">
        <ele>575.8088973281159</ele>
      </trkpt>
      <trkpt lat="54.49872" lon="-3.01337">
        <ele>574.8084049595569</ele>
      </trkpt>
      <trkpt lat="54.49859" lon="-3.01326">
        <ele>579.0607346252069</ele>
      </trkpt>
      <trkpt lat="54.49856" lon="-3.01298">
        <ele>577.0515419488695</ele>
      </trkpt>
      <trkpt lat="54.4983" lon="-3.01247">
        <ele>576.0269421559531</ele>
      </trkpt>
      <trkpt lat="54.49828" lon="-3.01238">
        <ele>574.5258719314907</ele>
      </trkpt>
      <trkpt lat="54.49808" lon="-3.01193">
        <ele>574.0523811433281</ele>
      </trkpt>
      <trkpt lat="54.49806" lon="-3.01179">
        <ele>571.2998199806063</ele>
      </trkpt>
      <trkpt lat="54.49792" lon="-3.01161">
        <ele>571.4930944694659</ele>
      </trkpt>
      <trkpt lat="54.49781" lon="-3.01141">
        <ele>570.0572829624032</ele>
      </trkpt>
      <trkpt lat="54.49773" lon="-3.01116">
        <ele>569.0527779987715</ele>
      </trkpt>
      <trkpt lat="54.49749" lon="-3.01042">
        <ele>572.3361135064326</ele>
      </trkpt>
      <trkpt lat="54.49744" lon="-3.01036">
        <ele>573.9203408645656</ele>
      </trkpt>
      <trkpt lat="54.49738" lon="-3.01011">
        <ele>574.6160216742923</ele>
      </trkpt>
      <trkpt lat="54.49729" lon="-3.0099">
        <ele>576.8875949882776</ele>
      </trkpt>
      <trkpt lat="54.4972" lon="-3.00957">
        <ele>576.6464153794376</ele>
      </trkpt>
      <trkpt lat="54.49705" lon="-3.00922">
        <ele>579.4610722638301</ele>
      </trkpt>
      <trkpt lat="54.49692" lon="-3.00873">
        <ele>583.5409699344117</ele>
      </trkpt>
      <trkpt lat="54.49687" lon="-3.00846">
        <ele>584.1677190647947</ele>
      </trkpt>
      <trkpt lat="54.49677" lon="-3.0082">
        <ele>585.4453267287167</ele>
      </trkpt>
      <trkpt lat="54.49669" lon="-3.00804">
        <ele>587.2627637425098</ele>
      </trkpt>
      <trkpt lat="54.49658" lon="-3.00755">
        <ele>585.6698575621614</ele>
      </trkpt>
      <trkpt lat="54.49635" lon="-3.00689">
        <ele>585.5096072984159</ele>
      </trkpt>
      <trkpt lat="54.4963" lon="-3.00657">
        <ele>589.031007433709</ele>
      </trkpt>
      <trkpt lat="54.49643" lon="-3.00631">
        <ele>591.1226322774655</ele>
      </trkpt>
      <trkpt lat="54.49657" lon="-3.00616">
        <ele>595.2248711593272</ele>
      </trkpt>
      <trkpt lat="54.49657" lon="-3.00602">
        <ele>598.2876629430943</ele>
      </trkpt>
      <trkpt lat="54.49659" lon="-3.006">
        <ele>598.8977174555802</ele>
      </trkpt>
      <trkpt lat="54.49658" lon="-3.00594">
        <ele>600.1923266820572</ele>
      </trkpt>
      <trkpt lat="54.49665" lon="-3.00578">
        <ele>604.7037903570863</ele>
      </trkpt>
      <trkpt lat="54.49663" lon="-3.00574">
        <ele>605.0576076422013</ele>
      </trkpt>
      <trkpt lat="54.49667" lon="-3.00573">
        <ele>605.8881050301411</ele>
      </trkpt>
      <trkpt lat="54.49665" lon="-3.0057">
        <ele>606.1327646934941</ele>
      </trkpt>
      <trkpt lat="54.49668" lon="-3.00568">
        <ele>606.892045888502</ele>
      </trkpt>
      <trkpt lat="54.49667" lon="-3.00566">
        <ele>607.211015414112</ele>
      </trkpt>
      <trkpt lat="54.49681" lon="-3.00536">
        <ele>611.7922189741774</ele>
      </trkpt>
      <trkpt lat="54.49696" lon="-3.00494">
        <ele>614.1277909315903</ele>
      </trkpt>
      <trkpt lat="54.497" lon="-3.00469">
        <ele>613.4704985210366</ele>
      </trkpt>
      <trkpt lat="54.497" lon="-3.00434">
        <ele>613.333810128573</ele>
      </trkpt>
      <trkpt lat="54.49707" lon="-3.00423">
        <ele>616.5462788412524</ele>
      </trkpt>
      <trkpt lat="54.4971" lon="-3.00415">
        <ele>617.2363168325935</ele>
      </trkpt>
      <trkpt lat="54.49708" lon="-3.00407">
        <ele>618.252817159429</ele>
      </trkpt>
      <trkpt lat="54.49708" lon="-3.00388">
        <ele>617.3877528144855</ele>
      </trkpt>
      <trkpt lat="54.49713" lon="-3.00361">
        <ele>620.3172602220033</ele>
      </trkpt>
      <trkpt lat="54.49716" lon="-3.00353">
        <ele>622.1222334370334</ele>
      </trkpt>
      <trkpt lat="54.49717" lon="-3.0034">
        <ele>625.2990153387518</ele>
      </trkpt>
      <trkpt lat="54.49725" lon="-3.00326">
        <ele>628.512961572082</ele>
      </trkpt>
      <trkpt lat="54.49726" lon="-3.00319">
        <ele>630.1401731844034</ele>
      </trkpt>
      <trkpt lat="54.49722" lon="-3.00291">
        <ele>634.7153507928521</ele>
      </trkpt>
      <trkpt lat="54.49727" lon="-3.00276">
        <ele>638.3443027138894</ele>
      </trkpt>
      <trkpt lat="54.49725" lon="-3.00267">
        <ele>639.7402545907003</ele>
      </trkpt>
      <trkpt lat="54.49727" lon="-3.00257">
        <ele>642.304085262226</ele>
      </trkpt>
      <trkpt lat="54.49726" lon="-3.00244">
        <ele>645.3200851802576</ele>
      </trkpt>
      <trkpt lat="54.4973" lon="-3.00219">
        <ele>652.6769642265522</ele>
      </trkpt>
      <trkpt lat="54.49733" lon="-3.00214">
        <ele>654.597255000844</ele>
      </trkpt>
      <trkpt lat="54.49732" lon="-3.00206">
        <ele>657.148109881854</ele>
      </trkpt>
      <trkpt lat="54.49742" lon="-3.00193">
        <ele>661.3537265356258</ele>
      </trkpt>
      <trkpt lat="54.49756" lon="-3.00164">
        <ele>667.3658340088865</ele>
      </trkpt>
      <trkpt lat="54.49754" lon="-3.00158">
        <ele>669.292820823774</ele>
      </trkpt>
      <trkpt lat="54.49767" lon="-3.00125">
        <ele>677.0205754737328</ele>
      </trkpt>
      <trkpt lat="54.49775" lon="-3.00087">
        <ele>688.2117034952175</ele>
      </trkpt>
      <trkpt lat="54.49767" lon="-3.00074">
        <ele>694.9540705905256</ele>
      </trkpt>
      <trkpt lat="54.49774" lon="-3.00058">
        <ele>698.6568622181738</ele>
      </trkpt>
      <trkpt lat="54.49774" lon="-3.00055">
        <ele>699.7771416156186</ele>
      </trkpt>
      <trkpt lat="54.49755" lon="-3.0005">
        <ele>706.5987462286125</ele>
      </trkpt>
      <trkpt lat="54.4975" lon="-3.0004">
        <ele>710.7087034156725</ele>
      </trkpt>
      <trkpt lat="54.49751" lon="-3.00016">
        <ele>719.3491382117322</ele>
      </trkpt>
      <trkpt lat="54.49755" lon="-3">
        <ele>724.5798301836825</ele>
      </trkpt>
      <trkpt lat="54.49755" lon="-2.99993">
        <ele>727.1784854109203</ele>
      </trkpt>
      <trkpt lat="54.4975" lon="-2.99984">
        <ele>731.6997891994355</ele>
      </trkpt>
      <trkpt lat="54.49755" lon="-2.99974">
        <ele>733.9270722624619</ele>
      </trkpt>
      <trkpt lat="54.49742" lon="-2.99958">
        <ele>742.1919059138852</ele>
      </trkpt>
      <trkpt lat="54.49737" lon="-2.99955">
        <ele>743.8777036641063</ele>
      </trkpt>
      <trkpt lat="54.49735" lon="-2.9995">
        <ele>745.3097830726286</ele>
      </trkpt>
      <trkpt lat="54.49739" lon="-2.99934">
        <ele>749.9763791778348</ele>
      </trkpt>
      <trkpt lat="54.49736" lon="-2.99928">
        <ele>752.2104163065502</ele>
      </trkpt>
      <trkpt lat="54.49741" lon="-2.99914">
        <ele>756.7523450936844</ele>
      </trkpt>
      <trkpt lat="54.49734" lon="-2.99898">
        <ele>763.0192781771251</ele>
      </trkpt>
      <trkpt lat="54.49728" lon="-2.99888">
        <ele>766.4621385412784</ele>
      </trkpt>
      <trkpt lat="54.49732" lon="-2.99879">
        <ele>769.757210239685</ele>
      </trkpt>
      <trkpt lat="54.49725" lon="-2.99866">
        <ele>773.844376873497</ele>
      </trkpt>
      <trkpt lat="54.49727" lon="-2.9986">
        <ele>776.082523294771</ele>
      </trkpt>
      <trkpt lat="54.49721" lon="-2.9985">
        <ele>778.262486160856</ele>
      </trkpt>
      <trkpt lat="54.49716" lon="-2.99833">
        <ele>782.3465614824594</ele>
      </trkpt>
      <trkpt lat="54.49713" lon="-2.99812">
        <ele>787.3594724655811</ele>
      </trkpt>
      <trkpt lat="54.49707" lon="-2.99801">
        <ele>788.8105983848692</ele>
      </trkpt>
      <trkpt lat="54.49696" lon="-2.99729">
        <ele>799.9856964697813</ele>
      </trkpt>
      <trkpt lat="54.49695" lon="-2.9969">
        <ele>806.6944803958839</ele>
      </trkpt>
      <trkpt lat="54.49698" lon="-2.99678">
        <ele>810.2717345939745</ele>
      </trkpt>
      <trkpt lat="54.49705" lon="-2.99674">
        <ele>812.5262900703455</ele>
      </trkpt>
      <trkpt lat="54.49712" lon="-2.99646">
        <ele>820.372363653446</ele>
      </trkpt>
      <trkpt lat="54.49728" lon="-2.99619">
        <ele>827.7234061288127</ele>
      </trkpt>
      <trkpt lat="54.49744" lon="-2.99598">
        <ele>832.8205089022354</ele>
      </trkpt>
      <trkpt lat="54.49747" lon="-2.9959">
        <ele>834.1567930190436</ele>
      </trkpt>
      <trkpt lat="54.49747" lon="-2.9957">
        <ele>837.2467054058125</ele>
      </trkpt>
      <trkpt lat="54.49735" lon="-2.99545">
        <ele>840.6950514919048</ele>
      </trkpt>
      <trkpt lat="54.49736" lon="-2.99518">
        <ele>844.6187112942731</ele>
      </trkpt>
      <trkpt lat="54.49727" lon="-2.99486">
        <ele>849.3174754574823</ele>
      </trkpt>
      <trkpt lat="54.49723" lon="-2.9943">
        <ele>857.2989798772794</ele>
      </trkpt>
      <trkpt lat="54.49714" lon="-2.99371">
        <ele>861.8799277012182</ele>
      </trkpt>
      <trkpt lat="54.49715" lon="-2.99362">
        <ele>862.3521781991715</ele>
      </trkpt>
      <trkpt lat="54.49714" lon="-2.99354">
        <ele>862.990495007208</ele>
      </trkpt>
      <trkpt lat="54.49717" lon="-2.99347">
        <ele>863.7331025453911</ele>
      </trkpt>
      <trkpt lat="54.49715" lon="-2.99334">
        <ele>864.9989184438253</ele>
      </trkpt>
      <trkpt lat="54.49713" lon="-2.99297">
        <ele>868.3848155598332</ele>
      </trkpt>
      <trkpt lat="54.49714" lon="-2.99189">
        <ele>871.2573059206625</ele>
      </trkpt>
      <trkpt lat="54.49704" lon="-2.99176">
        <ele>871.9602519389929</ele>
      </trkpt>
      <trkpt lat="54.49714" lon="-2.99189">
        <ele>871.2573059206625</ele>
      </trkpt>
      <trkpt lat="54.49713" lon="-2.99297">
        <ele>868.3848155598332</ele>
      </trkpt>
      <trkpt lat="54.49715" lon="-2.99334">
        <ele>864.9989184438253</ele>
      </trkpt>
      <trkpt lat="54.49717" lon="-2.99347">
        <ele>863.7331025453911</ele>
      </trkpt>
      <trkpt lat="54.49714" lon="-2.99354">
        <ele>862.990495007208</ele>
      </trkpt>
      <trkpt lat="54.49715" lon="-2.99362">
        <ele>862.3521781991715</ele>
      </trkpt>
      <trkpt lat="54.49714" lon="-2.99371">
        <ele>861.8799277012182</ele>
      </trkpt>
      <trkpt lat="54.49723" lon="-2.9943">
        <ele>857.2989798772794</ele>
      </trkpt>
      <trkpt lat="54.49727" lon="-2.99486">
        <ele>849.3174754574823</ele>
      </trkpt>
      <trkpt lat="54.49736" lon="-2.99518">
        <ele>844.6187112942731</ele>
      </trkpt>
      <trkpt lat="54.49735" lon="-2.99545">
        <ele>840.6950514919048</ele>
      </trkpt>
      <trkpt lat="54.49747" lon="-2.9957">
        <ele>837.2467054058125</ele>
      </trkpt>
      <trkpt lat="54.49747" lon="-2.9959">
        <ele>834.1567930190436</ele>
      </trkpt>
      <trkpt lat="54.49744" lon="-2.99598">
        <ele>832.8205089022354</ele>
      </trkpt>
      <trkpt lat="54.49728" lon="-2.99619">
        <ele>827.7234061288127</ele>
      </trkpt>
      <trkpt lat="54.49712" lon="-2.99646">
        <ele>820.372363653446</ele>
      </trkpt>
      <trkpt lat="54.49705" lon="-2.99674">
        <ele>812.5262900703455</ele>
      </trkpt>
      <trkpt lat="54.49698" lon="-2.99678">
        <ele>810.2717345939745</ele>
      </trkpt>
      <trkpt lat="54.49695" lon="-2.9969">
        <ele>806.6944803958839</ele>
      </trkpt>
      <trkpt lat="54.49696" lon="-2.99729">
        <ele>799.9856964697813</ele>
      </trkpt>
      <trkpt lat="54.49707" lon="-2.99801">
        <ele>788.8105983848692</ele>
      </trkpt>
      <trkpt lat="54.49713" lon="-2.99812">
        <ele>787.3594724655811</ele>
      </trkpt>
      <trkpt lat="54.49716" lon="-2.99833">
        <ele>782.3465614824594</ele>
      </trkpt>
      <trkpt lat="54.49721" lon="-2.9985">
        <ele>778.262486160856</ele>
      </trkpt>
      <trkpt lat="54.49727" lon="-2.9986">
        <ele>776.082523294771</ele>
      </trkpt>
      <trkpt lat="54.49725" lon="-2.99866">
        <ele>773.844376873497</ele>
      </trkpt>
      <trkpt lat="54.49732" lon="-2.99879">
        <ele>769.757210239685</ele>
      </trkpt>
      <trkpt lat="54.49728" lon="-2.99888">
        <ele>766.4621385412784</ele>
      </trkpt>
      <trkpt lat="54.49734" lon="-2.99898">
        <ele>763.0192781771251</ele>
      </trkpt>
      <trkpt lat="54.49741" lon="-2.99914">
        <ele>756.7523450936844</ele>
      </trkpt>
      <trkpt lat="54.49736" lon="-2.99928">
        <ele>752.2104163065502</ele>
      </trkpt>
      <trkpt lat="54.49739" lon="-2.99934">
        <ele>749.9763791778348</ele>
      </trkpt>
      <trkpt lat="54.49735" lon="-2.9995">
        <ele>745.3097830726286</ele>
      </trkpt>
      <trkpt lat="54.49737" lon="-2.99955">
        <ele>743.8777036641063</ele>
      </trkpt>
      <trkpt lat="54.49742" lon="-2.99958">
        <ele>742.1919059138852</ele>
      </trkpt>
      <trkpt lat="54.49755" lon="-2.99974">
        <ele>733.9270722624619</ele>
      </trkpt>
      <trkpt lat="54.4975" lon="-2.99984">
        <ele>731.6997891994355</ele>
      </trkpt>
      <trkpt lat="54.49755" lon="-2.99993">
        <ele>727.1784854109203</ele>
      </trkpt>
      <trkpt lat="54.49755" lon="-3">
        <ele>724.5798301836825</ele>
      </trkpt>
      <trkpt lat="54.49751" lon="-3.00016">
        <ele>719.3491382117322</ele>
      </trkpt>
      <trkpt lat="54.4975" lon="-3.0004">
        <ele>710.7087034156725</ele>
      </trkpt>
      <trkpt lat="54.49755" lon="-3.0005">
        <ele>706.5987462286125</ele>
      </trkpt>
      <trkpt lat="54.49774" lon="-3.00055">
        <ele>699.7771416156186</ele>
      </trkpt>
      <trkpt lat="54.49774" lon="-3.00058">
        <ele>698.6568622181738</ele>
      </trkpt>
      <trkpt lat="54.49767" lon="-3.00074">
        <ele>694.9540705905256</ele>
      </trkpt>
      <trkpt lat="54.49775" lon="-3.00087">
        <ele>688.2117034952175</ele>
      </trkpt>
      <trkpt lat="54.49767" lon="-3.00125">
        <ele>677.0205754737328</ele>
      </trkpt>
      <trkpt lat="54.49754" lon="-3.00158">
        <ele>669.292820823774</ele>
      </trkpt>
      <trkpt lat="54.49756" lon="-3.00164">
        <ele>667.3658340088865</ele>
      </trkpt>
      <trkpt lat="54.49742" lon="-3.00193">
        <ele>661.3537265356258</ele>
      </trkpt>
      <trkpt lat="54.49732" lon="-3.00206">
        <ele>657.148109881854</ele>
      </trkpt>
      <trkpt lat="54.49733" lon="-3.00214">
        <ele>654.597255000844</ele>
      </trkpt>
      <trkpt lat="54.4973" lon="-3.00219">
        <ele>652.6769642265522</ele>
      </trkpt>
      <trkpt lat="54.49726" lon="-3.00244">
        <ele>645.3200851802576</ele>
      </trkpt>
      <trkpt lat="54.49727" lon="-3.00257">
        <ele>642.304085262226</ele>
      </trkpt>
      <trkpt lat="54.49725" lon="-3.00267">
        <ele>639.7402545907003</ele>
      </trkpt>
      <trkpt lat="54.49727" lon="-3.00276">
        <ele>638.3443027138894</ele>
      </trkpt>
      <trkpt lat="54.49722" lon="-3.00291">
        <ele>634.7153507928521</ele>
      </trkpt>
      <trkpt lat="54.49726" lon="-3.00319">
        <ele>630.1401731844034</ele>
      </trkpt>
      <trkpt lat="54.49725" lon="-3.00326">
        <ele>628.512961572082</ele>
      </trkpt>
      <trkpt lat="54.49717" lon="-3.0034">
        <ele>625.2990153387518</ele>
      </trkpt>
      <trkpt lat="54.49716" lon="-3.00353">
        <ele>622.1222334370334</ele>
      </trkpt>
      <trkpt lat="54.49713" lon="-3.00361">
        <ele>620.3172602220033</ele>
      </trkpt>
      <trkpt lat="54.49708" lon="-3.00388">
        <ele>617.3877528144855</ele>
      </trkpt>
      <trkpt lat="54.49708" lon="-3.00407">
        <ele>618.252817159429</ele>
      </trkpt>
      <trkpt lat="54.4971" lon="-3.00415">
        <ele>617.2363168325935</ele>
      </trkpt>
      <trkpt lat="54.49707" lon="-3.00423">
        <ele>616.5462788412524</ele>
      </trkpt>
      <trkpt lat="54.497" lon="-3.00434">
        <ele>613.333810128573</ele>
      </trkpt>
      <trkpt lat="54.497" lon="-3.00469">
        <ele>613.4704985210366</ele>
      </trkpt>
      <trkpt lat="54.49696" lon="-3.00494">
        <ele>614.1277909315903</ele>
      </trkpt>
      <trkpt lat="54.49681" lon="-3.00536">
        <ele>611.7922189741774</ele>
      </trkpt>
      <trkpt lat="54.49667" lon="-3.00566">
        <ele>607.211015414112</ele>
      </trkpt>
      <trkpt lat="54.49668" lon="-3.00568">
        <ele>606.892045888502</ele>
      </trkpt>
      <trkpt lat="54.49665" lon="-3.0057">
        <ele>606.1327646934941</ele>
      </trkpt>
      <trkpt lat="54.49667" lon="-3.00573">
        <ele>605.8881050301411</ele>
      </trkpt>
      <trkpt lat="54.49663" lon="-3.00574">
        <ele>605.0576076422013</ele>
      </trkpt>
      <trkpt lat="54.49665" lon="-3.00578">
        <ele>604.7037903570863</ele>
      </trkpt>
      <trkpt lat="54.49658" lon="-3.00594">
        <ele>600.1923266820572</ele>
      </trkpt>
      <trkpt lat="54.49659" lon="-3.006">
        <ele>598.8977174555802</ele>
      </trkpt>
      <trkpt lat="54.49657" lon="-3.00602">
        <ele>598.2876629430943</ele>
      </trkpt>
      <trkpt lat="54.49657" lon="-3.00616">
        <ele>595.2248711593272</ele>
      </trkpt>
      <trkpt lat="54.49643" lon="-3.00631">
        <ele>591.1226322774655</ele>
      </trkpt>
      <trkpt lat="54.49607" lon="-3.00701">
        <ele>585.4572812338625</ele>
      </trkpt>
      <trkpt lat="54.49605" lon="-3.0071">
        <ele>585.955678043752</ele>
      </trkpt>
      <trkpt lat="54.4961" lon="-3.00727">
        <ele>588.7875541018271</ele>
      </trkpt>
      <trkpt lat="54.49611" lon="-3.0076">
        <ele>601.4346724074001</ele>
      </trkpt>
      <trkpt lat="54.49607" lon="-3.00774">
        <ele>609.0212001341923</ele>
      </trkpt>
      <trkpt lat="54.496" lon="-3.00781">
        <ele>614.5304391701153</ele>
      </trkpt>
      <trkpt lat="54.49579" lon="-3.00786">
        <ele>624.8131800625275</ele>
      </trkpt>
      <trkpt lat="54.49557" lon="-3.00852">
        <ele>645.2502875994687</ele>
      </trkpt>
      <trkpt lat="54.49542" lon="-3.00886">
        <ele>659.1677317887511</ele>
      </trkpt>
      <trkpt lat="54.49539" lon="-3.00903">
        <ele>665.6950823093025</ele>
      </trkpt>
      <trkpt lat="54.49524" lon="-3.00938">
        <ele>679.6232992347963</ele>
      </trkpt>
      <trkpt lat="54.49517" lon="-3.00948">
        <ele>682.68544944741</ele>
      </trkpt>
      <trkpt lat="54.49518" lon="-3.00953">
        <ele>684.4037715725868</ele>
      </trkpt>
      <trkpt lat="54.49511" lon="-3.00969">
        <ele>688.2271138126338</ele>
      </trkpt>
      <trkpt lat="54.49505" lon="-3.00981">
        <ele>691.2544794300616</ele>
      </trkpt>
      <trkpt lat="54.49496" lon="-3.00988">
        <ele>693.9020327269277</ele>
      </trkpt>
      <trkpt lat="54.49484" lon="-3.01011">
        <ele>700.0805282073796</ele>
      </trkpt>
      <trkpt lat="54.49473" lon="-3.0104">
        <ele>705.3370116941034</ele>
      </trkpt>
      <trkpt lat="54.49462" lon="-3.01081">
        <ele>710.023690751515</ele>
      </trkpt>
      <trkpt lat="54.49458" lon="-3.01117">
        <ele>712.1231752780136</ele>
      </trkpt>
      <trkpt lat="54.49459" lon="-3.01164">
        <ele>714.1536220785283</ele>
      </trkpt>
      <trkpt lat="54.49478" lon="-3.01233">
        <ele>719.9734079385048</ele>
      </trkpt>
      <trkpt lat="54.49479" lon="-3.01258">
        <ele>721.657747697338</ele>
      </trkpt>
      <trkpt lat="54.4947" lon="-3.01285">
        <ele>723.8933955525114</ele>
      </trkpt>
      <trkpt lat="54.49467" lon="-3.01298">
        <ele>725.1288169351461</ele>
      </trkpt>
      <trkpt lat="54.49471" lon="-3.01322">
        <ele>729.062615385579</ele>
      </trkpt>
      <trkpt lat="54.49471" lon="-3.01339">
        <ele>731.3595570698378</ele>
      </trkpt>
      <trkpt lat="54.49473" lon="-3.01355">
        <ele>731.9490464921794</ele>
      </trkpt>
      <trkpt lat="54.49483" lon="-3.01382">
        <ele>733.5731583759033</ele>
      </trkpt>
      <trkpt lat="54.49481" lon="-3.01404">
        <ele>735.0970403574651</ele>
      </trkpt>
      <trkpt lat="54.49478" lon="-3.01416">
        <ele>735.088587451461</ele>
      </trkpt>
      <trkpt lat="54.49481" lon="-3.01439">
        <ele>735.0490130648514</ele>
      </trkpt>
      <trkpt lat="54.49467" lon="-3.02337">
        <ele>637.7975955145776</ele>
      </trkpt>
      <trkpt lat="54.49467" lon="-3.0235">
        <ele>636.1395872713296</ele>
      </trkpt>
      <trkpt lat="54.49474" lon="-3.02402">
        <ele>628.365910414664</ele>
      </trkpt>
      <trkpt lat="54.49475" lon="-3.02424">
        <ele>625.9579915519416</ele>
      </trkpt>
      <trkpt lat="54.49479" lon="-3.02453">
        <ele>622.1495883741868</ele>
      </trkpt>
      <trkpt lat="54.49496" lon="-3.02487">
        <ele>615.4232823709327</ele>
      </trkpt>
      <trkpt lat="54.49504" lon="-3.02539">
        <ele>605.6104273287006</ele>
      </trkpt>
      <trkpt lat="54.49506" lon="-3.02569">
        <ele>600.3702881961508</ele>
      </trkpt>
      <trkpt lat="54.4952" lon="-3.02617">
        <ele>591.6817085196434</ele>
      </trkpt>
      <trkpt lat="54.49526" lon="-3.02629">
        <ele>588.93985790713</ele>
      </trkpt>
      <trkpt lat="54.49536" lon="-3.02702">
        <ele>576.038877229561</ele>
      </trkpt>
      <trkpt lat="54.49547" lon="-3.02741">
        <ele>567.4142756987876</ele>
      </trkpt>
      <trkpt lat="54.49547" lon="-3.02756">
        <ele>564.1272975503919</ele>
      </trkpt>
      <trkpt lat="54.4955" lon="-3.02786">
        <ele>557.2774152728329</ele>
      </trkpt>
      <trkpt lat="54.49556" lon="-3.02797">
        <ele>554.3278066578214</ele>
      </trkpt>
      <trkpt lat="54.49563" lon="-3.02829">
        <ele>546.2763687086214</ele>
      </trkpt>
      <trkpt lat="54.49563" lon="-3.02847">
        <ele>543.1093901070943</ele>
      </trkpt>
      <trkpt lat="54.49561" lon="-3.02865">
        <ele>540.4209640644684</ele>
      </trkpt>
      <trkpt lat="54.49563" lon="-3.02887">
        <ele>537.1056234721252</ele>
      </trkpt>
      <trkpt lat="54.4956" lon="-3.02898">
        <ele>535.6108436947438</ele>
      </trkpt>
      <trkpt lat="54.49561" lon="-3.02916">
        <ele>532.0812142124839</ele>
      </trkpt>
      <trkpt lat="54.49565" lon="-3.02929">
        <ele>529.5684830649019</ele>
      </trkpt>
      <trkpt lat="54.49577" lon="-3.02955">
        <ele>521.8890466844952</ele>
      </trkpt>
      <trkpt lat="54.49579" lon="-3.03">
        <ele>511.625821464833</ele>
      </trkpt>
      <trkpt lat="54.49576" lon="-3.03017">
        <ele>507.9941676866939</ele>
      </trkpt>
      <trkpt lat="54.49587" lon="-3.03062">
        <ele>497.47588000181656</ele>
      </trkpt>
      <trkpt lat="54.49591" lon="-3.03088">
        <ele>490.98562661829317</ele>
      </trkpt>
      <trkpt lat="54.49592" lon="-3.03138">
        <ele>476.9646812359539</ele>
      </trkpt>
      <trkpt lat="54.4959" lon="-3.03153">
        <ele>472.7333884258778</ele>
      </trkpt>
      <trkpt lat="54.49591" lon="-3.0316">
        <ele>470.76385271220715</ele>
      </trkpt>
      <trkpt lat="54.49598" lon="-3.03168">
        <ele>468.9271435477292</ele>
      </trkpt>
      <trkpt lat="54.49603" lon="-3.0318">
        <ele>464.97348110190853</ele>
      </trkpt>
      <trkpt lat="54.49613" lon="-3.0319">
        <ele>461.72156733336243</ele>
      </trkpt>
      <trkpt lat="54.49614" lon="-3.03214">
        <ele>453.2166349508189</ele>
      </trkpt>
      <trkpt lat="54.49624" lon="-3.03241">
        <ele>442.78502347877736</ele>
      </trkpt>
      <trkpt lat="54.49632" lon="-3.03246">
        <ele>440.3782844570195</ele>
      </trkpt>
      <trkpt lat="54.49633" lon="-3.03253">
        <ele>437.33333735281724</ele>
      </trkpt>
      <trkpt lat="54.49646" lon="-3.03257">
        <ele>433.0043870874114</ele>
      </trkpt>
      <trkpt lat="54.49651" lon="-3.03262">
        <ele>429.2299767658565</ele>
      </trkpt>
      <trkpt lat="54.49667" lon="-3.03261">
        <ele>422.64482182864026</ele>
      </trkpt>
      <trkpt lat="54.49682" lon="-3.03275">
        <ele>411.0179341858468</ele>
      </trkpt>
      <trkpt lat="54.49685" lon="-3.03298">
        <ele>403.3409132300443</ele>
      </trkpt>
      <trkpt lat="54.49681" lon="-3.03313">
        <ele>399.54021207990314</ele>
      </trkpt>
      <trkpt lat="54.49679" lon="-3.03325">
        <ele>395.0772876010949</ele>
      </trkpt>
      <trkpt lat="54.49679" lon="-3.03332">
        <ele>392.36438413651103</ele>
      </trkpt>
      <trkpt lat="54.49681" lon="-3.03336">
        <ele>390.49243356721803</ele>
      </trkpt>
      <trkpt lat="54.49681" lon="-3.03348">
        <ele>385.84447749097694</ele>
      </trkpt>
      <trkpt lat="54.49691" lon="-3.03382">
        <ele>371.336165065461</ele>
      </trkpt>
      <trkpt lat="54.49689" lon="-3.03401">
        <ele>363.75147021062867</ele>
      </trkpt>
      <trkpt lat="54.49668" lon="-3.0346">
        <ele>339.9263574837986</ele>
      </trkpt>
      <trkpt lat="54.49665" lon="-3.03505">
        <ele>323.158126424219</ele>
      </trkpt>
      <trkpt lat="54.49665" lon="-3.03537">
        <ele>312.6596467840253</ele>
      </trkpt>
      <trkpt lat="54.49661" lon="-3.03559">
        <ele>304.78461432339657</ele>
      </trkpt>
      <trkpt lat="54.49655" lon="-3.0358">
        <ele>296.5317610741065</ele>
      </trkpt>
      <trkpt lat="54.49653" lon="-3.03592">
        <ele>292.3083573024093</ele>
      </trkpt>
      <trkpt lat="54.49647" lon="-3.03604">
        <ele>287.87340409906574</ele>
      </trkpt>
      <trkpt lat="54.49647" lon="-3.03618">
        <ele>283.42808880608237</ele>
      </trkpt>
      <trkpt lat="54.49643" lon="-3.03634">
        <ele>278.82813874002073</ele>
      </trkpt>
      <trkpt lat="54.49639" lon="-3.03642">
        <ele>276.70952799301875</ele>
      </trkpt>
      <trkpt lat="54.4964" lon="-3.0365">
        <ele>274.591193379788</ele>
      </trkpt>
      <trkpt lat="54.49626" lon="-3.03678">
        <ele>266.8499012893815</ele>
      </trkpt>
      <trkpt lat="54.49589" lon="-3.03717">
        <ele>256.7973491065943</ele>
      </trkpt>
      <trkpt lat="54.49582" lon="-3.03726">
        <ele>255.0654977777984</ele>
      </trkpt>
      <trkpt lat="54.49573" lon="-3.03743">
        <ele>251.77299558340968</ele>
      </trkpt>
      <trkpt lat="54.49557" lon="-3.03793">
        <ele>245.47795291258993</ele>
      </trkpt>
      <trkpt lat="54.49548" lon="-3.03861">
        <ele>240.565472705734</ele>
      </trkpt>
      <trkpt lat="54.49532" lon="-3.03895">
        <ele>236.9642718865595</ele>
      </trkpt>
      <trkpt lat="54.49527" lon="-3.03929">
        <ele>235.23000769708543</ele>
      </trkpt>
      <trkpt lat="54.49525" lon="-3.0394">
        <ele>234.8654122841168</ele>
      </trkpt>
      <trkpt lat="54.49526" lon="-3.0396">
        <ele>234.60319452846534</ele>
      </trkpt>
      <trkpt lat="54.49532" lon="-3.03991">
        <ele>234.37041471736111</ele>
      </trkpt>
      <trkpt lat="54.49526" lon="-3.04081">
        <ele>238.76470551206134</ele>
      </trkpt>
      <trkpt lat="54.49503" lon="-3.04164">
        <ele>255.05304194910337</ele>
      </trkpt>
      <trkpt lat="54.4949" lon="-3.04348">
        <ele>302.67192035823274</ele>
      </trkpt>
      <trkpt lat="54.4949" lon="-3.04367">
        <ele>309.06148017620364</ele>
      </trkpt>
      <trkpt lat="54.49494" lon="-3.04401">
        <ele>321.2907144155927</ele>
      </trkpt>
      <trkpt lat="54.49488" lon="-3.04418">
        <ele>327.58613158268804</ele>
      </trkpt>
      <trkpt lat="54.49488" lon="-3.04434">
        <ele>333.3109298870105</ele>
      </trkpt>
      <trkpt lat="54.49485" lon="-3.04449">
        <ele>338.8618600347951</ele>
      </trkpt>
      <trkpt lat="54.49486" lon="-3.04456">
        <ele>341.58056415872176</ele>
      </trkpt>
      <trkpt lat="54.49485" lon="-3.04465">
        <ele>344.9363504098126</ele>
      </trkpt>
      <trkpt lat="54.49489" lon="-3.04484">
        <ele>352.1699965961134</ele>
      </trkpt>
      <trkpt lat="54.49482" lon="-3.04505">
        <ele>360.64708209152</ele>
      </trkpt>
      <trkpt lat="54.49488" lon="-3.04516">
        <ele>365.2168939379387</ele>
      </trkpt>
      <trkpt lat="54.4949" lon="-3.04525">
        <ele>369.1124536095463</ele>
      </trkpt>
      <trkpt lat="54.4949" lon="-3.04534">
        <ele>373.1507115708994</ele>
      </trkpt>
      <trkpt lat="54.49482" lon="-3.0455">
        <ele>380.7113145430486</ele>
      </trkpt>
      <trkpt lat="54.49473" lon="-3.0459">
        <ele>395.6985681279681</ele>
      </trkpt>
      <trkpt lat="54.49484" lon="-3.04643">
        <ele>419.2723390471135</ele>
      </trkpt>
      <trkpt lat="54.49488" lon="-3.04707">
        <ele>447.1917283133957</ele>
      </trkpt>
      <trkpt lat="54.49484" lon="-3.04755">
        <ele>468.9517224435532</ele>
      </trkpt>
      <trkpt lat="54.49476" lon="-3.04788">
        <ele>483.17062323045985</ele>
      </trkpt>
      <trkpt lat="54.49432" lon="-3.04876">
        <ele>509.90306596487255</ele>
      </trkpt>
      <trkpt lat="54.49421" lon="-3.04903">
        <ele>513.9734789934862</ele>
      </trkpt>
      <trkpt lat="54.49362" lon="-3.04923">
        <ele>521.507303709938</ele>
      </trkpt>
      <trkpt lat="54.49333" lon="-3.04951">
        <ele>523.2921687640841</ele>
      </trkpt>
      <trkpt lat="54.4929" lon="-3.05003">
        <ele>530.8003579931496</ele>
      </trkpt>
      <trkpt lat="54.49264" lon="-3.05009">
        <ele>529.4766292570575</ele>
      </trkpt>
      <trkpt lat="54.49251" lon="-3.0503">
        <ele>530.0215663094339</ele>
      </trkpt>
      <trkpt lat="54.49175" lon="-3.05094">
        <ele>542.7535505823298</ele>
      </trkpt>
      <trkpt lat="54.49128" lon="-3.05103">
        <ele>548.6187480293793</ele>
      </trkpt>
      <trkpt lat="54.49123" lon="-3.05138">
        <ele>549.1202373294664</ele>
      </trkpt>
      <trkpt lat="54.49123" lon="-3.05151">
        <ele>548.8586943791254</ele>
      </trkpt>
      <trkpt lat="54.49116" lon="-3.05213">
        <ele>550.4457903714698</ele>
      </trkpt>
      <trkpt lat="54.49118" lon="-3.05218">
        <ele>551.0981639036769</ele>
      </trkpt>
      <trkpt lat="54.49121" lon="-3.05246">
        <ele>548.9717441195651</ele>
      </trkpt>
      <trkpt lat="54.49129" lon="-3.05268">
        <ele>545.5658580735146</ele>
      </trkpt>
      <trkpt lat="54.49127" lon="-3.05281">
        <ele>544.0470185799245</ele>
      </trkpt>
      <trkpt lat="54.49134" lon="-3.05298">
        <ele>539.6210707372813</ele>
      </trkpt>
      <trkpt lat="54.49146" lon="-3.05334">
        <ele>536.6492257184601</ele>
      </trkpt>
      <trkpt lat="54.49154" lon="-3.05423">
        <ele>533.2115518471337</ele>
      </trkpt>
      <trkpt lat="54.49161" lon="-3.0544">
        <ele>534.2794801840446</ele>
      </trkpt>
      <trkpt lat="54.49165" lon="-3.05459">
        <ele>533.8593406637505</ele>
      </trkpt>
      <trkpt lat="54.49189" lon="-3.05603">
        <ele>528.2383902864965</ele>
      </trkpt>
      <trkpt lat="54.49191" lon="-3.05644">
        <ele>526.0795138181321</ele>
      </trkpt>
      <trkpt lat="54.49184" lon="-3.05667">
        <ele>523.9505351751474</ele>
      </trkpt>
      <trkpt lat="54.49182" lon="-3.05694">
        <ele>523.5878221919802</ele>
      </trkpt>
      <trkpt lat="54.4919" lon="-3.0572">
        <ele>520.8242343663812</ele>
      </trkpt>
      <trkpt lat="54.49193" lon="-3.05746">
        <ele>517.6844058857113</ele>
      </trkpt>
      <trkpt lat="54.49206" lon="-3.05768">
        <ele>515.7593545054301</ele>
      </trkpt>
      <trkpt lat="54.49205" lon="-3.05783">
        <ele>514.3574035072373</ele>
      </trkpt>
      <trkpt lat="54.49224" lon="-3.05825">
        <ele>511.98789817424756</ele>
      </trkpt>
      <trkpt lat="54.49232" lon="-3.05854">
        <ele>511.22341699510093</ele>
      </trkpt>
      <trkpt lat="54.49229" lon="-3.05883">
        <ele>511.37462002004213</ele>
      </trkpt>
      <trkpt lat="54.49231" lon="-3.05897">
        <ele>511.4521577652936</ele>
      </trkpt>
      <trkpt lat="54.49236" lon="-3.05903">
        <ele>511.15636265794154</ele>
      </trkpt>
      <trkpt lat="54.49235" lon="-3.05939">
        <ele>501.33449850921767</ele>
      </trkpt>
      <trkpt lat="54.49228" lon="-3.05968">
        <ele>496.8395791038182</ele>
      </trkpt>
      <trkpt lat="54.4922" lon="-3.06031">
        <ele>494.07769548869896</ele>
      </trkpt>
      <trkpt lat="54.49222" lon="-3.06046">
        <ele>493.32515146863545</ele>
      </trkpt>
      <trkpt lat="54.49229" lon="-3.06065">
        <ele>491.3923639797503</ele>
      </trkpt>
      <trkpt lat="54.49235" lon="-3.06071">
        <ele>490.8148994048378</ele>
      </trkpt>
      <trkpt lat="54.49232" lon="-3.06082">
        <ele>490.598695623811</ele>
      </trkpt>
      <trkpt lat="54.49231" lon="-3.06097">
        <ele>490.7990487143094</ele>
      </trkpt>
      <trkpt lat="54.49232" lon="-3.06139">
        <ele>489.49882921233245</ele>
      </trkpt>
      <trkpt lat="54.49217" lon="-3.06196">
        <ele>491.61686650358627</ele>
      </trkpt>
      <trkpt lat="54.49212" lon="-3.06279">
        <ele>489.950910852684</ele>
      </trkpt>
      <trkpt lat="54.49213" lon="-3.06302">
        <ele>490.89103860710975</ele>
      </trkpt>
      <trkpt lat="54.49211" lon="-3.06327">
        <ele>487.5823095844106</ele>
      </trkpt>
      <trkpt lat="54.49214" lon="-3.0634">
        <ele>486.82005760276036</ele>
      </trkpt>
      <trkpt lat="54.49215" lon="-3.06362">
        <ele>484.64221140801396</ele>
      </trkpt>
      <trkpt lat="54.49211" lon="-3.06391">
        <ele>482.8972058313603</ele>
      </trkpt>
      <trkpt lat="54.49179" lon="-3.06507">
        <ele>477.8207007959047</ele>
      </trkpt>
      <trkpt lat="54.49185" lon="-3.06553">
        <ele>474.9251081705812</ele>
      </trkpt>
      <trkpt lat="54.49184" lon="-3.06587">
        <ele>475.38096760731344</ele>
      </trkpt>
      <trkpt lat="54.49177" lon="-3.06612">
        <ele>477.77355949826654</ele>
      </trkpt>
      <trkpt lat="54.49175" lon="-3.06638">
        <ele>478.3635802622624</ele>
      </trkpt>
      <trkpt lat="54.49177" lon="-3.06653">
        <ele>475.4409601843486</ele>
      </trkpt>
      <trkpt lat="54.49176" lon="-3.06667">
        <ele>474.67534325399055</ele>
      </trkpt>
      <trkpt lat="54.49169" lon="-3.06704">
        <ele>473.89079078108364</ele>
      </trkpt>
      <trkpt lat="54.49164" lon="-3.06714">
        <ele>473.2300511396149</ele>
      </trkpt>
      <trkpt lat="54.49152" lon="-3.06774">
        <ele>469.34195973469014</ele>
      </trkpt>
      <trkpt lat="54.49146" lon="-3.06788">
        <ele>469.8074683982863</ele>
      </trkpt>
      <trkpt lat="54.49135" lon="-3.06804">
        <ele>471.7840261870145</ele>
      </trkpt>
      <trkpt lat="54.49107" lon="-3.06838">
        <ele>472.95515900974107</ele>
      </trkpt>
      <trkpt lat="54.49096" lon="-3.06878">
        <ele>469.97182535930637</ele>
      </trkpt>
      <trkpt lat="54.49091" lon="-3.06907">
        <ele>470.07532004412053</ele>
      </trkpt>
      <trkpt lat="54.49084" lon="-3.06917">
        <ele>470.18179399585654</ele>
      </trkpt>
      <trkpt lat="54.49069" lon="-3.06924">
        <ele>470.5447302925355</ele>
      </trkpt>
      <trkpt lat="54.49061" lon="-3.06939">
        <ele>470.4474322944386</ele>
      </trkpt>
      <trkpt lat="54.49052" lon="-3.06959">
        <ele>471.69194918815765</ele>
      </trkpt>
      <trkpt lat="54.49043" lon="-3.06991">
        <ele>474.03055919949975</ele>
      </trkpt>
      <trkpt lat="54.49043" lon="-3.07001">
        <ele>474.4557373837707</ele>
      </trkpt>
      <trkpt lat="54.49039" lon="-3.07016">
        <ele>473.05357949289896</ele>
      </trkpt>
      <trkpt lat="54.4903" lon="-3.07036">
        <ele>471.7438957631094</ele>
      </trkpt>
      <trkpt lat="54.49028" lon="-3.07067">
        <ele>470.84733563417916</ele>
      </trkpt>
      <trkpt lat="54.49032" lon="-3.07076">
        <ele>471.31362857767107</ele>
      </trkpt>
      <trkpt lat="54.49033" lon="-3.07106">
        <ele>472.4294981698072</ele>
      </trkpt>
      <trkpt lat="54.49038" lon="-3.07122">
        <ele>472.0036651792827</ele>
      </trkpt>
      <trkpt lat="54.49034" lon="-3.07141">
        <ele>471.90897762040083</ele>
      </trkpt>
      <trkpt lat="54.49029" lon="-3.07244">
        <ele>469.2410452060525</ele>
      </trkpt>
      <trkpt lat="54.49025" lon="-3.07282">
        <ele>470.38250215024635</ele>
      </trkpt>
      <trkpt lat="54.49024" lon="-3.07288">
        <ele>470.3783425624356</ele>
      </trkpt>
      <trkpt lat="54.49026" lon="-3.07315">
        <ele>472.0917160665591</ele>
      </trkpt>
      <trkpt lat="54.49026" lon="-3.07353">
        <ele>473.98215530229714</ele>
      </trkpt>
      <trkpt lat="54.49021" lon="-3.0738">
        <ele>473.3068807578707</ele>
      </trkpt>
      <trkpt lat="54.49014" lon="-3.074">
        <ele>473.0810109643265</ele>
      </trkpt>
      <trkpt lat="54.49009" lon="-3.07461">
        <ele>473.81668076638687</ele>
      </trkpt>
      <trkpt lat="54.48999" lon="-3.07483">
        <ele>473.8970106751424</ele>
      </trkpt>
      <trkpt lat="54.48991" lon="-3.07489">
        <ele>472.9115234776889</ele>
      </trkpt>
      <trkpt lat="54.48979" lon="-3.07487">
        <ele>471.25416183021275</ele>
      </trkpt>
      <trkpt lat="54.48942" lon="-3.07492">
        <ele>471.12449475500114</ele>
      </trkpt>
      <trkpt lat="54.48936" lon="-3.07498">
        <ele>471.87869338177927</ele>
      </trkpt>
      <trkpt lat="54.48917" lon="-3.07539">
        <ele>472.8066104258293</ele>
      </trkpt>
      <trkpt lat="54.48908" lon="-3.07562">
        <ele>473.8914929894741</ele>
      </trkpt>
      <trkpt lat="54.48859" lon="-3.07632">
        <ele>478.1442577237194</ele>
      </trkpt>
      <trkpt lat="54.48848" lon="-3.07639">
        <ele>478.7666892971864</ele>
      </trkpt>
      <trkpt lat="54.48846" lon="-3.07648">
        <ele>479.0638911128192</ele>
      </trkpt>
      <trkpt lat="54.48831" lon="-3.07676">
        <ele>480.5149939400502</ele>
      </trkpt>
      <trkpt lat="54.48821" lon="-3.07687">
        <ele>481.71455472975777</ele>
      </trkpt>
      <trkpt lat="54.48805" lon="-3.07695">
        <ele>483.24650391118564</ele>
      </trkpt>
      <trkpt lat="54.4877" lon="-3.07698">
        <ele>487.3266635043899</ele>
      </trkpt>
      <trkpt lat="54.48761" lon="-3.07694">
        <ele>488.01912155853097</ele>
      </trkpt>
      <trkpt lat="54.48731" lon="-3.07707">
        <ele>491.602814898623</ele>
      </trkpt>
      <trkpt lat="54.48699" lon="-3.07738">
        <ele>499.5503126122264</ele>
      </trkpt>
      <trkpt lat="54.48681" lon="-3.07773">
        <ele>502.58432402886154</ele>
      </trkpt>
      <trkpt lat="54.48673" lon="-3.07774">
        <ele>503.0651746497256</ele>
      </trkpt>
      <trkpt lat="54.48666" lon="-3.07778">
        <ele>503.7344956877142</ele>
      </trkpt>
      <trkpt lat="54.48657" lon="-3.07794">
        <ele>505.24238815901344</ele>
      </trkpt>
      <trkpt lat="54.48622" lon="-3.07836">
        <ele>509.34536242380454</ele>
      </trkpt>
      <trkpt lat="54.486" lon="-3.07856">
        <ele>508.81351485397363</ele>
      </trkpt>
      <trkpt lat="54.48598" lon="-3.07846">
        <ele>508.5238428959885</ele>
      </trkpt>
      <trkpt lat="54.48593" lon="-3.07837">
        <ele>507.9402137157343</ele>
      </trkpt>
      <trkpt lat="54.48588" lon="-3.07841">
        <ele>507.9857445779779</ele>
      </trkpt>
      <trkpt lat="54.48582" lon="-3.07852">
        <ele>508.3964462431709</ele>
      </trkpt>
      <trkpt lat="54.48573" lon="-3.07894">
        <ele>511.526391836254</ele>
      </trkpt>
      <trkpt lat="54.48556" lon="-3.07909">
        <ele>515.2661806338571</ele>
      </trkpt>
      <trkpt lat="54.48552" lon="-3.07918">
        <ele>516.1023874880862</ele>
      </trkpt>
      <trkpt lat="54.48548" lon="-3.07921">
        <ele>516.8414418375098</ele>
      </trkpt>
      <trkpt lat="54.48534" lon="-3.07922">
        <ele>520.0339192296752</ele>
      </trkpt>
      <trkpt lat="54.48525" lon="-3.07935">
        <ele>522.0711666479015</ele>
      </trkpt>
      <trkpt lat="54.48492" lon="-3.07937">
        <ele>527.5296101697354</ele>
      </trkpt>
      <trkpt lat="54.48483" lon="-3.07941">
        <ele>529.1071504593467</ele>
      </trkpt>
      <trkpt lat="54.48467" lon="-3.0794">
        <ele>531.3153986608147</ele>
      </trkpt>
      <trkpt lat="54.48462" lon="-3.07936">
        <ele>532.0279260482164</ele>
      </trkpt>
      <trkpt lat="54.48457" lon="-3.07927">
        <ele>532.598529077933</ele>
      </trkpt>
      <trkpt lat="54.48453" lon="-3.07925">
        <ele>532.7764444567437</ele>
      </trkpt>
      <trkpt lat="54.48448" lon="-3.07927">
        <ele>532.8327875376895</ele>
      </trkpt>
      <trkpt lat="54.4842" lon="-3.07955">
        <ele>532.2188535280802</ele>
      </trkpt>
      <trkpt lat="54.48434" lon="-3.07968">
        <ele>534.2345106463881</ele>
      </trkpt>
      <trkpt lat="54.48443" lon="-3.07981">
        <ele>531.6123453704269</ele>
      </trkpt>
      <trkpt lat="54.48447" lon="-3.07993">
        <ele>530.3491024032696</ele>
      </trkpt>
      <trkpt lat="54.48447" lon="-3.08006">
        <ele>529.8008883630008</ele>
      </trkpt>
      <trkpt lat="54.48443" lon="-3.08042">
        <ele>530.3153957964919</ele>
      </trkpt>
      <trkpt lat="54.48438" lon="-3.08067">
        <ele>527.7141679017924</ele>
      </trkpt>
      <trkpt lat="54.48434" lon="-3.08074">
        <ele>526.2210073823592</ele>
      </trkpt>
      <trkpt lat="54.48432" lon="-3.08085">
        <ele>523.9294785628831</ele>
      </trkpt>
      <trkpt lat="54.48432" lon="-3.08099">
        <ele>520.8318748620876</ele>
      </trkpt>
      <trkpt lat="54.48438" lon="-3.0812">
        <ele>516.7472475394595</ele>
      </trkpt>
      <trkpt lat="54.48443" lon="-3.08151">
        <ele>513.4188384200118</ele>
      </trkpt>
      <trkpt lat="54.48446" lon="-3.08188">
        <ele>512.4575747728488</ele>
      </trkpt>
      <trkpt lat="54.48442" lon="-3.08207">
        <ele>511.4099909096119</ele>
      </trkpt>
      <trkpt lat="54.48442" lon="-3.08219">
        <ele>510.7155665331107</ele>
      </trkpt>
      <trkpt lat="54.48444" lon="-3.08226">
        <ele>510.6046084354564</ele>
      </trkpt>
      <trkpt lat="54.48443" lon="-3.08253">
        <ele>507.7696208260887</ele>
      </trkpt>
      <trkpt lat="54.48438" lon="-3.08305">
        <ele>505.43669374009664</ele>
      </trkpt>
      <trkpt lat="54.48433" lon="-3.08318">
        <ele>503.28017072959665</ele>
      </trkpt>
      <trkpt lat="54.48411" lon="-3.08358">
        <ele>498.9428563950728</ele>
      </trkpt>
      <trkpt lat="54.48407" lon="-3.08389">
        <ele>499.9327097751937</ele>
      </trkpt>
      <trkpt lat="54.48397" lon="-3.08415">
        <ele>498.9598487157329</ele>
      </trkpt>
      <trkpt lat="54.48396" lon="-3.08438">
        <ele>497.67658749572627</ele>
      </trkpt>
      <trkpt lat="54.4839" lon="-3.08457">
        <ele>497.53949175167554</ele>
      </trkpt>
      <trkpt lat="54.48378" lon="-3.08481">
        <ele>499.42593115141347</ele>
      </trkpt>
      <trkpt lat="54.48357" lon="-3.08513">
        <ele>495.87339350555374</ele>
      </trkpt>
      <trkpt lat="54.48342" lon="-3.08541">
        <ele>493.0844339882607</ele>
      </trkpt>
      <trkpt lat="54.48341" lon="-3.08549">
        <ele>493.00783960062336</ele>
      </trkpt>
      <trkpt lat="54.48345" lon="-3.08567">
        <ele>494.8727232423282</ele>
      </trkpt>
      <trkpt lat="54.48345" lon="-3.08576">
        <ele>496.1590122101079</ele>
      </trkpt>
      <trkpt lat="54.48343" lon="-3.08583">
        <ele>497.5270575296572</ele>
      </trkpt>
      <trkpt lat="54.48342" lon="-3.08606">
        <ele>501.59493471987264</ele>
      </trkpt>
      <trkpt lat="54.48336" lon="-3.0862">
        <ele>501.22155889450556</ele>
      </trkpt>
      <trkpt lat="54.48331" lon="-3.08626">
        <ele>500.4360162261314</ele>
      </trkpt>
      <trkpt lat="54.48327" lon="-3.08638">
        <ele>499.1604241757058</ele>
      </trkpt>
      <trkpt lat="54.48323" lon="-3.08687">
        <ele>497.5878612122175</ele>
      </trkpt>
      <trkpt lat="54.4831" lon="-3.08709">
        <ele>495.8112052535965</ele>
      </trkpt>
      <trkpt lat="54.48299" lon="-3.08745">
        <ele>495.2016496410399</ele>
      </trkpt>
      <trkpt lat="54.48291" lon="-3.08782">
        <ele>492.21347177810947</ele>
      </trkpt>
      <trkpt lat="54.48295" lon="-3.08811">
        <ele>491.21530960114694</ele>
      </trkpt>
      <trkpt lat="54.48296" lon="-3.0884">
        <ele>489.98960826855824</ele>
      </trkpt>
      <trkpt lat="54.48298" lon="-3.08849">
        <ele>490.73455420295403</ele>
      </trkpt>
      <trkpt lat="54.48296" lon="-3.08873">
        <ele>490.47618529391</ele>
      </trkpt>
      <trkpt lat="54.48298" lon="-3.08878">
        <ele>491.1751710947178</ele>
      </trkpt>
      <trkpt lat="54.48279" lon="-3.08889">
        <ele>490.8105375799372</ele>
      </trkpt>
      <trkpt lat="54.48267" lon="-3.08905">
        <ele>491.30093164844334</ele>
      </trkpt>
      <trkpt lat="54.4824" lon="-3.0892">
        <ele>486.5128192850677</ele>
      </trkpt>
      <trkpt lat="54.48228" lon="-3.08937">
        <ele>487.018100737542</ele>
      </trkpt>
      <trkpt lat="54.4822" lon="-3.08949">
        <ele>488.08310420211194</ele>
      </trkpt>
      <trkpt lat="54.48214" lon="-3.08968">
        <ele>489.8071427126194</ele>
      </trkpt>
      <trkpt lat="54.48203" lon="-3.08977">
        <ele>491.59489421456385</ele>
      </trkpt>
      <trkpt lat="54.4818" lon="-3.09004">
        <ele>492.74967529472366</ele>
      </trkpt>
      <trkpt lat="54.48171" lon="-3.09027">
        <ele>493.3130357927856</ele>
      </trkpt>
      <trkpt lat="54.48096" lon="-3.09088">
        <ele>503.2928662552274</ele>
      </trkpt>
      <trkpt lat="54.48081" lon="-3.09109">
        <ele>507.67364957363446</ele>
      </trkpt>
      <trkpt lat="54.48066" lon="-3.09117">
        <ele>508.6366262590519</ele>
      </trkpt>
      <trkpt lat="54.48059" lon="-3.09113">
        <ele>509.2279472341763</ele>
      </trkpt>
      <trkpt lat="54.48056" lon="-3.09118">
        <ele>509.72751695642756</ele>
      </trkpt>
      <trkpt lat="54.4803" lon="-3.09128">
        <ele>513.2543648778039</ele>
      </trkpt>
      <trkpt lat="54.48024" lon="-3.09126">
        <ele>515.2348348202956</ele>
      </trkpt>
      <trkpt lat="54.48019" lon="-3.09135">
        <ele>516.5311879007244</ele>
      </trkpt>
      <trkpt lat="54.48013" lon="-3.09138">
        <ele>518.339843148482</ele>
      </trkpt>
      <trkpt lat="54.47995" lon="-3.09162">
        <ele>520.4225102265681</ele>
      </trkpt>
      <trkpt lat="54.47972" lon="-3.09179">
        <ele>525.3981388808752</ele>
      </trkpt>
      <trkpt lat="54.47939" lon="-3.09175">
        <ele>534.9765708792308</ele>
      </trkpt>
      <trkpt lat="54.47932" lon="-3.0916">
        <ele>538.0722806776421</ele>
      </trkpt>
      <trkpt lat="54.47929" lon="-3.09159">
        <ele>538.7191457479659</ele>
      </trkpt>
      <trkpt lat="54.47919" lon="-3.09165">
        <ele>540.8925104552782</ele>
      </trkpt>
      <trkpt lat="54.47908" lon="-3.09188">
        <ele>545.860085381825</ele>
      </trkpt>
      <trkpt lat="54.47897" lon="-3.09197">
        <ele>550.3433507217978</ele>
      </trkpt>
      <trkpt lat="54.47889" lon="-3.09209">
        <ele>555.1110296184546</ele>
      </trkpt>
      <trkpt lat="54.47868" lon="-3.09282">
        <ele>567.6433972411714</ele>
      </trkpt>
      <trkpt lat="54.47861" lon="-3.09292">
        <ele>569.7650094356177</ele>
      </trkpt>
      <trkpt lat="54.47846" lon="-3.09296">
        <ele>576.4370521406544</ele>
      </trkpt>
      <trkpt lat="54.47839" lon="-3.09295">
        <ele>580.0306508355826</ele>
      </trkpt>
      <trkpt lat="54.4783" lon="-3.09299">
        <ele>582.7945477604968</ele>
      </trkpt>
      <trkpt lat="54.4782" lon="-3.093">
        <ele>586.687841614719</ele>
      </trkpt>
      <trkpt lat="54.47804" lon="-3.09313">
        <ele>588.540085986476</ele>
      </trkpt>
      <trkpt lat="54.47775" lon="-3.09317">
        <ele>595.5582766961331</ele>
      </trkpt>
      <trkpt lat="54.47733" lon="-3.09345">
        <ele>599.766577893963</ele>
      </trkpt>
      <trkpt lat="54.47719" lon="-3.09345">
        <ele>602.0125560637201</ele>
      </trkpt>
      <trkpt lat="54.47712" lon="-3.09351">
        <ele>602.2109733293412</ele>
      </trkpt>
      <trkpt lat="54.47704" lon="-3.09349">
        <ele>603.6209824980775</ele>
      </trkpt>
      <trkpt lat="54.47696" lon="-3.09351">
        <ele>605.3787068529793</ele>
      </trkpt>
      <trkpt lat="54.47693" lon="-3.09355">
        <ele>605.5972233967199</ele>
      </trkpt>
      <trkpt lat="54.47683" lon="-3.09358">
        <ele>607.4034804174806</ele>
      </trkpt>
      <trkpt lat="54.47673" lon="-3.0937">
        <ele>607.6653162168585</ele>
      </trkpt>
      <trkpt lat="54.47655" lon="-3.09369">
        <ele>610.575808871225</ele>
      </trkpt>
      <trkpt lat="54.47633" lon="-3.0935">
        <ele>616.8944137146428</ele>
      </trkpt>
      <trkpt lat="54.47611" lon="-3.0934">
        <ele>622.1520319612412</ele>
      </trkpt>
      <trkpt lat="54.47607" lon="-3.09334">
        <ele>625.0954434743016</ele>
      </trkpt>
      <trkpt lat="54.47589" lon="-3.09353">
        <ele>630.7019070366297</ele>
      </trkpt>
      <trkpt lat="54.47562" lon="-3.09345">
        <ele>640.4414471914428</ele>
      </trkpt>
      <trkpt lat="54.47532" lon="-3.09354">
        <ele>649.0715773958073</ele>
      </trkpt>
      <trkpt lat="54.47521" lon="-3.09361">
        <ele>653.3134838207953</ele>
      </trkpt>
      <trkpt lat="54.47514" lon="-3.09362">
        <ele>655.4910392964497</ele>
      </trkpt>
      <trkpt lat="54.47482" lon="-3.09385">
        <ele>662.1640444854787</ele>
      </trkpt>
      <trkpt lat="54.47471" lon="-3.09385">
        <ele>664.0263386387937</ele>
      </trkpt>
      <trkpt lat="54.47467" lon="-3.09389">
        <ele>665.4617157528983</ele>
      </trkpt>
      <trkpt lat="54.47462" lon="-3.09404">
        <ele>667.8665469625919</ele>
      </trkpt>
      <trkpt lat="54.47453" lon="-3.09415">
        <ele>671.0745784208654</ele>
      </trkpt>
      <trkpt lat="54.47399" lon="-3.09458">
        <ele>682.1957806596289</ele>
      </trkpt>
      <trkpt lat="54.47388" lon="-3.09469">
        <ele>684.742320612982</ele>
      </trkpt>
      <trkpt lat="54.47369" lon="-3.09481">
        <ele>687.9178895288137</ele>
      </trkpt>
      <trkpt lat="54.47366" lon="-3.09503">
        <ele>688.0241325453313</ele>
      </trkpt>
      <trkpt lat="54.47363" lon="-3.09515">
        <ele>687.9777820238571</ele>
      </trkpt>
      <trkpt lat="54.47353" lon="-3.09523">
        <ele>689.2728561282564</ele>
      </trkpt>
      <trkpt lat="54.47333" lon="-3.09555">
        <ele>692.481683718827</ele>
      </trkpt>
      <trkpt lat="54.47316" lon="-3.09587">
        <ele>699.291361908359</ele>
      </trkpt>
      <trkpt lat="54.473" lon="-3.09598">
        <ele>701.5583266100446</ele>
      </trkpt>
      <trkpt lat="54.47294" lon="-3.09606">
        <ele>703.4700356171618</ele>
      </trkpt>
      <trkpt lat="54.4729" lon="-3.09618">
        <ele>704.7479526324466</ele>
      </trkpt>
      <trkpt lat="54.47265" lon="-3.09666">
        <ele>710.5971155127814</ele>
      </trkpt>
      <trkpt lat="54.47198" lon="-3.09771">
        <ele>724.3245330045462</ele>
      </trkpt>
      <trkpt lat="54.47169" lon="-3.09836">
        <ele>721.7419289238032</ele>
      </trkpt>
      <trkpt lat="54.47164" lon="-3.099">
        <ele>722.340370727728</ele>
      </trkpt>
      <trkpt lat="54.47167" lon="-3.09972">
        <ele>716.0867502724575</ele>
      </trkpt>
      <trkpt lat="54.47176" lon="-3.10051">
        <ele>713.4480870611054</ele>
      </trkpt>
      <trkpt lat="54.47168" lon="-3.10075">
        <ele>713.6645920440468</ele>
      </trkpt>
      <trkpt lat="54.47139" lon="-3.10105">
        <ele>712.4665803654927</ele>
      </trkpt>
      <trkpt lat="54.4711" lon="-3.10129">
        <ele>713.000578059345</ele>
      </trkpt>
      <trkpt lat="54.47098" lon="-3.10157">
        <ele>714.8178307242291</ele>
      </trkpt>
      <trkpt lat="54.47084" lon="-3.10244">
        <ele>723.4940334663361</ele>
      </trkpt>
      <trkpt lat="54.47063" lon="-3.10241">
        <ele>726.5946486866382</ele>
      </trkpt>
      <trkpt lat="54.4704" lon="-3.10249">
        <ele>730.3631247466407</ele>
      </trkpt>
      <trkpt lat="54.47034" lon="-3.10263">
        <ele>731.1411626087922</ele>
      </trkpt>
      <trkpt lat="54.47031" lon="-3.10269">
        <ele>729.4115853595686</ele>
      </trkpt>
      <trkpt lat="54.47031" lon="-3.10277">
        <ele>730.6260285127237</ele>
      </trkpt>
      <trkpt lat="54.47046" lon="-3.10287">
        <ele>730.3513452276981</ele>
      </trkpt>
      <trkpt lat="54.47058" lon="-3.10303">
        <ele>726.470419338144</ele>
      </trkpt>
      <trkpt lat="54.47075" lon="-3.10317">
        <ele>725.2929980497474</ele>
      </trkpt>
      <trkpt lat="54.47082" lon="-3.10333">
        <ele>726.6214036825627</ele>
      </trkpt>
      <trkpt lat="54.47091" lon="-3.10343">
        <ele>727.5242680102299</ele>
      </trkpt>
      <trkpt lat="54.47103" lon="-3.10343">
        <ele>727.742338213685</ele>
      </trkpt>
      <trkpt lat="54.47112" lon="-3.10347">
        <ele>727.6983326771092</ele>
      </trkpt>
      <trkpt lat="54.47128" lon="-3.10358">
        <ele>727.540986997723</ele>
      </trkpt>
      <trkpt lat="54.4716" lon="-3.10363">
        <ele>728.6721889344769</ele>
      </trkpt>
      <trkpt lat="54.4717" lon="-3.10372">
        <ele>728.1224205060939</ele>
      </trkpt>
      <trkpt lat="54.47184" lon="-3.10396">
        <ele>727.5382263331885</ele>
      </trkpt>
      <trkpt lat="54.47186" lon="-3.10405">
        <ele>727.4806584965133</ele>
      </trkpt>
      <trkpt lat="54.47207" lon="-3.10443">
        <ele>729.4491434382223</ele>
      </trkpt>
      <trkpt lat="54.47242" lon="-3.10486">
        <ele>730.8663282887704</ele>
      </trkpt>
      <trkpt lat="54.47255" lon="-3.10515">
        <ele>732.4599138578699</ele>
      </trkpt>
      <trkpt lat="54.47277" lon="-3.10534">
        <ele>734.5674158459594</ele>
      </trkpt>
      <trkpt lat="54.47298" lon="-3.10557">
        <ele>736.6436850023206</ele>
      </trkpt>
      <trkpt lat="54.47309" lon="-3.10579">
        <ele>739.1006644296583</ele>
      </trkpt>
      <trkpt lat="54.47322" lon="-3.10601">
        <ele>740.7162259880865</ele>
      </trkpt>
      <trkpt lat="54.47354" lon="-3.10688">
        <ele>745.7542732438626</ele>
      </trkpt>
      <trkpt lat="54.47358" lon="-3.10693">
        <ele>746.116741574928</ele>
      </trkpt>
      <trkpt lat="54.4736" lon="-3.10705">
        <ele>746.9092641587499</ele>
      </trkpt>
      <trkpt lat="54.47383" lon="-3.10769">
        <ele>750.4839181302357</ele>
      </trkpt>
      <trkpt lat="54.47391" lon="-3.10779">
        <ele>751.3738822571053</ele>
      </trkpt>
      <trkpt lat="54.47392" lon="-3.10809">
        <ele>752.5427726002017</ele>
      </trkpt>
      <trkpt lat="54.47397" lon="-3.10837">
        <ele>753.9220048466696</ele>
      </trkpt>
      <trkpt lat="54.47427" lon="-3.10861">
        <ele>754.7514451718822</ele>
      </trkpt>
      <trkpt lat="54.47502" lon="-3.1094">
        <ele>756.7647592433991</ele>
      </trkpt>
      <trkpt lat="54.47507" lon="-3.10957">
        <ele>756.8019258427153</ele>
      </trkpt>
      <trkpt lat="54.4752" lon="-3.10992">
        <ele>757.3735432202006</ele>
      </trkpt>
      <trkpt lat="54.47539" lon="-3.11009">
        <ele>757.887999933453</ele>
      </trkpt>
      <trkpt lat="54.47547" lon="-3.11029">
        <ele>758.4269093448181</ele>
      </trkpt>
      <trkpt lat="54.47569" lon="-3.11065">
        <ele>760.0559082522224</ele>
      </trkpt>
      <trkpt lat="54.476" lon="-3.11111">
        <ele>761.3571921070675</ele>
      </trkpt>
      <trkpt lat="54.47611" lon="-3.11132">
        <ele>761.5596660308189</ele>
      </trkpt>
      <trkpt lat="54.47608" lon="-3.1114">
        <ele>761.8397109934907</ele>
      </trkpt>
      <trkpt lat="54.4758" lon="-3.11121">
        <ele>761.1167485216953</ele>
      </trkpt>
      <trkpt lat="54.47558" lon="-3.1114">
        <ele>758.5403851004075</ele>
      </trkpt>
      <trkpt lat="54.47552" lon="-3.11143">
        <ele>757.9273843964165</ele>
      </trkpt>
      <trkpt lat="54.47537" lon="-3.11143">
        <ele>756.35976206561</ele>
      </trkpt>
      <trkpt lat="54.47513" lon="-3.11139">
        <ele>755.1468678436925</ele>
      </trkpt>
      <trkpt lat="54.47479" lon="-3.1114">
        <ele>753.1957168136222</ele>
      </trkpt>
      <trkpt lat="54.47461" lon="-3.11146">
        <ele>751.8214422790747</ele>
      </trkpt>
      <trkpt lat="54.47445" lon="-3.11142">
        <ele>751.021240106109</ele>
      </trkpt>
      <trkpt lat="54.47439" lon="-3.11147">
        <ele>750.4608894057292</ele>
      </trkpt>
      <trkpt lat="54.47378" lon="-3.1115">
        <ele>747.2150094573354</ele>
      </trkpt>
      <trkpt lat="54.47364" lon="-3.11156">
        <ele>746.0148993466588</ele>
      </trkpt>
      <trkpt lat="54.47342" lon="-3.11159">
        <ele>745.0670610275515</ele>
      </trkpt>
      <trkpt lat="54.47331" lon="-3.11155">
        <ele>745.0309560660717</ele>
      </trkpt>
      <trkpt lat="54.4723" lon="-3.11092">
        <ele>738.9352547082982</ele>
      </trkpt>
      <trkpt lat="54.47218" lon="-3.11093">
        <ele>737.1264849783125</ele>
      </trkpt>
      <trkpt lat="54.47179" lon="-3.11106">
        <ele>730.5910261601858</ele>
      </trkpt>
      <trkpt lat="54.47164" lon="-3.11115">
        <ele>728.3315462268162</ele>
      </trkpt>
      <trkpt lat="54.47154" lon="-3.1113">
        <ele>726.1949025586944</ele>
      </trkpt>
      <trkpt lat="54.47107" lon="-3.11162">
        <ele>718.2521169147807</ele>
      </trkpt>
      <trkpt lat="54.47062" lon="-3.11182">
        <ele>710.3385922594556</ele>
      </trkpt>
      <trkpt lat="54.47009" lon="-3.11186">
        <ele>700.911179527799</ele>
      </trkpt>
      <trkpt lat="54.46998" lon="-3.11198">
        <ele>699.0252301932885</ele>
      </trkpt>
      <trkpt lat="54.46972" lon="-3.11205">
        <ele>695.7992352195901</ele>
      </trkpt>
      <trkpt lat="54.46935" lon="-3.11224">
        <ele>690.287084422816</ele>
      </trkpt>
      <trkpt lat="54.46889" lon="-3.11229">
        <ele>684.7871207869547</ele>
      </trkpt>
      <trkpt lat="54.46817" lon="-3.11309">
        <ele>677.8638701634459</ele>
      </trkpt>
      <trkpt lat="54.46794" lon="-3.11313">
        <ele>676.2493139063755</ele>
      </trkpt>
      <trkpt lat="54.46776" lon="-3.11316">
        <ele>676.5522746151626</ele>
      </trkpt>
      <trkpt lat="54.46738" lon="-3.11337">
        <ele>677.2382389271567</ele>
      </trkpt>
      <trkpt lat="54.46677" lon="-3.11367">
        <ele>679.7662907265087</ele>
      </trkpt>
      <trkpt lat="54.46607" lon="-3.11383">
        <ele>688.7956781617924</ele>
      </trkpt>
      <trkpt lat="54.46576" lon="-3.11381">
        <ele>690.1474281282644</ele>
      </trkpt>
      <trkpt lat="54.46568" lon="-3.11376">
        <ele>690.993092157055</ele>
      </trkpt>
      <trkpt lat="54.46543" lon="-3.11351">
        <ele>693.8465434317726</ele>
      </trkpt>
      <trkpt lat="54.46534" lon="-3.11345">
        <ele>694.7211766213683</ele>
      </trkpt>
      <trkpt lat="54.4652" lon="-3.11342">
        <ele>696.7219170495878</ele>
      </trkpt>
      <trkpt lat="54.46499" lon="-3.11327">
        <ele>699.5866782848495</ele>
      </trkpt>
      <trkpt lat="54.46488" lon="-3.11308">
        <ele>699.9042696590043</ele>
      </trkpt>
      <trkpt lat="54.46436" lon="-3.11317">
        <ele>707.4536291897016</ele>
      </trkpt>
      <trkpt lat="54.46394" lon="-3.11314">
        <ele>713.1185753088293</ele>
      </trkpt>
      <trkpt lat="54.46379" lon="-3.1131">
        <ele>714.0467989646547</ele>
      </trkpt>
      <trkpt lat="54.46349" lon="-3.11306">
        <ele>713.7905092132651</ele>
      </trkpt>
      <trkpt lat="54.46301" lon="-3.11306">
        <ele>713.6239926444143</ele>
      </trkpt>
      <trkpt lat="54.4626" lon="-3.11283">
        <ele>717.2421583522146</ele>
      </trkpt>
      <trkpt lat="54.46214" lon="-3.1127">
        <ele>720.2087788754703</ele>
      </trkpt>
      <trkpt lat="54.46205" lon="-3.11262">
        <ele>719.7782598445822</ele>
      </trkpt>
      <trkpt lat="54.46061" lon="-3.11237">
        <ele>699.6908925185497</ele>
      </trkpt>
      <trkpt lat="54.4605" lon="-3.11242">
        <ele>698.8839079421091</ele>
      </trkpt>
      <trkpt lat="54.46004" lon="-3.112">
        <ele>697.5583370226606</ele>
      </trkpt>
      <trkpt lat="54.45996" lon="-3.11196">
        <ele>697.0850610100073</ele>
      </trkpt>
      <trkpt lat="54.45977" lon="-3.11203">
        <ele>694.9316624168313</ele>
      </trkpt>
      <trkpt lat="54.45975" lon="-3.11209">
        <ele>694.784789532371</ele>
      </trkpt>
      <trkpt lat="54.45948" lon="-3.11198">
        <ele>695.698531816382</ele>
      </trkpt>
      <trkpt lat="54.45925" lon="-3.11198">
        <ele>695.0639014365793</ele>
      </trkpt>
      <trkpt lat="54.45903" lon="-3.11195">
        <ele>695.3237508761949</ele>
      </trkpt>
      <trkpt lat="54.4589" lon="-3.11188">
        <ele>696.5209766564479</ele>
      </trkpt>
      <trkpt lat="54.45877" lon="-3.11173">
        <ele>697.9541309176175</ele>
      </trkpt>
      <trkpt lat="54.45869" lon="-3.11177">
        <ele>697.2800916400661</ele>
      </trkpt>
      <trkpt lat="54.45832" lon="-3.11152">
        <ele>701.4595557676881</ele>
      </trkpt>
      <trkpt lat="54.45827" lon="-3.11143">
        <ele>702.396315862605</ele>
      </trkpt>
      <trkpt lat="54.45799" lon="-3.11122">
        <ele>708.7209502360952</ele>
      </trkpt>
      <trkpt lat="54.45778" lon="-3.11115">
        <ele>705.1137193113419</ele>
      </trkpt>
      <trkpt lat="54.45751" lon="-3.11076">
        <ele>705.7378070416771</ele>
      </trkpt>
      <trkpt lat="54.45731" lon="-3.11055">
        <ele>711.660696231098</ele>
      </trkpt>
      <trkpt lat="54.45714" lon="-3.11025">
        <ele>718.007086771571</ele>
      </trkpt>
      <trkpt lat="54.45711" lon="-3.11015">
        <ele>719.296425094755</ele>
      </trkpt>
      <trkpt lat="54.45685" lon="-3.10998">
        <ele>725.0015890865564</ele>
      </trkpt>
      <trkpt lat="54.45672" lon="-3.10983">
        <ele>727.5529451045663</ele>
      </trkpt>
      <trkpt lat="54.45667" lon="-3.10971">
        <ele>730.1480943059846</ele>
      </trkpt>
      <trkpt lat="54.45663" lon="-3.10945">
        <ele>731.4457891039739</ele>
      </trkpt>
      <trkpt lat="54.45687" lon="-3.10948">
        <ele>733.6134311487201</ele>
      </trkpt>
      <trkpt lat="54.45691" lon="-3.10955">
        <ele>733.4002586448476</ele>
      </trkpt>
      <trkpt lat="54.45697" lon="-3.10978">
        <ele>729.8383843321116</ele>
      </trkpt>
      <trkpt lat="54.45714" lon="-3.11025">
        <ele>718.007086771571</ele>
      </trkpt>
      <trkpt lat="54.45731" lon="-3.11055">
        <ele>711.660696231098</ele>
      </trkpt>
      <trkpt lat="54.45751" lon="-3.11076">
        <ele>705.7378070416771</ele>
      </trkpt>
      <trkpt lat="54.45749" lon="-3.11109">
        <ele>704.082516753189</ele>
      </trkpt>
      <trkpt lat="54.45745" lon="-3.11123">
        <ele>703.0751992508459</ele>
      </trkpt>
      <trkpt lat="54.45744" lon="-3.1114">
        <ele>700.9874528501657</ele>
      </trkpt>
      <trkpt lat="54.45743" lon="-3.11152">
        <ele>699.3913903522628</ele>
      </trkpt>
      <trkpt lat="54.45732" lon="-3.11209">
        <ele>685.0116989738796</ele>
      </trkpt>
      <trkpt lat="54.45732" lon="-3.11238">
        <ele>677.8004589542138</ele>
      </trkpt>
      <trkpt lat="54.45725" lon="-3.11271">
        <ele>669.6566189978139</ele>
      </trkpt>
      <trkpt lat="54.45727" lon="-3.11314">
        <ele>660.0174507211011</ele>
      </trkpt>
      <trkpt lat="54.4572" lon="-3.11339">
        <ele>652.916819157903</ele>
      </trkpt>
      <trkpt lat="54.45721" lon="-3.11355">
        <ele>649.1473888090928</ele>
      </trkpt>
      <trkpt lat="54.45712" lon="-3.11367">
        <ele>643.4854010697097</ele>
      </trkpt>
      <trkpt lat="54.45712" lon="-3.11392">
        <ele>637.3501128311118</ele>
      </trkpt>
      <trkpt lat="54.45703" lon="-3.11406">
        <ele>632.5319430278207</ele>
      </trkpt>
      <trkpt lat="54.45693" lon="-3.11417">
        <ele>629.2556163522181</ele>
      </trkpt>
      <trkpt lat="54.45669" lon="-3.11458">
        <ele>623.8637996862892</ele>
      </trkpt>
      <trkpt lat="54.45655" lon="-3.11468">
        <ele>622.0681674349688</ele>
      </trkpt>
      <trkpt lat="54.45653" lon="-3.11488">
        <ele>621.1217243901569</ele>
      </trkpt>
      <trkpt lat="54.4565" lon="-3.11495">
        <ele>620.7624149934605</ele>
      </trkpt>
      <trkpt lat="54.45646" lon="-3.11496">
        <ele>620.6066449907887</ele>
      </trkpt>
      <trkpt lat="54.45645" lon="-3.1151">
        <ele>621.8766969548769</ele>
      </trkpt>
      <trkpt lat="54.45656" lon="-3.11538">
        <ele>625.8113726221437</ele>
      </trkpt>
      <trkpt lat="54.45657" lon="-3.11548">
        <ele>627.2751466354009</ele>
      </trkpt>
      <trkpt lat="54.45655" lon="-3.1156">
        <ele>628.6477335634779</ele>
      </trkpt>
      <trkpt lat="54.45651" lon="-3.11568">
        <ele>629.3760884736761</ele>
      </trkpt>
      <trkpt lat="54.45626" lon="-3.11679">
        <ele>636.2064241961888</ele>
      </trkpt>
      <trkpt lat="54.45636" lon="-3.11726">
        <ele>640.1317106281389</ele>
      </trkpt>
      <trkpt lat="54.45646" lon="-3.11749">
        <ele>641.1871668479589</ele>
      </trkpt>
      <trkpt lat="54.45647" lon="-3.11759">
        <ele>642.4776410446339</ele>
      </trkpt>
      <trkpt lat="54.45651" lon="-3.11771">
        <ele>643.6517295831196</ele>
      </trkpt>
      <trkpt lat="54.45657" lon="-3.11826">
        <ele>650.7779448020859</ele>
      </trkpt>
      <trkpt lat="54.45659" lon="-3.11882">
        <ele>658.493867882413</ele>
      </trkpt>
      <trkpt lat="54.45654" lon="-3.11898">
        <ele>661.4837098443652</ele>
      </trkpt>
      <trkpt lat="54.45655" lon="-3.11916">
        <ele>662.9941204518377</ele>
      </trkpt>
      <trkpt lat="54.4566" lon="-3.11944">
        <ele>667.9856370910375</ele>
      </trkpt>
      <trkpt lat="54.45661" lon="-3.1196">
        <ele>669.8011242348796</ele>
      </trkpt>
      <trkpt lat="54.45656" lon="-3.11984">
        <ele>666.343541443121</ele>
      </trkpt>
      <trkpt lat="54.45653" lon="-3.11991">
        <ele>664.4778958490625</ele>
      </trkpt>
      <trkpt lat="54.45657" lon="-3.12005">
        <ele>663.5979191286717</ele>
      </trkpt>
      <trkpt lat="54.45654" lon="-3.12017">
        <ele>662.3163267766652</ele>
      </trkpt>
      <trkpt lat="54.45654" lon="-3.1203">
        <ele>661.1452019313541</ele>
      </trkpt>
      <trkpt lat="54.45664" lon="-3.1205">
        <ele>666.1585833424315</ele>
      </trkpt>
      <trkpt lat="54.45664" lon="-3.12064">
        <ele>670.399362024627</ele>
      </trkpt>
      <trkpt lat="54.45669" lon="-3.12087">
        <ele>677.7032599261468</ele>
      </trkpt>
      <trkpt lat="54.45667" lon="-3.12098">
        <ele>682.4925452315599</ele>
      </trkpt>
      <trkpt lat="54.45658" lon="-3.12093">
        <ele>683.6636665051916</ele>
      </trkpt>
      <trkpt lat="54.45653" lon="-3.12107">
        <ele>691.1650668051248</ele>
      </trkpt>
      <trkpt lat="54.45649" lon="-3.1214">
        <ele>704.7901368840196</ele>
      </trkpt>
      <trkpt lat="54.45647" lon="-3.12147">
        <ele>706.9335817985605</ele>
      </trkpt>
      <trkpt lat="54.45641" lon="-3.12146">
        <ele>706.7579969921086</ele>
      </trkpt>
      <trkpt lat="54.45651" lon="-3.12146">
        <ele>705.2607118621361</ele>
      </trkpt>
      <trkpt lat="54.45656" lon="-3.1214">
        <ele>702.1804629620646</ele>
      </trkpt>
      <trkpt lat="54.45663" lon="-3.12152">
        <ele>698.9933923490212</ele>
      </trkpt>
      <trkpt lat="54.45666" lon="-3.1215">
        <ele>696.9198397262691</ele>
      </trkpt>
      <trkpt lat="54.45668" lon="-3.12144">
        <ele>693.9904655591781</ele>
      </trkpt>
      <trkpt lat="54.45668" lon="-3.12132">
        <ele>690.9815900907528</ele>
      </trkpt>
      <trkpt lat="54.45683" lon="-3.12133">
        <ele>680.886308192514</ele>
      </trkpt>
      <trkpt lat="54.45691" lon="-3.12124">
        <ele>676.0681406782919</ele>
      </trkpt>
      <trkpt lat="54.45703" lon="-3.12134">
        <ele>671.9730573322857</ele>
      </trkpt>
      <trkpt lat="54.45724" lon="-3.12172">
        <ele>666.805845021076</ele>
      </trkpt>
      <trkpt lat="54.45747" lon="-3.12204">
        <ele>665.2613621812417</ele>
      </trkpt>
      <trkpt lat="54.45853" lon="-3.12298">
        <ele>657.4825622912994</ele>
      </trkpt>
      <trkpt lat="54.45891" lon="-3.12316">
        <ele>651.4572450968731</ele>
      </trkpt>
      <trkpt lat="54.45897" lon="-3.12326">
        <ele>649.5546216961093</ele>
      </trkpt>
      <trkpt lat="54.45979" lon="-3.12362">
        <ele>637.0441999092542</ele>
      </trkpt>
      <trkpt lat="54.45988" lon="-3.12372">
        <ele>634.8858441973387</ele>
      </trkpt>
      <trkpt lat="54.46009" lon="-3.12372">
        <ele>631.2633878358698</ele>
      </trkpt>
      <trkpt lat="54.46025" lon="-3.1238">
        <ele>627.1772914560914</ele>
      </trkpt>
      <trkpt lat="54.46067" lon="-3.12422">
        <ele>617.2889916877032</ele>
      </trkpt>
      <trkpt lat="54.46238" lon="-3.12783">
        <ele>550.6837503601604</ele>
      </trkpt>
      <trkpt lat="54.46279" lon="-3.12875">
        <ele>541.088918099239</ele>
      </trkpt>
      <trkpt lat="54.4629" lon="-3.12912">
        <ele>538.3472074465249</ele>
      </trkpt>
      <trkpt lat="54.46305" lon="-3.12947">
        <ele>537.0150835948463</ele>
      </trkpt>
      <trkpt lat="54.46325" lon="-3.12981">
        <ele>537.3780726032254</ele>
      </trkpt>
      <trkpt lat="54.46325" lon="-3.13016">
        <ele>537.6563846980138</ele>
      </trkpt>
      <trkpt lat="54.46328" lon="-3.13047">
        <ele>538.1712900165298</ele>
      </trkpt>
      <trkpt lat="54.46337" lon="-3.13071">
        <ele>538.6389568487565</ele>
      </trkpt>
      <trkpt lat="54.46323" lon="-3.13175">
        <ele>541.1018950641833</ele>
      </trkpt>
      <trkpt lat="54.4632" lon="-3.13215">
        <ele>540.9487389054149</ele>
      </trkpt>
      <trkpt lat="54.46318" lon="-3.13275">
        <ele>539.939999645816</ele>
      </trkpt>
      <trkpt lat="54.46323" lon="-3.13335">
        <ele>538.7406800429724</ele>
      </trkpt>
      <trkpt lat="54.46322" lon="-3.1334">
        <ele>538.6554508001615</ele>
      </trkpt>
      <trkpt lat="54.46326" lon="-3.13576">
        <ele>531.0592464795624</ele>
      </trkpt>
      <trkpt lat="54.4635" lon="-3.1379">
        <ele>492.9826537713516</ele>
      </trkpt>
      <trkpt lat="54.46382" lon="-3.13848">
        <ele>476.1563405851656</ele>
      </trkpt>
      <trkpt lat="54.46397" lon="-3.13886">
        <ele>466.18297321936905</ele>
      </trkpt>
      <trkpt lat="54.464" lon="-3.1391">
        <ele>462.4719876842644</ele>
      </trkpt>
      <trkpt lat="54.464" lon="-3.1398">
        <ele>455.2740659518358</ele>
      </trkpt>
      <trkpt lat="54.46423" lon="-3.14135">
        <ele>437.67371549812714</ele>
      </trkpt>
      <trkpt lat="54.46415" lon="-3.14155">
        <ele>435.9205739690916</ele>
      </trkpt>
      <trkpt lat="54.46415" lon="-3.14173">
        <ele>433.59124021778274</ele>
      </trkpt>
      <trkpt lat="54.46411" lon="-3.14191">
        <ele>431.5333977557154</ele>
      </trkpt>
      <trkpt lat="54.46403" lon="-3.14203">
        <ele>430.23062340123727</ele>
      </trkpt>
      <trkpt lat="54.46389" lon="-3.14216">
        <ele>428.4755340132523</ele>
      </trkpt>
      <trkpt lat="54.46381" lon="-3.14235">
        <ele>425.7877179607261</ele>
      </trkpt>
      <trkpt lat="54.46377" lon="-3.14239">
        <ele>425.20445717821</ele>
      </trkpt>
      <trkpt lat="54.46369" lon="-3.1424">
        <ele>424.9313786844267</ele>
      </trkpt>
      <trkpt lat="54.46358" lon="-3.14255">
        <ele>422.51412243539784</ele>
      </trkpt>
      <trkpt lat="54.46351" lon="-3.14284">
        <ele>419.34958077364723</ele>
      </trkpt>
      <trkpt lat="54.46349" lon="-3.1431">
        <ele>417.59323345129667</ele>
      </trkpt>
      <trkpt lat="54.4635" lon="-3.14322">
        <ele>418.19815259180587</ele>
      </trkpt>
      <trkpt lat="54.46349" lon="-3.14349">
        <ele>421.58251974550103</ele>
      </trkpt>
      <trkpt lat="54.4634" lon="-3.1441">
        <ele>432.91489742964484</ele>
      </trkpt>
      <trkpt lat="54.46335" lon="-3.14431">
        <ele>439.2087832259474</ele>
      </trkpt>
      <trkpt lat="54.46335" lon="-3.14448">
        <ele>445.53565718802207</ele>
      </trkpt>
      <trkpt lat="54.46321" lon="-3.14471">
        <ele>454.27865434569935</ele>
      </trkpt>
      <trkpt lat="54.46312" lon="-3.14478">
        <ele>456.977863244268</ele>
      </trkpt>
      <trkpt lat="54.46311" lon="-3.14488">
        <ele>461.12957290554647</ele>
      </trkpt>
      <trkpt lat="54.46314" lon="-3.14494">
        <ele>463.5932935264735</ele>
      </trkpt>
      <trkpt lat="54.46311" lon="-3.14521">
        <ele>467.9082570134002</ele>
      </trkpt>
      <trkpt lat="54.46312" lon="-3.14528">
        <ele>468.88548969305754</ele>
      </trkpt>
      <trkpt lat="54.46305" lon="-3.1455">
        <ele>470.9299344131822</ele>
      </trkpt>
      <trkpt lat="54.46292" lon="-3.14566">
        <ele>470.6174983087781</ele>
      </trkpt>
      <trkpt lat="54.4628" lon="-3.14593">
        <ele>473.1237513153375</ele>
      </trkpt>
      <trkpt lat="54.46247" lon="-3.14647">
        <ele>481.5488176995259</ele>
      </trkpt>
      <trkpt lat="54.46248" lon="-3.14658">
        <ele>485.0102787277005</ele>
      </trkpt>
      <trkpt lat="54.46247" lon="-3.14661">
        <ele>485.49399522620377</ele>
      </trkpt>
      <trkpt lat="54.46246" lon="-3.14683">
        <ele>487.80442649059285</ele>
      </trkpt>
      <trkpt lat="54.46244" lon="-3.14691">
        <ele>487.0996432378931</ele>
      </trkpt>
      <trkpt lat="54.46246" lon="-3.14697">
        <ele>488.72837942266875</ele>
      </trkpt>
      <trkpt lat="54.46242" lon="-3.14731">
        <ele>490.0242698425292</ele>
      </trkpt>
      <trkpt lat="54.46244" lon="-3.14749">
        <ele>494.6499223361812</ele>
      </trkpt>
      <trkpt lat="54.46238" lon="-3.14778">
        <ele>498.07790785653026</ele>
      </trkpt>
      <trkpt lat="54.46239" lon="-3.14794">
        <ele>503.5987522370435</ele>
      </trkpt>
      <trkpt lat="54.46235" lon="-3.14806">
        <ele>504.9386290123816</ele>
      </trkpt>
      <trkpt lat="54.46235" lon="-3.14815">
        <ele>507.765339305528</ele>
      </trkpt>
      <trkpt lat="54.46227" lon="-3.14837">
        <ele>510.4879231343713</ele>
      </trkpt>
      <trkpt lat="54.46218" lon="-3.14857">
        <ele>512.2926662534138</ele>
      </trkpt>
      <trkpt lat="54.46212" lon="-3.14878">
        <ele>516.0414370029865</ele>
      </trkpt>
      <trkpt lat="54.46204" lon="-3.14891">
        <ele>516.9885645883985</ele>
      </trkpt>
      <trkpt lat="54.46203" lon="-3.14901">
        <ele>519.772433745328</ele>
      </trkpt>
      <trkpt lat="54.46198" lon="-3.14919">
        <ele>522.1639838366712</ele>
      </trkpt>
      <trkpt lat="54.46198" lon="-3.14927">
        <ele>524.1613374408702</ele>
      </trkpt>
      <trkpt lat="54.46189" lon="-3.1495">
        <ele>525.3568723749195</ele>
      </trkpt>
      <trkpt lat="54.46185" lon="-3.14966">
        <ele>527.4269473766685</ele>
      </trkpt>
      <trkpt lat="54.46182" lon="-3.15009">
        <ele>535.6602790189027</ele>
      </trkpt>
      <trkpt lat="54.46183" lon="-3.15012">
        <ele>536.8469455382934</ele>
      </trkpt>
      <trkpt lat="54.46182" lon="-3.15026">
        <ele>539.1520434007202</ele>
      </trkpt>
      <trkpt lat="54.46179" lon="-3.15037">
        <ele>539.6487552734657</ele>
      </trkpt>
      <trkpt lat="54.46179" lon="-3.15047">
        <ele>542.1422370233452</ele>
      </trkpt>
      <trkpt lat="54.46177" lon="-3.1505">
        <ele>541.5074873411944</ele>
      </trkpt>
      <trkpt lat="54.46176" lon="-3.15065">
        <ele>545.0413068770989</ele>
      </trkpt>
      <trkpt lat="54.46172" lon="-3.15069">
        <ele>543.6454420569867</ele>
      </trkpt>
      <trkpt lat="54.46172" lon="-3.15084">
        <ele>546.6748916956936</ele>
      </trkpt>
      <trkpt lat="54.4617" lon="-3.15093">
        <ele>546.0158224872802</ele>
      </trkpt>
      <trkpt lat="54.46171" lon="-3.15116">
        <ele>548.3944823115997</ele>
      </trkpt>
      <trkpt lat="54.46168" lon="-3.15131">
        <ele>547.805039558485</ele>
      </trkpt>
      <trkpt lat="54.46173" lon="-3.15155">
        <ele>550.2229043704106</ele>
      </trkpt>
      <trkpt lat="54.46172" lon="-3.1516">
        <ele>549.6636239855616</ele>
      </trkpt>
      <trkpt lat="54.46174" lon="-3.15174">
        <ele>550.6086960056957</ele>
      </trkpt>
      <trkpt lat="54.46073" lon="-3.15255">
        <ele>574.6241145984313</ele>
      </trkpt>
      <trkpt lat="54.46047" lon="-3.15255">
        <ele>583.403704259182</ele>
      </trkpt>
      <trkpt lat="54.46031" lon="-3.15251">
        <ele>588.2594748514103</ele>
      </trkpt>
      <trkpt lat="54.4602" lon="-3.15264">
        <ele>589.9399360365335</ele>
      </trkpt>
      <trkpt lat="54.45975" lon="-3.15339">
        <ele>592.7943478030952</ele>
      </trkpt>
      <trkpt lat="54.45943" lon="-3.15404">
        <ele>590.185236950986</ele>
      </trkpt>
      <trkpt lat="54.45933" lon="-3.15418">
        <ele>590.1550477786129</ele>
      </trkpt>
      <trkpt lat="54.45893" lon="-3.15492">
        <ele>598.1429439093638</ele>
      </trkpt>
      <trkpt lat="54.45894" lon="-3.15535">
        <ele>605.0355178646914</ele>
      </trkpt>
      <trkpt lat="54.45866" lon="-3.15593">
        <ele>614.1974920191917</ele>
      </trkpt>
      <trkpt lat="54.45868" lon="-3.15613">
        <ele>616.1574039742198</ele>
      </trkpt>
      <trkpt lat="54.45862" lon="-3.1563">
        <ele>616.117058014678</ele>
      </trkpt>
      <trkpt lat="54.45869" lon="-3.15663">
        <ele>620.8151989014957</ele>
      </trkpt>
      <trkpt lat="54.45837" lon="-3.1573">
        <ele>627.2330506018563</ele>
      </trkpt>
      <trkpt lat="54.45831" lon="-3.15809">
        <ele>638.7973121403452</ele>
      </trkpt>
      <trkpt lat="54.45815" lon="-3.15895">
        <ele>645.7251001331405</ele>
      </trkpt>
      <trkpt lat="54.45794" lon="-3.15926">
        <ele>648.1584235762786</ele>
      </trkpt>
      <trkpt lat="54.45794" lon="-3.1597">
        <ele>648.8638534594991</ele>
      </trkpt>
      <trkpt lat="54.45795" lon="-3.16007">
        <ele>647.1646367342217</ele>
      </trkpt>
      <trkpt lat="54.45798" lon="-3.16038">
        <ele>641.813839301029</ele>
      </trkpt>
      <trkpt lat="54.45802" lon="-3.16052">
        <ele>639.911918845153</ele>
      </trkpt>
      <trkpt lat="54.45803" lon="-3.16067">
        <ele>636.9606159133422</ele>
      </trkpt>
      <trkpt lat="54.45814" lon="-3.16103">
        <ele>634.3233708177522</ele>
      </trkpt>
      <trkpt lat="54.45819" lon="-3.16113">
        <ele>633.3889880348279</ele>
      </trkpt>
      <trkpt lat="54.45827" lon="-3.16117">
        <ele>631.4691870495126</ele>
      </trkpt>
      <trkpt lat="54.45828" lon="-3.16121">
        <ele>630.8328747829721</ele>
      </trkpt>
      <trkpt lat="54.45828" lon="-3.16133">
        <ele>629.6662742458332</ele>
      </trkpt>
      <trkpt lat="54.45824" lon="-3.16153">
        <ele>625.6695733065966</ele>
      </trkpt>
      <trkpt lat="54.45822" lon="-3.16173">
        <ele>621.1584716832463</ele>
      </trkpt>
      <trkpt lat="54.45822" lon="-3.16193">
        <ele>619.2547719104207</ele>
      </trkpt>
      <trkpt lat="54.45802" lon="-3.1627">
        <ele>609.9405566736652</ele>
      </trkpt>
      <trkpt lat="54.45789" lon="-3.16304">
        <ele>609.4876915628768</ele>
      </trkpt>
      <trkpt lat="54.45774" lon="-3.16322">
        <ele>607.6854681975587</ele>
      </trkpt>
      <trkpt lat="54.4577" lon="-3.16307">
        <ele>605.8434580298244</ele>
      </trkpt>
      <trkpt lat="54.45754" lon="-3.16329">
        <ele>605.7981352585931</ele>
      </trkpt>
      <trkpt lat="54.45749" lon="-3.16332">
        <ele>605.8999566617781</ele>
      </trkpt>
      <trkpt lat="54.45732" lon="-3.1634">
        <ele>607.2280130918755</ele>
      </trkpt>
      <trkpt lat="54.457" lon="-3.16348">
        <ele>613.5039269270728</ele>
      </trkpt>
      <trkpt lat="54.45684" lon="-3.16356">
        <ele>617.4768310260735</ele>
      </trkpt>
      <trkpt lat="54.45677" lon="-3.16351">
        <ele>619.0356109701304</ele>
      </trkpt>
      <trkpt lat="54.45673" lon="-3.16343">
        <ele>619.7451513437502</ele>
      </trkpt>
      <trkpt lat="54.45656" lon="-3.16331">
        <ele>626.0100051183773</ele>
      </trkpt>
      <trkpt lat="54.45651" lon="-3.16334">
        <ele>628.2741845282599</ele>
      </trkpt>
      <trkpt lat="54.4564" lon="-3.16318">
        <ele>631.0174368282204</ele>
      </trkpt>
      <trkpt lat="54.45626" lon="-3.16307">
        <ele>633.341821386795</ele>
      </trkpt>
      <trkpt lat="54.45609" lon="-3.16307">
        <ele>633.8752755634255</ele>
      </trkpt>
      <trkpt lat="54.45602" lon="-3.1631">
        <ele>634.0785772991823</ele>
      </trkpt>
      <trkpt lat="54.4557" lon="-3.16337">
        <ele>637.1419008244505</ele>
      </trkpt>
      <trkpt lat="54.45558" lon="-3.16362">
        <ele>643.9313345527215</ele>
      </trkpt>
      <trkpt lat="54.45555" lon="-3.1639">
        <ele>651.5990874103677</ele>
      </trkpt>
      <trkpt lat="54.45524" lon="-3.1641">
        <ele>672.2093540982096</ele>
      </trkpt>
      <trkpt lat="54.45466" lon="-3.1641">
        <ele>697.8175453762178</ele>
      </trkpt>
      <trkpt lat="54.45423" lon="-3.16436">
        <ele>708.9183655013743</ele>
      </trkpt>
      <trkpt lat="54.45409" lon="-3.16456">
        <ele>724.1032187256127</ele>
      </trkpt>
      <trkpt lat="54.45381" lon="-3.16466">
        <ele>733.7384093961537</ele>
      </trkpt>
      <trkpt lat="54.45368" lon="-3.16504">
        <ele>755.6569113208907</ele>
      </trkpt>
      <trkpt lat="54.45353" lon="-3.16498">
        <ele>762.643478447779</ele>
      </trkpt>
      <trkpt lat="54.4534" lon="-3.16507">
        <ele>771.7606813942089</ele>
      </trkpt>
      <trkpt lat="54.45331" lon="-3.16505">
        <ele>775.2352158413858</ele>
      </trkpt>
      <trkpt lat="54.45324" lon="-3.16508">
        <ele>779.7442591558855</ele>
      </trkpt>
      <trkpt lat="54.45309" lon="-3.16507">
        <ele>787.2997516317992</ele>
      </trkpt>
      <trkpt lat="54.45304" lon="-3.16513">
        <ele>791.5592003403995</ele>
      </trkpt>
      <trkpt lat="54.45297" lon="-3.16509">
        <ele>793.4332957881686</ele>
      </trkpt>
      <trkpt lat="54.45293" lon="-3.16512">
        <ele>795.7429301150893</ele>
      </trkpt>
      <trkpt lat="54.45289" lon="-3.16522">
        <ele>800.764373618063</ele>
      </trkpt>
      <trkpt lat="54.4526" lon="-3.16527">
        <ele>811.3321315508049</ele>
      </trkpt>
      <trkpt lat="54.45242" lon="-3.16536">
        <ele>816.8509891515631</ele>
      </trkpt>
      <trkpt lat="54.45232" lon="-3.16546">
        <ele>821.841588567386</ele>
      </trkpt>
      <trkpt lat="54.45219" lon="-3.16552">
        <ele>825.3856834580595</ele>
      </trkpt>
      <trkpt lat="54.45182" lon="-3.16549">
        <ele>833.0601377490902</ele>
      </trkpt>
      <trkpt lat="54.45149" lon="-3.1656">
        <ele>845.4482293812547</ele>
      </trkpt>
      <trkpt lat="54.45114" lon="-3.16564">
        <ele>848.0747364278589</ele>
      </trkpt>
      <trkpt lat="54.45076" lon="-3.16601">
        <ele>851.1842090275744</ele>
      </trkpt>
      <trkpt lat="54.45055" lon="-3.1663">
        <ele>854.5572921668706</ele>
      </trkpt>
      <trkpt lat="54.44989" lon="-3.16655">
        <ele>857.4994346625688</ele>
      </trkpt>
      <trkpt lat="54.44948" lon="-3.16676">
        <ele>859.7603567497215</ele>
      </trkpt>
      <trkpt lat="54.44941" lon="-3.16669">
        <ele>862.9119865360726</ele>
      </trkpt>
      <trkpt lat="54.44887" lon="-3.16657">
        <ele>880.6029924034334</ele>
      </trkpt>
      <trkpt lat="54.44865" lon="-3.16626">
        <ele>883.2806173720963</ele>
      </trkpt>
      <trkpt lat="54.44825" lon="-3.16613">
        <ele>886.1969891995994</ele>
      </trkpt>
      <trkpt lat="54.44822" lon="-3.16631">
        <ele>887.3497838416885</ele>
      </trkpt>
      <trkpt lat="54.44809" lon="-3.1666">
        <ele>891.3232276377996</ele>
      </trkpt>
      <trkpt lat="54.44804" lon="-3.1665">
        <ele>893.7958593894598</ele>
      </trkpt>
      <trkpt lat="54.44796" lon="-3.16645">
        <ele>896.865498469231</ele>
      </trkpt>
      <trkpt lat="54.44794" lon="-3.16632">
        <ele>898.1212987840375</ele>
      </trkpt>
      <trkpt lat="54.44777" lon="-3.1663">
        <ele>898.4258805135794</ele>
      </trkpt>
      <trkpt lat="54.44794" lon="-3.16632">
        <ele>898.1212987840375</ele>
      </trkpt>
      <trkpt lat="54.44796" lon="-3.16645">
        <ele>896.865498469231</ele>
      </trkpt>
      <trkpt lat="54.44804" lon="-3.1665">
        <ele>893.7958593894598</ele>
      </trkpt>
      <trkpt lat="54.44809" lon="-3.1666">
        <ele>891.3232276377996</ele>
      </trkpt>
      <trkpt lat="54.44822" lon="-3.16631">
        <ele>887.3497838416885</ele>
      </trkpt>
      <trkpt lat="54.44878" lon="-3.16752">
        <ele>871.0091216658805</ele>
      </trkpt>
      <trkpt lat="54.44966" lon="-3.16765">
        <ele>846.7000313069194</ele>
      </trkpt>
      <trkpt lat="54.45023" lon="-3.16814">
        <ele>833.0705491064447</ele>
      </trkpt>
      <trkpt lat="54.45099" lon="-3.16871">
        <ele>821.7883103369886</ele>
      </trkpt>
      <trkpt lat="54.45194" lon="-3.16916">
        <ele>810.8022053052871</ele>
      </trkpt>
      <trkpt lat="54.4532" lon="-3.17065">
        <ele>783.6657571503052</ele>
      </trkpt>
      <trkpt lat="54.45427" lon="-3.17307">
        <ele>771.5895891646059</ele>
      </trkpt>
      <trkpt lat="54.45432" lon="-3.17312">
        <ele>771.6829279962412</ele>
      </trkpt>
      <trkpt lat="54.45435" lon="-3.17351">
        <ele>773.5143709118016</ele>
      </trkpt>
      <trkpt lat="54.45442" lon="-3.1737">
        <ele>775.5950741738491</ele>
      </trkpt>
      <trkpt lat="54.45453" lon="-3.17392">
        <ele>779.392503581292</ele>
      </trkpt>
      <trkpt lat="54.45455" lon="-3.17408">
        <ele>783.1375074286249</ele>
      </trkpt>
      <trkpt lat="54.45464" lon="-3.17417">
        <ele>786.7791151392346</ele>
      </trkpt>
      <trkpt lat="54.45466" lon="-3.17442">
        <ele>793.5215695805053</ele>
      </trkpt>
      <trkpt lat="54.45479" lon="-3.17463">
        <ele>800.8610383373289</ele>
      </trkpt>
      <trkpt lat="54.45481" lon="-3.17471">
        <ele>803.0378221258832</ele>
      </trkpt>
      <trkpt lat="54.45505" lon="-3.17491">
        <ele>809.1792674546217</ele>
      </trkpt>
      <trkpt lat="54.45527" lon="-3.17522">
        <ele>814.9886108110228</ele>
      </trkpt>
      <trkpt lat="54.45536" lon="-3.17528">
        <ele>817.3401206021763</ele>
      </trkpt>
      <trkpt lat="54.45543" lon="-3.17544">
        <ele>821.6251993061304</ele>
      </trkpt>
      <trkpt lat="54.45543" lon="-3.1756">
        <ele>824.537813134375</ele>
      </trkpt>
      <trkpt lat="54.45554" lon="-3.17565">
        <ele>827.3190065391569</ele>
      </trkpt>
      <trkpt lat="54.45561" lon="-3.17572">
        <ele>830.1421047647137</ele>
      </trkpt>
      <trkpt lat="54.45564" lon="-3.17582">
        <ele>832.1882491158423</ele>
      </trkpt>
      <trkpt lat="54.45574" lon="-3.17584">
        <ele>834.7223150930706</ele>
      </trkpt>
      <trkpt lat="54.45581" lon="-3.1759">
        <ele>837.7605398058896</ele>
      </trkpt>
      <trkpt lat="54.45586" lon="-3.17604">
        <ele>841.4614899611108</ele>
      </trkpt>
      <trkpt lat="54.45597" lon="-3.17622">
        <ele>844.8623667310155</ele>
      </trkpt>
      <trkpt lat="54.45607" lon="-3.1763">
        <ele>844.7027387269181</ele>
      </trkpt>
      <trkpt lat="54.45607" lon="-3.17643">
        <ele>844.3459353656095</ele>
      </trkpt>
      <trkpt lat="54.45615" lon="-3.17663">
        <ele>845.1513087374083</ele>
      </trkpt>
      <trkpt lat="54.45616" lon="-3.1768">
        <ele>846.5271942897627</ele>
      </trkpt>
      <trkpt lat="54.45629" lon="-3.17703">
        <ele>850.9064674436041</ele>
      </trkpt>
      <trkpt lat="54.45656" lon="-3.17724">
        <ele>858.6574769245187</ele>
      </trkpt>
      <trkpt lat="54.45659" lon="-3.17731">
        <ele>860.6359060644846</ele>
      </trkpt>
      <trkpt lat="54.45661" lon="-3.17742">
        <ele>863.1220354504634</ele>
      </trkpt>
      <trkpt lat="54.4568" lon="-3.17766">
        <ele>865.6224147244559</ele>
      </trkpt>
      <trkpt lat="54.45689" lon="-3.17797">
        <ele>866.3954206811177</ele>
      </trkpt>
      <trkpt lat="54.457" lon="-3.17814">
        <ele>866.7117522369724</ele>
      </trkpt>
      <trkpt lat="54.45706" lon="-3.17829">
        <ele>867.9132263369644</ele>
      </trkpt>
      <trkpt lat="54.4571" lon="-3.17844">
        <ele>869.4153404086467</ele>
      </trkpt>
      <trkpt lat="54.45712" lon="-3.17932">
        <ele>881.1373555663796</ele>
      </trkpt>
      <trkpt lat="54.45713" lon="-3.17956">
        <ele>879.4094520885994</ele>
      </trkpt>
      <trkpt lat="54.45718" lon="-3.17975">
        <ele>875.0462439117198</ele>
      </trkpt>
      <trkpt lat="54.45725" lon="-3.17978">
        <ele>871.0987302313846</ele>
      </trkpt>
      <trkpt lat="54.45737" lon="-3.18001">
        <ele>863.0925701273469</ele>
      </trkpt>
      <trkpt lat="54.45747" lon="-3.18016">
        <ele>861.2636210718526</ele>
      </trkpt>
      <trkpt lat="54.45767" lon="-3.18034">
        <ele>859.3405214694569</ele>
      </trkpt>
      <trkpt lat="54.45773" lon="-3.18053">
        <ele>858.0572381300399</ele>
      </trkpt>
      <trkpt lat="54.4579" lon="-3.18059">
        <ele>857.7462164116587</ele>
      </trkpt>
      <trkpt lat="54.45794" lon="-3.18064">
        <ele>857.1163722609389</ele>
      </trkpt>
      <trkpt lat="54.45805" lon="-3.18068">
        <ele>856.1567160007592</ele>
      </trkpt>
      <trkpt lat="54.4581" lon="-3.18078">
        <ele>855.160814184341</ele>
      </trkpt>
      <trkpt lat="54.45819" lon="-3.18081">
        <ele>854.8414725504576</ele>
      </trkpt>
      <trkpt lat="54.45822" lon="-3.18099">
        <ele>853.1463390337194</ele>
      </trkpt>
      <trkpt lat="54.45847" lon="-3.18112">
        <ele>852.057732355917</ele>
      </trkpt>
      <trkpt lat="54.45863" lon="-3.18114">
        <ele>850.9910702564753</ele>
      </trkpt>
      <trkpt lat="54.45872" lon="-3.18109">
        <ele>851.4216061632912</ele>
      </trkpt>
      <trkpt lat="54.45886" lon="-3.18115">
        <ele>848.152232275067</ele>
      </trkpt>
      <trkpt lat="54.45894" lon="-3.18114">
        <ele>846.9534168203731</ele>
      </trkpt>
      <trkpt lat="54.45912" lon="-3.18127">
        <ele>839.0358720135837</ele>
      </trkpt>
      <trkpt lat="54.45925" lon="-3.18125">
        <ele>836.9277382899887</ele>
      </trkpt>
      <trkpt lat="54.45938" lon="-3.18118">
        <ele>834.8237429453973</ele>
      </trkpt>
      <trkpt lat="54.45952" lon="-3.18136">
        <ele>827.6720226538202</ele>
      </trkpt>
      <trkpt lat="54.45958" lon="-3.18135">
        <ele>826.2548787263389</ele>
      </trkpt>
      <trkpt lat="54.45964" lon="-3.18143">
        <ele>822.7524570569664</ele>
      </trkpt>
      <trkpt lat="54.45991" lon="-3.18143">
        <ele>815.3790540190522</ele>
      </trkpt>
      <trkpt lat="54.46008" lon="-3.18147">
        <ele>812.4231914270138</ele>
      </trkpt>
      <trkpt lat="54.46014" lon="-3.18161">
        <ele>811.2199930573123</ele>
      </trkpt>
      <trkpt lat="54.46025" lon="-3.18173">
        <ele>808.7017612080754</ele>
      </trkpt>
      <trkpt lat="54.46034" lon="-3.18174">
        <ele>806.0948661211694</ele>
      </trkpt>
      <trkpt lat="54.46042" lon="-3.18168">
        <ele>804.1333609966681</ele>
      </trkpt>
      <trkpt lat="54.46066" lon="-3.18161">
        <ele>797.9177931903458</ele>
      </trkpt>
      <trkpt lat="54.4607" lon="-3.18165">
        <ele>797.168372716028</ele>
      </trkpt>
      <trkpt lat="54.46089" lon="-3.18208">
        <ele>792.6921048556807</ele>
      </trkpt>
      <trkpt lat="54.46091" lon="-3.18224">
        <ele>791.564831523796</ele>
      </trkpt>
      <trkpt lat="54.46102" lon="-3.18236">
        <ele>785.7579766447611</ele>
      </trkpt>
      <trkpt lat="54.46104" lon="-3.18251">
        <ele>783.0860072478074</ele>
      </trkpt>
      <trkpt lat="54.46119" lon="-3.18259">
        <ele>777.5724512223537</ele>
      </trkpt>
      <trkpt lat="54.46125" lon="-3.18254">
        <ele>777.0321789200402</ele>
      </trkpt>
      <trkpt lat="54.46132" lon="-3.18256">
        <ele>775.5761311943728</ele>
      </trkpt>
      <trkpt lat="54.46156" lon="-3.18275">
        <ele>766.5097303620782</ele>
      </trkpt>
      <trkpt lat="54.46168" lon="-3.18315">
        <ele>761.2690316284346</ele>
      </trkpt>
      <trkpt lat="54.4619" lon="-3.18364">
        <ele>755.2720895214503</ele>
      </trkpt>
      <trkpt lat="54.46196" lon="-3.18387">
        <ele>754.5492336621899</ele>
      </trkpt>
      <trkpt lat="54.46207" lon="-3.1841">
        <ele>755.1220128231157</ele>
      </trkpt>
      <trkpt lat="54.46257" lon="-3.18538">
        <ele>760.9259178614284</ele>
      </trkpt>
      <trkpt lat="54.46258" lon="-3.18589">
        <ele>762.8297642462123</ele>
      </trkpt>
      <trkpt lat="54.46267" lon="-3.18667">
        <ele>767.7334713980968</ele>
      </trkpt>
      <trkpt lat="54.46274" lon="-3.18767">
        <ele>775.8208852697601</ele>
      </trkpt>
      <trkpt lat="54.46275" lon="-3.18798">
        <ele>778.8688984198733</ele>
      </trkpt>
      <trkpt lat="54.4627" lon="-3.18836">
        <ele>783.184596923105</ele>
      </trkpt>
      <trkpt lat="54.46267" lon="-3.18897">
        <ele>790.0552303943301</ele>
      </trkpt>
      <trkpt lat="54.46264" lon="-3.18903">
        <ele>790.4816000650642</ele>
      </trkpt>
      <trkpt lat="54.46271" lon="-3.18931">
        <ele>793.2645397123208</ele>
      </trkpt>
      <trkpt lat="54.46273" lon="-3.18949">
        <ele>795.4067920265629</ele>
      </trkpt>
      <trkpt lat="54.46273" lon="-3.18983">
        <ele>798.8543974046804</ele>
      </trkpt>
      <trkpt lat="54.46277" lon="-3.19014">
        <ele>804.120354325712</ele>
      </trkpt>
      <trkpt lat="54.46288" lon="-3.19032">
        <ele>809.4684403958489</ele>
      </trkpt>
      <trkpt lat="54.463" lon="-3.19094">
        <ele>822.3042201510201</ele>
      </trkpt>
      <trkpt lat="54.46303" lon="-3.19096">
        <ele>823.103673909771</ele>
      </trkpt>
      <trkpt lat="54.46306" lon="-3.19103">
        <ele>824.9892652048605</ele>
      </trkpt>
      <trkpt lat="54.46306" lon="-3.1911">
        <ele>826.6058906053095</ele>
      </trkpt>
      <trkpt lat="54.46307" lon="-3.19112">
        <ele>827.1152815535056</ele>
      </trkpt>
      <trkpt lat="54.46302" lon="-3.19145">
        <ele>832.4425422642887</ele>
      </trkpt>
      <trkpt lat="54.46305" lon="-3.19176">
        <ele>837.5731650332685</ele>
      </trkpt>
      <trkpt lat="54.46304" lon="-3.19207">
        <ele>842.259237845409</ele>
      </trkpt>
      <trkpt lat="54.46313" lon="-3.19229">
        <ele>848.1594463991072</ele>
      </trkpt>
      <trkpt lat="54.46319" lon="-3.19259">
        <ele>855.0596341096368</ele>
      </trkpt>
      <trkpt lat="54.46318" lon="-3.1928">
        <ele>858.1261130342302</ele>
      </trkpt>
      <trkpt lat="54.46331" lon="-3.19293">
        <ele>864.2076329111686</ele>
      </trkpt>
      <trkpt lat="54.46352" lon="-3.19341">
        <ele>871.3247859572662</ele>
      </trkpt>
      <trkpt lat="54.46366" lon="-3.19389">
        <ele>876.0661903721623</ele>
      </trkpt>
      <trkpt lat="54.46383" lon="-3.194">
        <ele>879.9265311446311</ele>
      </trkpt>
      <trkpt lat="54.46395" lon="-3.19413">
        <ele>883.8948231975471</ele>
      </trkpt>
      <trkpt lat="54.46399" lon="-3.19441">
        <ele>887.6592277890838</ele>
      </trkpt>
      <trkpt lat="54.46414" lon="-3.19469">
        <ele>890.7674100375792</ele>
      </trkpt>
      <trkpt lat="54.46423" lon="-3.19494">
        <ele>893.9577692821712</ele>
      </trkpt>
      <trkpt lat="54.46447" lon="-3.19496">
        <ele>899.2865804388956</ele>
      </trkpt>
      <trkpt lat="54.4652" lon="-3.19492">
        <ele>906.8806083292017</ele>
      </trkpt>
      <trkpt lat="54.46552" lon="-3.19671">
        <ele>904.8997219579412</ele>
      </trkpt>
      <trkpt lat="54.46446" lon="-3.19624">
        <ele>899.8034351040976</ele>
      </trkpt>
      <trkpt lat="54.46416" lon="-3.19623">
        <ele>897.532625332372</ele>
      </trkpt>
      <trkpt lat="54.4638" lon="-3.19615">
        <ele>894.4162905538432</ele>
      </trkpt>
      <trkpt lat="54.46358" lon="-3.19605">
        <ele>890.1192769585753</ele>
      </trkpt>
      <trkpt lat="54.46351" lon="-3.19605">
        <ele>888.4919103940422</ele>
      </trkpt>
      <trkpt lat="54.46335" lon="-3.19615">
        <ele>884.179011343856</ele>
      </trkpt>
      <trkpt lat="54.46317" lon="-3.19601">
        <ele>879.0847405342357</ele>
      </trkpt>
      <trkpt lat="54.46305" lon="-3.19596">
        <ele>876.0755863999922</ele>
      </trkpt>
      <trkpt lat="54.46291" lon="-3.19605">
        <ele>871.4455049383755</ele>
      </trkpt>
      <trkpt lat="54.46255" lon="-3.19607">
        <ele>862.3085096211535</ele>
      </trkpt>
      <trkpt lat="54.46224" lon="-3.19619">
        <ele>857.0054336307135</ele>
      </trkpt>
      <trkpt lat="54.46179" lon="-3.19644">
        <ele>853.6594007025454</ele>
      </trkpt>
      <trkpt lat="54.46156" lon="-3.19664">
        <ele>852.5600719059559</ele>
      </trkpt>
      <trkpt lat="54.46126" lon="-3.19686">
        <ele>857.5258024066744</ele>
      </trkpt>
      <trkpt lat="54.46096" lon="-3.197">
        <ele>861.2413833365035</ele>
      </trkpt>
      <trkpt lat="54.46083" lon="-3.19717">
        <ele>862.8173000931782</ele>
      </trkpt>
      <trkpt lat="54.46074" lon="-3.19726">
        <ele>864.665134933639</ele>
      </trkpt>
      <trkpt lat="54.46072" lon="-3.19743">
        <ele>865.9320100432045</ele>
      </trkpt>
      <trkpt lat="54.46065" lon="-3.19757">
        <ele>868.8759711594719</ele>
      </trkpt>
      <trkpt lat="54.46045" lon="-3.19779">
        <ele>878.17363294977</ele>
      </trkpt>
      <trkpt lat="54.46029" lon="-3.19773">
        <ele>883.014941005029</ele>
      </trkpt>
      <trkpt lat="54.4598" lon="-3.19794">
        <ele>892.5280193818244</ele>
      </trkpt>
      <trkpt lat="54.45947" lon="-3.19853">
        <ele>897.3499502843629</ele>
      </trkpt>
      <trkpt lat="54.45922" lon="-3.19888">
        <ele>899.5677301001816</ele>
      </trkpt>
      <trkpt lat="54.4591" lon="-3.19897">
        <ele>901.480726142925</ele>
      </trkpt>
      <trkpt lat="54.45903" lon="-3.1991">
        <ele>902.785360563483</ele>
      </trkpt>
      <trkpt lat="54.45891" lon="-3.19905">
        <ele>904.2274633597301</ele>
      </trkpt>
      <trkpt lat="54.45882" lon="-3.19912">
        <ele>905.4255076037186</ele>
      </trkpt>
      <trkpt lat="54.45873" lon="-3.19913">
        <ele>906.5802841129171</ele>
      </trkpt>
      <trkpt lat="54.45863" lon="-3.19917">
        <ele>907.963997377757</ele>
      </trkpt>
      <trkpt lat="54.4585" lon="-3.19931">
        <ele>909.7101805612024</ele>
      </trkpt>
      <trkpt lat="54.45827" lon="-3.19942">
        <ele>911.2230449775437</ele>
      </trkpt>
      <trkpt lat="54.45812" lon="-3.19958">
        <ele>912.448469037785</ele>
      </trkpt>
      <trkpt lat="54.45798" lon="-3.1998">
        <ele>913.3611208506591</ele>
      </trkpt>
      <trkpt lat="54.45756" lon="-3.19979">
        <ele>915.597681476619</ele>
      </trkpt>
      <trkpt lat="54.45737" lon="-3.19963">
        <ele>916.2811356243706</ele>
      </trkpt>
      <trkpt lat="54.45722" lon="-3.19957">
        <ele>916.7750607244034</ele>
      </trkpt>
      <trkpt lat="54.45702" lon="-3.19957">
        <ele>916.8215104308723</ele>
      </trkpt>
      <trkpt lat="54.45661" lon="-3.19964">
        <ele>917.4957654364143</ele>
      </trkpt>
      <trkpt lat="54.45597" lon="-3.19942">
        <ele>919.4222676556127</ele>
      </trkpt>
      <trkpt lat="54.45572" lon="-3.19951">
        <ele>923.9320762803287</ele>
      </trkpt>
      <trkpt lat="54.45563" lon="-3.19976">
        <ele>928.6096290745105</ele>
      </trkpt>
      <trkpt lat="54.45556" lon="-3.20033">
        <ele>926.2102931390643</ele>
      </trkpt>
      <trkpt lat="54.45588" lon="-3.20074">
        <ele>909.7275368255191</ele>
      </trkpt>
      <trkpt lat="54.45675" lon="-3.20232">
        <ele>891.7839074004532</ele>
      </trkpt>
      <trkpt lat="54.45686" lon="-3.20276">
        <ele>884.9458910633834</ele>
      </trkpt>
      <trkpt lat="54.45714" lon="-3.20322">
        <ele>881.3176447414073</ele>
      </trkpt>
      <trkpt lat="54.45723" lon="-3.20365">
        <ele>885.0166597754295</ele>
      </trkpt>
      <trkpt lat="54.45703" lon="-3.20407">
        <ele>889.6106839491913</ele>
      </trkpt>
      <trkpt lat="54.457" lon="-3.20428">
        <ele>892.6303749275443</ele>
      </trkpt>
      <trkpt lat="54.45703" lon="-3.205">
        <ele>902.7852793129588</ele>
      </trkpt>
      <trkpt lat="54.45699" lon="-3.20513">
        <ele>904.0333218907163</ele>
      </trkpt>
      <trkpt lat="54.45707" lon="-3.20557">
        <ele>911.4926944423145</ele>
      </trkpt>
      <trkpt lat="54.4571" lon="-3.20582">
        <ele>914.6410574493264</ele>
      </trkpt>
      <trkpt lat="54.45717" lon="-3.20599">
        <ele>916.2456029991245</ele>
      </trkpt>
      <trkpt lat="54.45727" lon="-3.20603">
        <ele>918.7056804382397</ele>
      </trkpt>
      <trkpt lat="54.45736" lon="-3.20611">
        <ele>923.2793902921079</ele>
      </trkpt>
      <trkpt lat="54.45742" lon="-3.20625">
        <ele>925.4401041659337</ele>
      </trkpt>
      <trkpt lat="54.45738" lon="-3.20682">
        <ele>931.519093984778</ele>
      </trkpt>
      <trkpt lat="54.45729" lon="-3.20701">
        <ele>930.5045319829228</ele>
      </trkpt>
      <trkpt lat="54.4571" lon="-3.20744">
        <ele>917.3291640627981</ele>
      </trkpt>
      <trkpt lat="54.45704" lon="-3.20741">
        <ele>914.1434860651445</ele>
      </trkpt>
      <trkpt lat="54.45686" lon="-3.2077">
        <ele>908.7267580905893</ele>
      </trkpt>
      <trkpt lat="54.45686" lon="-3.20789">
        <ele>906.2841294356057</ele>
      </trkpt>
      <trkpt lat="54.45676" lon="-3.20805">
        <ele>901.7811106326546</ele>
      </trkpt>
      <trkpt lat="54.45662" lon="-3.20809">
        <ele>898.1996623173452</ele>
      </trkpt>
      <trkpt lat="54.45658" lon="-3.20819">
        <ele>895.8313421338169</ele>
      </trkpt>
      <trkpt lat="54.4565" lon="-3.20849">
        <ele>886.5468704123987</ele>
      </trkpt>
      <trkpt lat="54.45648" lon="-3.20852">
        <ele>885.2627074685905</ele>
      </trkpt>
      <trkpt lat="54.45639" lon="-3.20852">
        <ele>881.227191766152</ele>
      </trkpt>
      <trkpt lat="54.45629" lon="-3.20871">
        <ele>877.2391416963484</ele>
      </trkpt>
      <trkpt lat="54.45625" lon="-3.20896">
        <ele>877.0198175857165</ele>
      </trkpt>
      <trkpt lat="54.45577" lon="-3.20927">
        <ele>902.1202245647586</ele>
      </trkpt>
      <trkpt lat="54.45566" lon="-3.20942">
        <ele>912.3081977515359</ele>
      </trkpt>
      <trkpt lat="54.45542" lon="-3.20963">
        <ele>924.8924644406475</ele>
      </trkpt>
      <trkpt lat="54.45495" lon="-3.20985">
        <ele>938.4900711365977</ele>
      </trkpt>
      <trkpt lat="54.45467" lon="-3.21002">
        <ele>945.9386761120754</ele>
      </trkpt>
      <trkpt lat="54.45449" lon="-3.21032">
        <ele>953.6929626389262</ele>
      </trkpt>
      <trkpt lat="54.4544" lon="-3.21039">
        <ele>955.515817897307</ele>
      </trkpt>
      <trkpt lat="54.45435" lon="-3.2105">
        <ele>958.2803371544024</ele>
      </trkpt>
      <trkpt lat="54.45433" lon="-3.21062">
        <ele>961.6578597341563</ele>
      </trkpt>
      <trkpt lat="54.45434" lon="-3.21078">
        <ele>965.0824652526812</ele>
      </trkpt>
      <trkpt lat="54.45433" lon="-3.21099">
        <ele>969.0996367358293</ele>
      </trkpt>
      <trkpt lat="54.45427" lon="-3.21114">
        <ele>971.5954871266766</ele>
      </trkpt>
      <trkpt lat="54.45428" lon="-3.21125">
        <ele>973.2767447821194</ele>
      </trkpt>
      <trkpt lat="54.45426" lon="-3.21144">
        <ele>975.936005165868</ele>
      </trkpt>
      <trkpt lat="54.45427" lon="-3.21158">
        <ele>977.2345135955734</ele>
      </trkpt>
      <trkpt lat="54.45424" lon="-3.21162">
        <ele>977.1356631877865</ele>
      </trkpt>
      <trkpt lat="54.45425" lon="-3.21172">
        <ele>976.6950124674695</ele>
      </trkpt>
      <trkpt lat="54.45435" lon="-3.21186">
        <ele>975.1227195628993</ele>
      </trkpt>
      <trkpt lat="54.45448" lon="-3.21182">
        <ele>971.3385274717323</ele>
      </trkpt>
      <trkpt lat="54.45455" lon="-3.21189">
        <ele>968.5977551604622</ele>
      </trkpt>
      <trkpt lat="54.45465" lon="-3.21208">
        <ele>964.1601915323749</ele>
      </trkpt>
      <trkpt lat="54.4547" lon="-3.21237">
        <ele>960.4134158568703</ele>
      </trkpt>
      <trkpt lat="54.45475" lon="-3.21243">
        <ele>959.6128546771804</ele>
      </trkpt>
      <trkpt lat="54.45473" lon="-3.21257">
        <ele>958.6854554082148</ele>
      </trkpt>
      <trkpt lat="54.45474" lon="-3.21275">
        <ele>957.447938897376</ele>
      </trkpt>
      <trkpt lat="54.45473" lon="-3.2131">
        <ele>955.2623017911471</ele>
      </trkpt>
      <trkpt lat="54.45474" lon="-3.21317">
        <ele>954.7705650129974</ele>
      </trkpt>
      <trkpt lat="54.4547" lon="-3.21321">
        <ele>954.6421563779331</ele>
      </trkpt>
      <trkpt lat="54.45469" lon="-3.21335">
        <ele>953.5958865965497</ele>
      </trkpt>
      <trkpt lat="54.45461" lon="-3.21356">
        <ele>951.848269426931</ele>
      </trkpt>
      <trkpt lat="54.45462" lon="-3.21376">
        <ele>950.6983054458003</ele>
      </trkpt>
      <trkpt lat="54.4546" lon="-3.21391">
        <ele>949.746164040461</ele>
      </trkpt>
      <trkpt lat="54.45449" lon="-3.21427">
        <ele>946.6254984900652</ele>
      </trkpt>
      <trkpt lat="54.45445" lon="-3.21433">
        <ele>945.8837056331495</ele>
      </trkpt>
      <trkpt lat="54.45444" lon="-3.21448">
        <ele>944.4968816616533</ele>
      </trkpt>
      <trkpt lat="54.45441" lon="-3.21455">
        <ele>943.6785654548571</ele>
      </trkpt>
      <trkpt lat="54.45424" lon="-3.2147">
        <ele>941.2686250884656</ele>
      </trkpt>
      <trkpt lat="54.45404" lon="-3.21502">
        <ele>935.6685209481575</ele>
      </trkpt>
      <trkpt lat="54.45401" lon="-3.21504">
        <ele>934.9370291337979</ele>
      </trkpt>
      <trkpt lat="54.454" lon="-3.21509">
        <ele>934.3773277224736</ele>
      </trkpt>
      <trkpt lat="54.45396" lon="-3.21512">
        <ele>933.0032956159888</ele>
      </trkpt>
      <trkpt lat="54.45386" lon="-3.21505">
        <ele>928.7703154803089</ele>
      </trkpt>
      <trkpt lat="54.45382" lon="-3.21499">
        <ele>927.6203468334277</ele>
      </trkpt>
      <trkpt lat="54.45372" lon="-3.21508">
        <ele>923.8891683541426</ele>
      </trkpt>
      <trkpt lat="54.45366" lon="-3.21508">
        <ele>922.4873142580957</ele>
      </trkpt>
      <trkpt lat="54.4536" lon="-3.21516">
        <ele>921.0015297646091</ele>
      </trkpt>
      <trkpt lat="54.45357" lon="-3.21524">
        <ele>919.9104348912168</ele>
      </trkpt>
      <trkpt lat="54.45353" lon="-3.21542">
        <ele>917.6561128828803</ele>
      </trkpt>
      <trkpt lat="54.45354" lon="-3.21564">
        <ele>916.4818546854544</ele>
      </trkpt>
      <trkpt lat="54.45349" lon="-3.21573">
        <ele>914.018277028248</ele>
      </trkpt>
      <trkpt lat="54.45348" lon="-3.2159">
        <ele>912.0299743304581</ele>
      </trkpt>
      <trkpt lat="54.45345" lon="-3.21596">
        <ele>909.8632476090314</ele>
      </trkpt>
      <trkpt lat="54.45332" lon="-3.21607">
        <ele>902.6663388921611</ele>
      </trkpt>
      <trkpt lat="54.4533" lon="-3.21615">
        <ele>901.1635797040294</ele>
      </trkpt>
      <trkpt lat="54.45322" lon="-3.21619">
        <ele>897.8626204429386</ele>
      </trkpt>
      <trkpt lat="54.45314" lon="-3.21616">
        <ele>895.2731619584642</ele>
      </trkpt>
      <trkpt lat="54.453" lon="-3.21635">
        <ele>889.3081309427973</ele>
      </trkpt>
      <trkpt lat="54.45291" lon="-3.2164">
        <ele>885.4051344911159</ele>
      </trkpt>
      <trkpt lat="54.4528" lon="-3.21653">
        <ele>881.2963542268719</ele>
      </trkpt>
      <trkpt lat="54.4527" lon="-3.21672">
        <ele>878.5628754610392</ele>
      </trkpt>
      <trkpt lat="54.45269" lon="-3.21679">
        <ele>878.1538810792907</ele>
      </trkpt>
      <trkpt lat="54.45266" lon="-3.21683">
        <ele>876.9770623470978</ele>
      </trkpt>
      <trkpt lat="54.45263" lon="-3.21697">
        <ele>875.0837518918784</ele>
      </trkpt>
      <trkpt lat="54.45266" lon="-3.21719">
        <ele>874.4457542689566</ele>
      </trkpt>
      <trkpt lat="54.45257" lon="-3.21741">
        <ele>868.3112806529447</ele>
      </trkpt>
      <trkpt lat="54.45253" lon="-3.21789">
        <ele>863.8605398105341</ele>
      </trkpt>
      <trkpt lat="54.45227" lon="-3.21836">
        <ele>856.1141808506209</ele>
      </trkpt>
      <trkpt lat="54.45224" lon="-3.21845">
        <ele>856.153766410569</ele>
      </trkpt>
      <trkpt lat="54.45224" lon="-3.21849">
        <ele>856.6292709587892</ele>
      </trkpt>
      <trkpt lat="54.45219" lon="-3.21861">
        <ele>856.106861322201</ele>
      </trkpt>
      <trkpt lat="54.45219" lon="-3.21865">
        <ele>856.5079293595621</ele>
      </trkpt>
      <trkpt lat="54.45216" lon="-3.21867">
        <ele>854.6963378293678</ele>
      </trkpt>
      <trkpt lat="54.45214" lon="-3.2188">
        <ele>850.9403771150667</ele>
      </trkpt>
      <trkpt lat="54.45202" lon="-3.21889">
        <ele>844.2049069772518</ele>
      </trkpt>
      <trkpt lat="54.45192" lon="-3.21893">
        <ele>839.2986423804566</ele>
      </trkpt>
      <trkpt lat="54.4517" lon="-3.2191">
        <ele>830.4614477353083</ele>
      </trkpt>
      <trkpt lat="54.45161" lon="-3.2192">
        <ele>828.035138500295</ele>
      </trkpt>
      <trkpt lat="54.4515" lon="-3.21941">
        <ele>829.6256528944805</ele>
      </trkpt>
      <trkpt lat="54.45149" lon="-3.21944">
        <ele>830.1239119963853</ele>
      </trkpt>
      <trkpt lat="54.45142" lon="-3.21943">
        <ele>828.8453734172087</ele>
      </trkpt>
      <trkpt lat="54.45138" lon="-3.21948">
        <ele>829.9899692690393</ele>
      </trkpt>
      <trkpt lat="54.45118" lon="-3.21978">
        <ele>833.8759004132003</ele>
      </trkpt>
      <trkpt lat="54.45111" lon="-3.21993">
        <ele>836.3950871814861</ele>
      </trkpt>
      <trkpt lat="54.45088" lon="-3.22014">
        <ele>839.4981430192117</ele>
      </trkpt>
      <trkpt lat="54.45074" lon="-3.22024">
        <ele>846.6559325714297</ele>
      </trkpt>
      <trkpt lat="54.45073" lon="-3.22036">
        <ele>857.0418657970143</ele>
      </trkpt>
      <trkpt lat="54.45069" lon="-3.22044">
        <ele>860.870470465049</ele>
      </trkpt>
      <trkpt lat="54.45063" lon="-3.22043">
        <ele>861.2304523914579</ele>
      </trkpt>
      <trkpt lat="54.4506" lon="-3.22055">
        <ele>867.6212714907397</ele>
      </trkpt>
      <trkpt lat="54.45062" lon="-3.22062">
        <ele>872.2541933002958</ele>
      </trkpt>
      <trkpt lat="54.45061" lon="-3.22071">
        <ele>878.7544010055041</ele>
      </trkpt>
      <trkpt lat="54.45065" lon="-3.22077">
        <ele>884.3976460351321</ele>
      </trkpt>
      <trkpt lat="54.45065" lon="-3.22087">
        <ele>893.0605781428558</ele>
      </trkpt>
      <trkpt lat="54.45063" lon="-3.22099">
        <ele>900.224492601367</ele>
      </trkpt>
      <trkpt lat="54.45056" lon="-3.22106">
        <ele>903.628798155891</ele>
      </trkpt>
      <trkpt lat="54.45048" lon="-3.22109">
        <ele>903.703441359709</ele>
      </trkpt>
      <trkpt lat="54.45042" lon="-3.22125">
        <ele>912.9133396310906</ele>
      </trkpt>
      <trkpt lat="54.45041" lon="-3.22141">
        <ele>920.2483775256501</ele>
      </trkpt>
      <trkpt lat="54.45015" lon="-3.22144">
        <ele>928.5975791461105</ele>
      </trkpt>
      <trkpt lat="54.44998" lon="-3.22175">
        <ele>942.8961941409474</ele>
      </trkpt>
      <trkpt lat="54.44989" lon="-3.22195">
        <ele>944.6983188093722</ele>
      </trkpt>
      <trkpt lat="54.44982" lon="-3.22224">
        <ele>944.7525293004278</ele>
      </trkpt>
      <trkpt lat="54.44969" lon="-3.22251">
        <ele>943.4248856652296</ele>
      </trkpt>
      <trkpt lat="54.44968" lon="-3.22262">
        <ele>943.4220934898729</ele>
      </trkpt>
      <trkpt lat="54.44957" lon="-3.22274">
        <ele>942.6084996797846</ele>
      </trkpt>
      <trkpt lat="54.44942" lon="-3.22282">
        <ele>940.7037754428984</ele>
      </trkpt>
      <trkpt lat="54.44918" lon="-3.22331">
        <ele>938.4403124324705</ele>
      </trkpt>
      <trkpt lat="54.44909" lon="-3.22344">
        <ele>938.2042242818948</ele>
      </trkpt>
      <trkpt lat="54.44901" lon="-3.22348">
        <ele>938.163384669544</ele>
      </trkpt>
      <trkpt lat="54.44896" lon="-3.22361">
        <ele>938.9727952294785</ele>
      </trkpt>
      <trkpt lat="54.44887" lon="-3.22364">
        <ele>940.0331713713618</ele>
      </trkpt>
      <trkpt lat="54.44873" lon="-3.22375">
        <ele>941.8387042075144</ele>
      </trkpt>
      <trkpt lat="54.44865" lon="-3.22403">
        <ele>944.1224587753042</ele>
      </trkpt>
      <trkpt lat="54.44842" lon="-3.22419">
        <ele>948.9728550818268</ele>
      </trkpt>
      <trkpt lat="54.44828" lon="-3.22423">
        <ele>950.6414860826239</ele>
      </trkpt>
      <trkpt lat="54.44818" lon="-3.22436">
        <ele>952.5263511236495</ele>
      </trkpt>
      <trkpt lat="54.44809" lon="-3.2244">
        <ele>952.7227465123599</ele>
      </trkpt>
      <trkpt lat="54.44778" lon="-3.22477">
        <ele>955.0501629076828</ele>
      </trkpt>
      <trkpt lat="54.44769" lon="-3.22473">
        <ele>957.4792631134274</ele>
      </trkpt>
      <trkpt lat="54.44752" lon="-3.2248">
        <ele>961.5596915084151</ele>
      </trkpt>
      <trkpt lat="54.44784" lon="-3.22531">
        <ele>948.5168137345669</ele>
      </trkpt>
      <trkpt lat="54.44789" lon="-3.22542">
        <ele>945.0154434887711</ele>
      </trkpt>
      <trkpt lat="54.44789" lon="-3.22552">
        <ele>942.7526677264942</ele>
      </trkpt>
      <trkpt lat="54.44787" lon="-3.22561">
        <ele>940.9766821688637</ele>
      </trkpt>
      <trkpt lat="54.44792" lon="-3.22568">
        <ele>938.0801266378858</ele>
      </trkpt>
      <trkpt lat="54.4479" lon="-3.22579">
        <ele>935.5167873614491</ele>
      </trkpt>
      <trkpt lat="54.44796" lon="-3.22587">
        <ele>931.3939343840092</ele>
      </trkpt>
      <trkpt lat="54.44798" lon="-3.22618">
        <ele>919.6335287412685</ele>
      </trkpt>
      <trkpt lat="54.44809" lon="-3.22631">
        <ele>912.515827757966</ele>
      </trkpt>
      <trkpt lat="54.44809" lon="-3.22642">
        <ele>908.8029464546006</ele>
      </trkpt>
      <trkpt lat="54.44812" lon="-3.22647">
        <ele>906.6912592400233</ele>
      </trkpt>
      <trkpt lat="54.4481" lon="-3.22656">
        <ele>904.2653084821153</ele>
      </trkpt>
      <trkpt lat="54.44818" lon="-3.22674">
        <ele>897.8461126308845</ele>
      </trkpt>
      <trkpt lat="54.4482" lon="-3.22695">
        <ele>891.1647100286968</ele>
      </trkpt>
      <trkpt lat="54.44822" lon="-3.22701">
        <ele>888.9513213810421</ele>
      </trkpt>
      <trkpt lat="54.4482" lon="-3.22709">
        <ele>886.8277814706023</ele>
      </trkpt>
      <trkpt lat="54.44821" lon="-3.22717">
        <ele>883.9196141740375</ele>
      </trkpt>
      <trkpt lat="54.44825" lon="-3.22725">
        <ele>880.3782312280155</ele>
      </trkpt>
      <trkpt lat="54.44825" lon="-3.22729">
        <ele>878.9772551206655</ele>
      </trkpt>
      <trkpt lat="54.44821" lon="-3.22737">
        <ele>876.7798924218359</ele>
      </trkpt>
      <trkpt lat="54.44822" lon="-3.2275">
        <ele>872.2416137942805</ele>
      </trkpt>
      <trkpt lat="54.44833" lon="-3.22758">
        <ele>868.3952565892272</ele>
      </trkpt>
      <trkpt lat="54.44837" lon="-3.22765">
        <ele>865.5447483105179</ele>
      </trkpt>
      <trkpt lat="54.44837" lon="-3.22772">
        <ele>863.0241464617495</ele>
      </trkpt>
      <trkpt lat="54.4484" lon="-3.22775">
        <ele>861.6202544247143</ele>
      </trkpt>
      <trkpt lat="54.44839" lon="-3.22786">
        <ele>858.2922735164786</ele>
      </trkpt>
      <trkpt lat="54.44841" lon="-3.22794">
        <ele>855.7829645157778</ele>
      </trkpt>
      <trkpt lat="54.44838" lon="-3.22808">
        <ele>852.7178302504116</ele>
      </trkpt>
      <trkpt lat="54.44843" lon="-3.22817">
        <ele>849.8543509966265</ele>
      </trkpt>
      <trkpt lat="54.44846" lon="-3.22845">
        <ele>842.0705858491867</ele>
      </trkpt>
      <trkpt lat="54.4485" lon="-3.22863">
        <ele>836.3887593727261</ele>
      </trkpt>
      <trkpt lat="54.44854" lon="-3.22929">
        <ele>813.8326467339986</ele>
      </trkpt>
      <trkpt lat="54.44859" lon="-3.22956">
        <ele>804.3488052964324</ele>
      </trkpt>
      <trkpt lat="54.44859" lon="-3.22982">
        <ele>796.2178306590012</ele>
      </trkpt>
      <trkpt lat="54.44874" lon="-3.23002">
        <ele>788.5359916858947</ele>
      </trkpt>
      <trkpt lat="54.44876" lon="-3.2301">
        <ele>786.2223464953519</ele>
      </trkpt>
      <trkpt lat="54.44874" lon="-3.23015">
        <ele>785.1457944895532</ele>
      </trkpt>
      <trkpt lat="54.44872" lon="-3.2303">
        <ele>781.1895712674656</ele>
      </trkpt>
      <trkpt lat="54.44877" lon="-3.23033">
        <ele>780.0079656881715</ele>
      </trkpt>
      <trkpt lat="54.44874" lon="-3.23041">
        <ele>777.2439906221978</ele>
      </trkpt>
      <trkpt lat="54.4488" lon="-3.23042">
        <ele>776.7176673942208</ele>
      </trkpt>
      <trkpt lat="54.44882" lon="-3.23048">
        <ele>774.5752694510235</ele>
      </trkpt>
      <trkpt lat="54.44881" lon="-3.23053">
        <ele>773.0016208656307</ele>
      </trkpt>
      <trkpt lat="54.44882" lon="-3.23058">
        <ele>771.5104989286039</ele>
      </trkpt>
      <trkpt lat="54.44878" lon="-3.23065">
        <ele>769.4331767849055</ele>
      </trkpt>
      <trkpt lat="54.4488" lon="-3.23071">
        <ele>767.7337524183387</ele>
      </trkpt>
      <trkpt lat="54.44885" lon="-3.23078">
        <ele>765.9594630360846</ele>
      </trkpt>
      <trkpt lat="54.44883" lon="-3.23082">
        <ele>764.8362285418007</ele>
      </trkpt>
      <trkpt lat="54.44886" lon="-3.23086">
        <ele>763.8943120517899</ele>
      </trkpt>
      <trkpt lat="54.44881" lon="-3.23089">
        <ele>762.9794622098494</ele>
      </trkpt>
      <trkpt lat="54.44889" lon="-3.23096">
        <ele>761.3587053726304</ele>
      </trkpt>
      <trkpt lat="54.4489" lon="-3.23102">
        <ele>759.7929084996545</ele>
      </trkpt>
      <trkpt lat="54.44886" lon="-3.23109">
        <ele>757.8739683316364</ele>
      </trkpt>
      <trkpt lat="54.44893" lon="-3.23115">
        <ele>756.4028466848655</ele>
      </trkpt>
      <trkpt lat="54.44898" lon="-3.23116">
        <ele>756.2268669701086</ele>
      </trkpt>
      <trkpt lat="54.44894" lon="-3.23132">
        <ele>751.8856595969833</ele>
      </trkpt>
      <trkpt lat="54.44898" lon="-3.23139">
        <ele>750.2775698728746</ele>
      </trkpt>
      <trkpt lat="54.44897" lon="-3.23149">
        <ele>747.9538993724126</ele>
      </trkpt>
      <trkpt lat="54.44899" lon="-3.23154">
        <ele>746.8275127104731</ele>
      </trkpt>
      <trkpt lat="54.44897" lon="-3.23166">
        <ele>743.9001443297451</ele>
      </trkpt>
      <trkpt lat="54.44901" lon="-3.23186">
        <ele>738.4651412328004</ele>
      </trkpt>
      <trkpt lat="54.44908" lon="-3.23216">
        <ele>730.6001382111943</ele>
      </trkpt>
      <trkpt lat="54.4494" lon="-3.23305">
        <ele>708.6903913034594</ele>
      </trkpt>
      <trkpt lat="54.44945" lon="-3.23342">
        <ele>700.4013766355172</ele>
      </trkpt>
      <trkpt lat="54.44953" lon="-3.23371">
        <ele>693.6824049060302</ele>
      </trkpt>
      <trkpt lat="54.44955" lon="-3.23428">
        <ele>681.1462898564837</ele>
      </trkpt>
      <trkpt lat="54.44952" lon="-3.23438">
        <ele>678.5944883321613</ele>
      </trkpt>
      <trkpt lat="54.44952" lon="-3.23451">
        <ele>675.0161771759515</ele>
      </trkpt>
      <trkpt lat="54.44955" lon="-3.23457">
        <ele>673.5134953341742</ele>
      </trkpt>
      <trkpt lat="54.4495" lon="-3.23463">
        <ele>671.5157708182995</ele>
      </trkpt>
      <trkpt lat="54.4495" lon="-3.23476">
        <ele>668.0355356662174</ele>
      </trkpt>
      <trkpt lat="54.4494" lon="-3.23569">
        <ele>648.8969181147613</ele>
      </trkpt>
      <trkpt lat="54.44944" lon="-3.23584">
        <ele>645.9918458146344</ele>
      </trkpt>
      <trkpt lat="54.44955" lon="-3.23665">
        <ele>629.3747406792179</ele>
      </trkpt>
      <trkpt lat="54.44977" lon="-3.23723">
        <ele>620.2127110518835</ele>
      </trkpt>
      <trkpt lat="54.44977" lon="-3.23795">
        <ele>609.7964168942589</ele>
      </trkpt>
      <trkpt lat="54.4498" lon="-3.23807">
        <ele>607.9813609103777</ele>
      </trkpt>
      <trkpt lat="54.44981" lon="-3.23827">
        <ele>604.0304538018682</ele>
      </trkpt>
      <trkpt lat="54.44984" lon="-3.23839">
        <ele>601.8151260707813</ele>
      </trkpt>
      <trkpt lat="54.44992" lon="-3.23853">
        <ele>599.7326215933973</ele>
      </trkpt>
      <trkpt lat="54.45" lon="-3.23876">
        <ele>595.6869714582597</ele>
      </trkpt>
      <trkpt lat="54.45006" lon="-3.23901">
        <ele>590.855636100445</ele>
      </trkpt>
      <trkpt lat="54.45019" lon="-3.23931">
        <ele>586.3359925025051</ele>
      </trkpt>
      <trkpt lat="54.45025" lon="-3.23949">
        <ele>584.0035683879023</ele>
      </trkpt>
      <trkpt lat="54.45031" lon="-3.23961">
        <ele>582.1852717290807</ele>
      </trkpt>
      <trkpt lat="54.45036" lon="-3.23985">
        <ele>578.8044828219445</ele>
      </trkpt>
      <trkpt lat="54.45053" lon="-3.24011">
        <ele>573.4415514350331</ele>
      </trkpt>
      <trkpt lat="54.45055" lon="-3.24019">
        <ele>571.9267487942229</ele>
      </trkpt>
      <trkpt lat="54.4506" lon="-3.24028">
        <ele>569.7988589256104</ele>
      </trkpt>
      <trkpt lat="54.45065" lon="-3.24047">
        <ele>566.8281688838119</ele>
      </trkpt>
      <trkpt lat="54.45067" lon="-3.24062">
        <ele>564.8266892624378</ele>
      </trkpt>
      <trkpt lat="54.45058" lon="-3.24083">
        <ele>563.4354101070893</ele>
      </trkpt>
      <trkpt lat="54.45037" lon="-3.24122">
        <ele>561.0513468580918</ele>
      </trkpt>
      <trkpt lat="54.45033" lon="-3.2414">
        <ele>558.6504931758401</ele>
      </trkpt>
      <trkpt lat="54.45012" lon="-3.24185">
        <ele>554.6616818871057</ele>
      </trkpt>
      <trkpt lat="54.4501" lon="-3.24238">
        <ele>544.6603385770427</ele>
      </trkpt>
      <trkpt lat="54.45052" lon="-3.2431">
        <ele>501.70733085050193</ele>
      </trkpt>
      <trkpt lat="54.45138" lon="-3.24349">
        <ele>440.4563696656609</ele>
      </trkpt>
      <trkpt lat="54.45181" lon="-3.24381">
        <ele>409.4401444268937</ele>
      </trkpt>
      <trkpt lat="54.45226" lon="-3.24407">
        <ele>388.56108621184796</ele>
      </trkpt>
      <trkpt lat="54.45254" lon="-3.2446">
        <ele>366.21987708661936</ele>
      </trkpt>
      <trkpt lat="54.45301" lon="-3.24504">
        <ele>342.2579109803128</ele>
      </trkpt>
      <trkpt lat="54.45397" lon="-3.24628">
        <ele>281.0890914665726</ele>
      </trkpt>
      <trkpt lat="54.4542" lon="-3.24639">
        <ele>270.5354180625559</ele>
      </trkpt>
      <trkpt lat="54.45439" lon="-3.24663">
        <ele>259.8119546701808</ele>
      </trkpt>
      <trkpt lat="54.4545" lon="-3.24702">
        <ele>248.376076924241</ele>
      </trkpt>
      <trkpt lat="54.45473" lon="-3.24711">
        <ele>233.25069833169277</ele>
      </trkpt>
      <trkpt lat="54.45482" lon="-3.24741">
        <ele>223.5345877876132</ele>
      </trkpt>
      <trkpt lat="54.45493" lon="-3.24741">
        <ele>224.82638683421567</ele>
      </trkpt>
      <trkpt lat="54.45495" lon="-3.24763">
        <ele>223.549013355029</ele>
      </trkpt>
      <trkpt lat="54.45494" lon="-3.24761">
        <ele>223.42598967215778</ele>
      </trkpt>
      <trkpt lat="54.45487" lon="-3.24782">
        <ele>219.4944426993866</ele>
      </trkpt>
      <trkpt lat="54.45488" lon="-3.24831">
        <ele>211.51517025267873</ele>
      </trkpt>
      <trkpt lat="54.45484" lon="-3.24859">
        <ele>208.1605870495126</ele>
      </trkpt>
      <trkpt lat="54.45465" lon="-3.24886">
        <ele>201.83564428949254</ele>
      </trkpt>
      <trkpt lat="54.45454" lon="-3.24911">
        <ele>198.94284697846172</ele>
      </trkpt>
      <trkpt lat="54.45452" lon="-3.24938">
        <ele>195.64251190759643</ele>
      </trkpt>
      <trkpt lat="54.45437" lon="-3.24994">
        <ele>188.13600387082008</ele>
      </trkpt>
      <trkpt lat="54.45436" lon="-3.25057">
        <ele>180.16763939865717</ele>
      </trkpt>
      <trkpt lat="54.45429" lon="-3.25078">
        <ele>176.8393384843815</ele>
      </trkpt>
      <trkpt lat="54.45424" lon="-3.25101">
        <ele>174.13506620804628</ele>
      </trkpt>
      <trkpt lat="54.45419" lon="-3.25114">
        <ele>171.59082456280237</ele>
      </trkpt>
      <trkpt lat="54.45417" lon="-3.25148">
        <ele>168.8676159939257</ele>
      </trkpt>
      <trkpt lat="54.45409" lon="-3.25185">
        <ele>162.550642350709</ele>
      </trkpt>
      <trkpt lat="54.4541" lon="-3.25194">
        <ele>161.21269938707854</ele>
      </trkpt>
      <trkpt lat="54.4541" lon="-3.25238">
        <ele>155.98194925891045</ele>
      </trkpt>
      <trkpt lat="54.4542" lon="-3.25292">
        <ele>152.02750180484617</ele>
      </trkpt>
      <trkpt lat="54.45424" lon="-3.25429">
        <ele>135.20703725371078</ele>
      </trkpt>
      <trkpt lat="54.45417" lon="-3.25449">
        <ele>132.02977509964856</ele>
      </trkpt>
      <trkpt lat="54.45416" lon="-3.25473">
        <ele>129.01643368647973</ele>
      </trkpt>
      <trkpt lat="54.45418" lon="-3.2552">
        <ele>125.10477258575547</ele>
      </trkpt>
      <trkpt lat="54.45414" lon="-3.25552">
        <ele>122.22395349503131</ele>
      </trkpt>
      <trkpt lat="54.45416" lon="-3.25571">
        <ele>121.0424511053437</ele>
      </trkpt>
      <trkpt lat="54.45415" lon="-3.25615">
        <ele>116.38477954364971</ele>
      </trkpt>
      <trkpt lat="54.45424" lon="-3.25651">
        <ele>111.77827870397361</ele>
      </trkpt>
      <trkpt lat="54.45431" lon="-3.25687">
        <ele>108.06232748774418</ele>
      </trkpt>
      <trkpt lat="54.45441" lon="-3.25716">
        <ele>106.03196162820925</ele>
      </trkpt>
      <trkpt lat="54.45465" lon="-3.25766">
        <ele>100.34204406631424</ele>
      </trkpt>
      <trkpt lat="54.45467" lon="-3.25775">
        <ele>99.61585456931935</ele>
      </trkpt>
      <trkpt lat="54.45474" lon="-3.25794">
        <ele>97.50137786611413</ele>
      </trkpt>
      <trkpt lat="54.45482" lon="-3.25804">
        <ele>95.69257826888881</ele>
      </trkpt>
      <trkpt lat="54.45489" lon="-3.25819">
        <ele>93.47747610688589</ele>
      </trkpt>
      <trkpt lat="54.45504" lon="-3.25861">
        <ele>90.499501828648</ele>
      </trkpt>
      <trkpt lat="54.4551" lon="-3.25885">
        <ele>87.52126001659435</ele>
      </trkpt>
      <trkpt lat="54.45518" lon="-3.25916">
        <ele>84.15038753330155</ele>
      </trkpt>
      <trkpt lat="54.45533" lon="-3.26004">
        <ele>79.99564329289278</ele>
      </trkpt>
      <trkpt lat="54.45534" lon="-3.26027">
        <ele>78.83869229048281</ele>
      </trkpt>
      <trkpt lat="54.45539" lon="-3.26039">
        <ele>78.34372533470122</ele>
      </trkpt>
      <trkpt lat="54.45543" lon="-3.26057">
        <ele>77.31227104305252</ele>
      </trkpt>
      <trkpt lat="54.4554" lon="-3.26094">
        <ele>76.28007281104888</ele>
      </trkpt>
      <trkpt lat="54.4554" lon="-3.26131">
        <ele>74.34931631648227</ele>
      </trkpt>
      <trkpt lat="54.45549" lon="-3.26145">
        <ele>74.42683621954772</ele>
      </trkpt>
      <trkpt lat="54.45567" lon="-3.26231">
        <ele>70.89458480063152</ele>
      </trkpt>
      <trkpt lat="54.45578" lon="-3.26288">
        <ele>68.69706304720538</ele>
      </trkpt>
      <trkpt lat="54.4559" lon="-3.2633">
        <ele>67.39092428562645</ele>
      </trkpt>
      <trkpt lat="54.45607" lon="-3.26355">
        <ele>66.62519691405309</ele>
      </trkpt>
      <trkpt lat="54.45666" lon="-3.26414">
        <ele>64.70063951265628</ele>
      </trkpt>
      <trkpt lat="54.45691" lon="-3.26434">
        <ele>63.490231243926694</ele>
      </trkpt>
      <trkpt lat="54.45701" lon="-3.26442">
        <ele>63.45454182689342</ele>
      </trkpt>
      <trkpt lat="54.45708" lon="-3.26453">
        <ele>64.51793346736042</ele>
      </trkpt>
      <trkpt lat="54.4573" lon="-3.26541">
        <ele>64.79863636972996</ele>
      </trkpt>
      <trkpt lat="54.45724" lon="-3.26555">
        <ele>64.9240136523758</ele>
      </trkpt>
      <trkpt lat="54.45685" lon="-3.26602">
        <ele>65.37046372788029</ele>
      </trkpt>
      <trkpt lat="54.45691" lon="-3.26613">
        <ele>66.94760426054913</ele>
      </trkpt>
      <trkpt lat="54.45694" lon="-3.26625">
        <ele>68.06766069828761</ele>
      </trkpt>
      <trkpt lat="54.457" lon="-3.26638">
        <ele>70.24229049578301</ele>
      </trkpt>
      <trkpt lat="54.45714" lon="-3.26656">
        <ele>75.34327875629256</ele>
      </trkpt>
      <trkpt lat="54.45717" lon="-3.26669">
        <ele>77.37081965511186</ele>
      </trkpt>
      <trkpt lat="54.45717" lon="-3.2671">
        <ele>83.69895794111471</ele>
      </trkpt>
      <trkpt lat="54.45712" lon="-3.26777">
        <ele>95.63099942014767</ele>
      </trkpt>
      <trkpt lat="54.45712" lon="-3.26849">
        <ele>104.57656846715989</ele>
      </trkpt>
      <trkpt lat="54.45714" lon="-3.26873">
        <ele>108.82358998149289</ele>
      </trkpt>
      <trkpt lat="54.45743" lon="-3.26916">
        <ele>123.72704770894845</ele>
      </trkpt>
      <trkpt lat="54.45755" lon="-3.26941">
        <ele>131.5055286751631</ele>
      </trkpt>
      <trkpt lat="54.4577" lon="-3.26962">
        <ele>140.3958396029612</ele>
      </trkpt>
      <trkpt lat="54.45813" lon="-3.27006">
        <ele>165.7228312468855</ele>
      </trkpt>
      <trkpt lat="54.4584" lon="-3.27026">
        <ele>183.51175334455345</ele>
      </trkpt>
      <trkpt lat="54.45876" lon="-3.27031">
        <ele>202.87010489470285</ele>
      </trkpt>
      <trkpt lat="54.459" lon="-3.27038">
        <ele>217.79620088377837</ele>
      </trkpt>
      <trkpt lat="54.45943" lon="-3.27078">
        <ele>253.9506528911281</ele>
      </trkpt>
      <trkpt lat="54.45968" lon="-3.2711">
        <ele>272.9907219146784</ele>
      </trkpt>
      <trkpt lat="54.45983" lon="-3.2712">
        <ele>284.87284469162375</ele>
      </trkpt>
      <trkpt lat="54.46037" lon="-3.27172">
        <ele>330.25509770517414</ele>
      </trkpt>
      <trkpt lat="54.46044" lon="-3.27175">
        <ele>336.1442335248005</ele>
      </trkpt>
      <trkpt lat="54.46079" lon="-3.27175">
        <ele>358.28799674286324</ele>
      </trkpt>
      <trkpt lat="54.46097" lon="-3.27188">
        <ele>370.73439356241056</ele>
      </trkpt>
      <trkpt lat="54.46109" lon="-3.27187">
        <ele>377.5323930838501</ele>
      </trkpt>
      <trkpt lat="54.4612" lon="-3.27182">
        <ele>382.406949667324</ele>
      </trkpt>
      <trkpt lat="54.46129" lon="-3.27181">
        <ele>386.9938604816991</ele>
      </trkpt>
      <trkpt lat="54.46145" lon="-3.27195">
        <ele>398.23701973788485</ele>
      </trkpt>
      <trkpt lat="54.46163" lon="-3.27194">
        <ele>405.71678146939234</ele>
      </trkpt>
      <trkpt lat="54.4617" lon="-3.27202">
        <ele>410.27523107994676</ele>
      </trkpt>
      <trkpt lat="54.46179" lon="-3.27217">
        <ele>417.87016877863687</ele>
      </trkpt>
      <trkpt lat="54.46189" lon="-3.2723">
        <ele>424.26206105558083</ele>
      </trkpt>
      <trkpt lat="54.46203" lon="-3.27241">
        <ele>432.7588041198536</ele>
      </trkpt>
      <trkpt lat="54.46217" lon="-3.27256">
        <ele>441.6818640260493</ele>
      </trkpt>
      <trkpt lat="54.46233" lon="-3.27268">
        <ele>449.2205179002788</ele>
      </trkpt>
      <trkpt lat="54.46248" lon="-3.27288">
        <ele>462.09114126688826</ele>
      </trkpt>
      <trkpt lat="54.46257" lon="-3.27294">
        <ele>469.15713415339155</ele>
      </trkpt>
      <trkpt lat="54.46264" lon="-3.27295">
        <ele>473.4980043660941</ele>
      </trkpt>
      <trkpt lat="54.46301" lon="-3.27283">
        <ele>491.03046665577585</ele>
      </trkpt>
      <trkpt lat="54.46314" lon="-3.27283">
        <ele>495.4889010457105</ele>
      </trkpt>
      <trkpt lat="54.46344" lon="-3.27298">
        <ele>507.9801365667516</ele>
      </trkpt>
      <trkpt lat="54.46363" lon="-3.27312">
        <ele>519.0310565306523</ele>
      </trkpt>
      <trkpt lat="54.46429" lon="-3.27342">
        <ele>552.4096920327249</ele>
      </trkpt>
      <trkpt lat="54.46437" lon="-3.27348">
        <ele>554.8248013144191</ele>
      </trkpt>
      <trkpt lat="54.46483" lon="-3.27414">
        <ele>578.2401168319078</ele>
      </trkpt>
      <trkpt lat="54.46488" lon="-3.27423">
        <ele>579.9303352889976</ele>
      </trkpt>
      <trkpt lat="54.46494" lon="-3.27441">
        <ele>582.8323473037865</ele>
      </trkpt>
      <trkpt lat="54.46496" lon="-3.27456">
        <ele>585.373841395475</ele>
      </trkpt>
      <trkpt lat="54.46492" lon="-3.27562">
        <ele>598.759297628587</ele>
      </trkpt>
      <trkpt lat="54.46486" lon="-3.27599">
        <ele>604.8457383025782</ele>
      </trkpt>
      <trkpt lat="54.46486" lon="-3.27621">
        <ele>608.6182797354614</ele>
      </trkpt>
      <trkpt lat="54.46489" lon="-3.27642">
        <ele>614.4526718298017</ele>
      </trkpt>
      <trkpt lat="54.4649" lon="-3.27682">
        <ele>624.4786026202622</ele>
      </trkpt>
      <trkpt lat="54.46485" lon="-3.27684">
        <ele>624.3295180037127</ele>
      </trkpt>
      <trkpt lat="54.46497" lon="-3.27681">
        <ele>624.8151455081562</ele>
      </trkpt>
      <trkpt lat="54.46506" lon="-3.27664">
        <ele>622.2832772738454</ele>
      </trkpt>
      <trkpt lat="54.46533" lon="-3.27645">
        <ele>619.4591945736183</ele>
      </trkpt>
      <trkpt lat="54.46545" lon="-3.27646">
        <ele>618.5224089122651</ele>
      </trkpt>
      <trkpt lat="54.46553" lon="-3.27637">
        <ele>616.7571081116043</ele>
      </trkpt>
      <trkpt lat="54.46562" lon="-3.27614">
        <ele>613.7108804205092</ele>
      </trkpt>
      <trkpt lat="54.46568" lon="-3.2761">
        <ele>613.3183677516429</ele>
      </trkpt>
      <trkpt lat="54.46575" lon="-3.27611">
        <ele>613.55400804901</ele>
      </trkpt>
      <trkpt lat="54.46628" lon="-3.27584">
        <ele>609.1511964938643</ele>
      </trkpt>
      <trkpt lat="54.46633" lon="-3.27587">
        <ele>608.7338701383302</ele>
      </trkpt>
      <trkpt lat="54.46641" lon="-3.27571">
        <ele>606.902376622346</ele>
      </trkpt>
      <trkpt lat="54.46679" lon="-3.27549">
        <ele>601.5854717221753</ele>
      </trkpt>
      <trkpt lat="54.46698" lon="-3.27527">
        <ele>596.4644910960801</ele>
      </trkpt>
      <trkpt lat="54.46713" lon="-3.27524">
        <ele>593.3984332023152</ele>
      </trkpt>
      <trkpt lat="54.46726" lon="-3.27514">
        <ele>591.7777475564993</ele>
      </trkpt>
      <trkpt lat="54.46753" lon="-3.2752">
        <ele>590.4226630234594</ele>
      </trkpt>
      <trkpt lat="54.46765" lon="-3.27517">
        <ele>589.0438211948099</ele>
      </trkpt>
      <trkpt lat="54.4678" lon="-3.27504">
        <ele>586.7887858594007</ele>
      </trkpt>
      <trkpt lat="54.46809" lon="-3.2749">
        <ele>583.6723680781491</ele>
      </trkpt>
      <trkpt lat="54.4683" lon="-3.27505">
        <ele>579.6351491789727</ele>
      </trkpt>
      <trkpt lat="54.46837" lon="-3.27501">
        <ele>578.8039072101872</ele>
      </trkpt>
      <trkpt lat="54.46854" lon="-3.27506">
        <ele>576.1839350111032</ele>
      </trkpt>
      <trkpt lat="54.46863" lon="-3.27505">
        <ele>575.1170208604617</ele>
      </trkpt>
      <trkpt lat="54.46873" lon="-3.27514">
        <ele>571.9639281632084</ele>
      </trkpt>
      <trkpt lat="54.46883" lon="-3.27533">
        <ele>565.596783422241</ele>
      </trkpt>
      <trkpt lat="54.46898" lon="-3.27534">
        <ele>563.5168642352502</ele>
      </trkpt>
      <trkpt lat="54.4691" lon="-3.27541">
        <ele>560.5380927768308</ele>
      </trkpt>
      <trkpt lat="54.46949" lon="-3.27535">
        <ele>553.7626508579069</ele>
      </trkpt>
      <trkpt lat="54.46974" lon="-3.27523">
        <ele>551.8286612948717</ele>
      </trkpt>
      <trkpt lat="54.47" lon="-3.27534">
        <ele>542.2772824039068</ele>
      </trkpt>
      <trkpt lat="54.4703" lon="-3.27554">
        <ele>530.7521726187597</ele>
      </trkpt>
      <trkpt lat="54.47061" lon="-3.2756">
        <ele>522.4273007377802</ele>
      </trkpt>
      <trkpt lat="54.47093" lon="-3.27541">
        <ele>522.2999158724022</ele>
      </trkpt>
      <trkpt lat="54.47118" lon="-3.27517">
        <ele>525.0834370421038</ele>
      </trkpt>
      <trkpt lat="54.47127" lon="-3.27516">
        <ele>523.0280596330374</ele>
      </trkpt>
      <trkpt lat="54.47142" lon="-3.27507">
        <ele>524.0168772131228</ele>
      </trkpt>
      <trkpt lat="54.47161" lon="-3.27504">
        <ele>522.1986860651137</ele>
      </trkpt>
      <trkpt lat="54.47244" lon="-3.27482">
        <ele>514.4729808618096</ele>
      </trkpt>
      <trkpt lat="54.47307" lon="-3.27473">
        <ele>506.560462273476</ele>
      </trkpt>
      <trkpt lat="54.47373" lon="-3.2749">
        <ele>493.64439245161986</ele>
      </trkpt>
      <trkpt lat="54.47421" lon="-3.27513">
        <ele>484.77493377513224</ele>
      </trkpt>
      <trkpt lat="54.47421" lon="-3.27515">
        <ele>484.70117376708185</ele>
      </trkpt>
      <trkpt lat="54.47463" lon="-3.27554">
        <ele>484.35922434280525</ele>
      </trkpt>
      <trkpt lat="54.47487" lon="-3.27572">
        <ele>486.25282880944064</ele>
      </trkpt>
      <trkpt lat="54.47503" lon="-3.27589">
        <ele>484.3203269774185</ele>
      </trkpt>
      <trkpt lat="54.47532" lon="-3.27633">
        <ele>485.6448369126515</ele>
      </trkpt>
      <trkpt lat="54.47542" lon="-3.27676">
        <ele>491.1917956358848</ele>
      </trkpt>
      <trkpt lat="54.47554" lon="-3.27702">
        <ele>493.1753937986789</ele>
      </trkpt>
      <trkpt lat="54.47558" lon="-3.27706">
        <ele>494.1646484283972</ele>
      </trkpt>
      <trkpt lat="54.4756" lon="-3.27723">
        <ele>496.45207477071915</ele>
      </trkpt>
      <trkpt lat="54.47563" lon="-3.27733">
        <ele>498.28437118443344</ele>
      </trkpt>
      <trkpt lat="54.47571" lon="-3.27741">
        <ele>500.6049189922368</ele>
      </trkpt>
      <trkpt lat="54.47585" lon="-3.27782">
        <ele>508.31888012001446</ele>
      </trkpt>
      <trkpt lat="54.47582" lon="-3.2779">
        <ele>509.26420933751496</ele>
      </trkpt>
      <trkpt lat="54.47571" lon="-3.27799">
        <ele>510.45633858155503</ele>
      </trkpt>
      <trkpt lat="54.47571" lon="-3.27807">
        <ele>512.9730706024214</ele>
      </trkpt>
      <trkpt lat="54.47577" lon="-3.27808">
        <ele>514.1635848112728</ele>
      </trkpt>
      <trkpt lat="54.4758" lon="-3.27812">
        <ele>515.6393592946692</ele>
      </trkpt>
      <trkpt lat="54.4758" lon="-3.27816">
        <ele>516.8190875222409</ele>
      </trkpt>
      <trkpt lat="54.47577" lon="-3.27818">
        <ele>517.3079660550866</ele>
      </trkpt>
      <trkpt lat="54.47578" lon="-3.27823">
        <ele>518.8141893743331</ele>
      </trkpt>
      <trkpt lat="54.4757" lon="-3.27833">
        <ele>521.4289019062375</ele>
      </trkpt>
      <trkpt lat="54.47567" lon="-3.27843">
        <ele>524.0370555760385</ele>
      </trkpt>
      <trkpt lat="54.47568" lon="-3.27857">
        <ele>527.1652785605978</ele>
      </trkpt>
      <trkpt lat="54.47567" lon="-3.27865">
        <ele>528.1497837809502</ele>
      </trkpt>
      <trkpt lat="54.47569" lon="-3.27876">
        <ele>529.7054005990221</ele>
      </trkpt>
      <trkpt lat="54.47569" lon="-3.27888">
        <ele>532.0122875170869</ele>
      </trkpt>
      <trkpt lat="54.47571" lon="-3.27891">
        <ele>532.9642048256882</ele>
      </trkpt>
      <trkpt lat="54.47567" lon="-3.27917">
        <ele>538.4850701356642</ele>
      </trkpt>
      <trkpt lat="54.47573" lon="-3.27938">
        <ele>543.1354826940268</ele>
      </trkpt>
      <trkpt lat="54.47571" lon="-3.27946">
        <ele>544.4879349736669</ele>
      </trkpt>
      <trkpt lat="54.47576" lon="-3.27951">
        <ele>545.953421359565</ele>
      </trkpt>
      <trkpt lat="54.47577" lon="-3.27956">
        <ele>547.1735143681282</ele>
      </trkpt>
      <trkpt lat="54.47575" lon="-3.27961">
        <ele>548.1074514010503</ele>
      </trkpt>
      <trkpt lat="54.47579" lon="-3.27966">
        <ele>550.0935657478742</ele>
      </trkpt>
      <trkpt lat="54.47584" lon="-3.27967">
        <ele>551.3105154664873</ele>
      </trkpt>
      <trkpt lat="54.47586" lon="-3.27979">
        <ele>555.6703675550671</ele>
      </trkpt>
      <trkpt lat="54.47589" lon="-3.27982">
        <ele>557.281873383823</ele>
      </trkpt>
      <trkpt lat="54.47586" lon="-3.2799">
        <ele>559.1398682620521</ele>
      </trkpt>
      <trkpt lat="54.4759" lon="-3.27991">
        <ele>560.0425371892555</ele>
      </trkpt>
      <trkpt lat="54.47587" lon="-3.28">
        <ele>561.9953858285912</ele>
      </trkpt>
      <trkpt lat="54.4759" lon="-3.28005">
        <ele>563.4571441894261</ele>
      </trkpt>
      <trkpt lat="54.47587" lon="-3.28015">
        <ele>565.6730798647757</ele>
      </trkpt>
      <trkpt lat="54.47588" lon="-3.28021">
        <ele>567.0546429049455</ele>
      </trkpt>
      <trkpt lat="54.47585" lon="-3.28035">
        <ele>569.8815432336919</ele>
      </trkpt>
      <trkpt lat="54.47587" lon="-3.2804">
        <ele>570.646936210609</ele>
      </trkpt>
      <trkpt lat="54.47584" lon="-3.28048">
        <ele>572.081924657458</ele>
      </trkpt>
      <trkpt lat="54.47585" lon="-3.28059">
        <ele>574.048899566163</ele>
      </trkpt>
      <trkpt lat="54.47584" lon="-3.28063">
        <ele>574.7660655664039</ele>
      </trkpt>
      <trkpt lat="54.47586" lon="-3.28072">
        <ele>576.3795533495323</ele>
      </trkpt>
      <trkpt lat="54.47582" lon="-3.28083">
        <ele>578.2311582623372</ele>
      </trkpt>
      <trkpt lat="54.47585" lon="-3.28103">
        <ele>582.3894149022606</ele>
      </trkpt>
      <trkpt lat="54.47583" lon="-3.28118">
        <ele>584.8689557582</ele>
      </trkpt>
      <trkpt lat="54.47587" lon="-3.28126">
        <ele>587.4375917436332</ele>
      </trkpt>
      <trkpt lat="54.4762" lon="-3.28158">
        <ele>600.0566634157437</ele>
      </trkpt>
      <trkpt lat="54.47628" lon="-3.28172">
        <ele>605.2563083457613</ele>
      </trkpt>
      <trkpt lat="54.47626" lon="-3.28181">
        <ele>609.6918598658807</ele>
      </trkpt>
      <trkpt lat="54.47623" lon="-3.28185">
        <ele>612.3065571577231</ele>
      </trkpt>
      <trkpt lat="54.47615" lon="-3.2819">
        <ele>615.7508459204757</ele>
      </trkpt>
      <trkpt lat="54.47612" lon="-3.28199">
        <ele>618.4011747896932</ele>
      </trkpt>
      <trkpt lat="54.4762" lon="-3.2822">
        <ele>624.3558253597392</ele>
      </trkpt>
      <trkpt lat="54.47623" lon="-3.28237">
        <ele>630.4531350109916</ele>
      </trkpt>
      <trkpt lat="54.47629" lon="-3.2825">
        <ele>633.1002864594811</ele>
      </trkpt>
      <trkpt lat="54.4763" lon="-3.28258">
        <ele>634.8146340494328</ele>
      </trkpt>
      <trkpt lat="54.47634" lon="-3.28263">
        <ele>636.1701772190828</ele>
      </trkpt>
      <trkpt lat="54.47635" lon="-3.28273">
        <ele>638.6711794147718</ele>
      </trkpt>
      <trkpt lat="54.47647" lon="-3.2829">
        <ele>642.3461182934524</ele>
      </trkpt>
      <trkpt lat="54.47648" lon="-3.28303">
        <ele>644.6341968300558</ele>
      </trkpt>
      <trkpt lat="54.47661" lon="-3.28323">
        <ele>645.6799732496231</ele>
      </trkpt>
      <trkpt lat="54.47668" lon="-3.28339">
        <ele>647.541189136905</ele>
      </trkpt>
      <trkpt lat="54.47671" lon="-3.28353">
        <ele>649.6736766481833</ele>
      </trkpt>
      <trkpt lat="54.47671" lon="-3.28401">
        <ele>654.4988894625674</ele>
      </trkpt>
      <trkpt lat="54.47672" lon="-3.28412">
        <ele>655.2130153414378</ele>
      </trkpt>
      <trkpt lat="54.47675" lon="-3.28423">
        <ele>656.1009687569864</ele>
      </trkpt>
      <trkpt lat="54.47683" lon="-3.28435">
        <ele>658.3225291504281</ele>
      </trkpt>
      <trkpt lat="54.47686" lon="-3.2845">
        <ele>660.3139625903045</ele>
      </trkpt>
      <trkpt lat="54.4769" lon="-3.28457">
        <ele>661.3599660122165</ele>
      </trkpt>
      <trkpt lat="54.47701" lon="-3.28508">
        <ele>665.092707852866</ele>
      </trkpt>
      <trkpt lat="54.47707" lon="-3.28517">
        <ele>666.9829892994273</ele>
      </trkpt>
      <trkpt lat="54.47731" lon="-3.28539">
        <ele>675.1707493302583</ele>
      </trkpt>
      <trkpt lat="54.47747" lon="-3.28568">
        <ele>680.7234152196625</ele>
      </trkpt>
      <trkpt lat="54.47752" lon="-3.28569">
        <ele>681.6955040094988</ele>
      </trkpt>
      <trkpt lat="54.47753" lon="-3.28575">
        <ele>682.7845634708547</ele>
      </trkpt>
      <trkpt lat="54.47758" lon="-3.28577">
        <ele>684.3634348782894</ele>
      </trkpt>
      <trkpt lat="54.47766" lon="-3.28592">
        <ele>689.6368753779709</ele>
      </trkpt>
      <trkpt lat="54.47765" lon="-3.28597">
        <ele>690.2475100345332</ele>
      </trkpt>
      <trkpt lat="54.47771" lon="-3.286">
        <ele>692.6385150455047</ele>
      </trkpt>
      <trkpt lat="54.47772" lon="-3.28598">
        <ele>692.6040827957029</ele>
      </trkpt>
      <trkpt lat="54.47776" lon="-3.28599">
        <ele>694.0868440604459</ele>
      </trkpt>
      <trkpt lat="54.47777" lon="-3.28602">
        <ele>694.9145012308717</ele>
      </trkpt>
      <trkpt lat="54.47775" lon="-3.28608">
        <ele>695.2842602661954</ele>
      </trkpt>
      <trkpt lat="54.4778" lon="-3.2861">
        <ele>697.1870336889717</ele>
      </trkpt>
      <trkpt lat="54.47781" lon="-3.28615">
        <ele>698.3270374643315</ele>
      </trkpt>
      <trkpt lat="54.47784" lon="-3.28613">
        <ele>698.9791083661039</ele>
      </trkpt>
      <trkpt lat="54.47786" lon="-3.28615">
        <ele>699.9713887498726</ele>
      </trkpt>
      <trkpt lat="54.47787" lon="-3.28623">
        <ele>701.5735778430735</ele>
      </trkpt>
      <trkpt lat="54.47789" lon="-3.28628">
        <ele>703.0006373399482</ele>
      </trkpt>
      <trkpt lat="54.47794" lon="-3.28631">
        <ele>705.1257602150056</ele>
      </trkpt>
      <trkpt lat="54.47797" lon="-3.28638">
        <ele>707.4357602863611</ele>
      </trkpt>
      <trkpt lat="54.47797" lon="-3.28646">
        <ele>708.9785030473196</ele>
      </trkpt>
      <trkpt lat="54.47794" lon="-3.28663">
        <ele>711.7581678065428</ele>
      </trkpt>
      <trkpt lat="54.47796" lon="-3.28707">
        <ele>721.8481233461523</ele>
      </trkpt>
      <trkpt lat="54.47802" lon="-3.28705">
        <ele>723.9680440938957</ele>
      </trkpt>
      <trkpt lat="54.47809" lon="-3.28711">
        <ele>726.9993338624441</ele>
      </trkpt>
      <trkpt lat="54.47819" lon="-3.28708">
        <ele>728.7915753095222</ele>
      </trkpt>
      <trkpt lat="54.47838" lon="-3.28709">
        <ele>732.3989933048476</ele>
      </trkpt>
      <trkpt lat="54.47857" lon="-3.28716">
        <ele>737.1581797509846</ele>
      </trkpt>
      <trkpt lat="54.47864" lon="-3.28725">
        <ele>739.2728498235202</ele>
      </trkpt>
      <trkpt lat="54.4787" lon="-3.28727">
        <ele>740.3846821853298</ele>
      </trkpt>
      <trkpt lat="54.47872" lon="-3.28732">
        <ele>741.3040650956478</ele>
      </trkpt>
      <trkpt lat="54.47878" lon="-3.28732">
        <ele>742.3988848431227</ele>
      </trkpt>
      <trkpt lat="54.47886" lon="-3.28746">
        <ele>747.1301900027188</ele>
      </trkpt>
      <trkpt lat="54.47883" lon="-3.28755">
        <ele>748.6418587318819</ele>
      </trkpt>
      <trkpt lat="54.47893" lon="-3.28774">
        <ele>755.6059747313004</ele>
      </trkpt>
      <trkpt lat="54.47906" lon="-3.2877">
        <ele>757.7256783704155</ele>
      </trkpt>
      <trkpt lat="54.47913" lon="-3.28775">
        <ele>761.1221790556328</ele>
      </trkpt>
      <trkpt lat="54.47912" lon="-3.2878">
        <ele>762.4586787285597</ele>
      </trkpt>
      <trkpt lat="54.4792" lon="-3.28787">
        <ele>765.9536481234018</ele>
      </trkpt>
      <trkpt lat="54.47923" lon="-3.28798">
        <ele>769.3316676361761</ele>
      </trkpt>
      <trkpt lat="54.47927" lon="-3.288">
        <ele>770.4819355051193</ele>
      </trkpt>
      <trkpt lat="54.47953" lon="-3.28847">
        <ele>781.4813762270295</ele>
      </trkpt>
      <trkpt lat="54.47983" lon="-3.28879">
        <ele>789.7820448304487</ele>
      </trkpt>
      <trkpt lat="54.48" lon="-3.28894">
        <ele>793.3249903850656</ele>
      </trkpt>
      <trkpt lat="54.48036" lon="-3.28904">
        <ele>796.4046710898112</ele>
      </trkpt>
      <trkpt lat="54.4807" lon="-3.28942">
        <ele>797.6245370053001</ele>
      </trkpt>
      <trkpt lat="54.48099" lon="-3.28952">
        <ele>797.2465132084391</ele>
      </trkpt>
      <trkpt lat="54.48131" lon="-3.28968">
        <ele>795.9407826940702</ele>
      </trkpt>
      <trkpt lat="54.48167" lon="-3.28969">
        <ele>801.0620242784788</ele>
      </trkpt>
      <trkpt lat="54.48195" lon="-3.28977">
        <ele>802.5769518295972</ele>
      </trkpt>
      <trkpt lat="54.48243" lon="-3.28971">
        <ele>806.5731649051256</ele>
      </trkpt>
      <trkpt lat="54.48268" lon="-3.28955">
        <ele>808.8631399263681</ele>
      </trkpt>
      <trkpt lat="54.48314" lon="-3.28933">
        <ele>815.8135468643299</ele>
      </trkpt>
      <trkpt lat="54.48328" lon="-3.28918">
        <ele>817.5452554024585</ele>
      </trkpt>
      <trkpt lat="54.4834" lon="-3.28922">
        <ele>820.9023195476126</ele>
      </trkpt>
      <trkpt lat="54.48359" lon="-3.28963">
        <ele>823.1757532015076</ele>
      </trkpt>
      <trkpt lat="54.48385" lon="-3.28993">
        <ele>823.5303450698536</ele>
      </trkpt>
      <trkpt lat="54.48389" lon="-3.29002">
        <ele>824.0958335958936</ele>
      </trkpt>
      <trkpt lat="54.48441" lon="-3.29057">
        <ele>816.7132366821053</ele>
      </trkpt>
      <trkpt lat="54.48445" lon="-3.29057">
        <ele>815.195100145752</ele>
      </trkpt>
      <trkpt lat="54.48506" lon="-3.29089">
        <ele>818.6132137063712</ele>
      </trkpt>
      <trkpt lat="54.48525" lon="-3.29117">
        <ele>814.3867917801798</ele>
      </trkpt>
      <trkpt lat="54.4854" lon="-3.29156">
        <ele>810.433403464741</ele>
      </trkpt>
      <trkpt lat="54.48563" lon="-3.29178">
        <ele>807.0451805942976</ele>
      </trkpt>
      <trkpt lat="54.48567" lon="-3.29198">
        <ele>803.547390355244</ele>
      </trkpt>
      <trkpt lat="54.48576" lon="-3.29217">
        <ele>797.6967124851412</ele>
      </trkpt>
      <trkpt lat="54.4858" lon="-3.29248">
        <ele>792.6275894224606</ele>
      </trkpt>
      <trkpt lat="54.48593" lon="-3.29272">
        <ele>786.7598508062855</ele>
      </trkpt>
      <trkpt lat="54.48604" lon="-3.29285">
        <ele>783.0864413255151</ele>
      </trkpt>
      <trkpt lat="54.48614" lon="-3.2931">
        <ele>779.8149981196038</ele>
      </trkpt>
      <trkpt lat="54.48619" lon="-3.29314">
        <ele>779.3042311502143</ele>
      </trkpt>
      <trkpt lat="54.48628" lon="-3.29311">
        <ele>778.5565316355099</ele>
      </trkpt>
      <trkpt lat="54.48639" lon="-3.29314">
        <ele>781.5466871113357</ele>
      </trkpt>
      <trkpt lat="54.48675" lon="-3.2933">
        <ele>784.6871942465083</ele>
      </trkpt>
      <trkpt lat="54.48689" lon="-3.29352">
        <ele>781.0929971755996</ele>
      </trkpt>
      <trkpt lat="54.48698" lon="-3.2936">
        <ele>779.6454512148613</ele>
      </trkpt>
      <trkpt lat="54.4871" lon="-3.29367">
        <ele>777.2662162703537</ele>
      </trkpt>
      <trkpt lat="54.48716" lon="-3.29386">
        <ele>774.3171932364021</ele>
      </trkpt>
      <trkpt lat="54.48727" lon="-3.29398">
        <ele>772.3712529782485</ele>
      </trkpt>
      <trkpt lat="54.48726" lon="-3.29417">
        <ele>769.4260656897704</ele>
      </trkpt>
      <trkpt lat="54.48727" lon="-3.29426">
        <ele>768.6899716983838</ele>
      </trkpt>
      <trkpt lat="54.48759" lon="-3.29483">
        <ele>763.7725460761559</ele>
      </trkpt>
      <trkpt lat="54.48777" lon="-3.2952">
        <ele>762.1484628490376</ele>
      </trkpt>
      <trkpt lat="54.48809" lon="-3.29574">
        <ele>766.5556621701711</ele>
      </trkpt>
      <trkpt lat="54.48825" lon="-3.29629">
        <ele>773.5397125701325</ele>
      </trkpt>
      <trkpt lat="54.48844" lon="-3.29667">
        <ele>778.9924450455437</ele>
      </trkpt>
      <trkpt lat="54.48863" lon="-3.29739">
        <ele>786.740361119322</ele>
      </trkpt>
      <trkpt lat="54.4888" lon="-3.29766">
        <ele>793.3040866929083</ele>
      </trkpt>
      <trkpt lat="54.48896" lon="-3.2988">
        <ele>806.7585257490142</ele>
      </trkpt>
      <trkpt lat="54.48914" lon="-3.29949">
        <ele>809.2475743831475</ele>
      </trkpt>
      <trkpt lat="54.48955" lon="-3.30029">
        <ele>816.4920123415662</ele>
      </trkpt>
      <trkpt lat="54.48992" lon="-3.30067">
        <ele>822.6658555184898</ele>
      </trkpt>
      <trkpt lat="54.49028" lon="-3.301">
        <ele>829.2484933289176</ele>
      </trkpt>
      <trkpt lat="54.49069" lon="-3.30121">
        <ele>833.6724700943756</ele>
      </trkpt>
      <trkpt lat="54.49118" lon="-3.30149">
        <ele>838.2110925073519</ele>
      </trkpt>
      <trkpt lat="54.49125" lon="-3.30162">
        <ele>838.249448173254</ele>
      </trkpt>
      <trkpt lat="54.4913" lon="-3.30176">
        <ele>837.8841952494165</ele>
      </trkpt>
      <trkpt lat="54.49131" lon="-3.30191">
        <ele>836.9111711746932</ele>
      </trkpt>
      <trkpt lat="54.4914" lon="-3.30207">
        <ele>834.7256925173157</ele>
      </trkpt>
      <trkpt lat="54.49163" lon="-3.30225">
        <ele>833.4896431930097</ele>
      </trkpt>
      <trkpt lat="54.49196" lon="-3.30242">
        <ele>829.3260785951416</ele>
      </trkpt>
      <trkpt lat="54.49202" lon="-3.30238">
        <ele>826.1981888191001</ele>
      </trkpt>
      <trkpt lat="54.492" lon="-3.30229">
        <ele>825.6026303022484</ele>
      </trkpt>
      <trkpt lat="54.49212" lon="-3.30227">
        <ele>818.2607019927152</ele>
      </trkpt>
      <trkpt lat="54.49229" lon="-3.30238">
        <ele>813.670105765785</ele>
      </trkpt>
      <trkpt lat="54.49236" lon="-3.30239">
        <ele>812.5353417808634</ele>
      </trkpt>
      <trkpt lat="54.49241" lon="-3.30234">
        <ele>809.7260904586343</ele>
      </trkpt>
      <trkpt lat="54.49249" lon="-3.30236">
        <ele>808.5243952450188</ele>
      </trkpt>
      <trkpt lat="54.49262" lon="-3.30247">
        <ele>807.1763616909701</ele>
      </trkpt>
      <trkpt lat="54.49283" lon="-3.30238">
        <ele>797.9414138502898</ele>
      </trkpt>
      <trkpt lat="54.49288" lon="-3.30236">
        <ele>795.9808834645687</ele>
      </trkpt>
      <trkpt lat="54.49303" lon="-3.30248">
        <ele>799.3907359605898</ele>
      </trkpt>
      <trkpt lat="54.49308" lon="-3.3026">
        <ele>799.5659846222884</ele>
      </trkpt>
      <trkpt lat="54.49315" lon="-3.3026">
        <ele>803.7860306506782</ele>
      </trkpt>
      <trkpt lat="54.49323" lon="-3.30252">
        <ele>809.1885483213832</ele>
      </trkpt>
      <trkpt lat="54.49334" lon="-3.30249">
        <ele>813.6111606856276</ele>
      </trkpt>
      <trkpt lat="54.49335" lon="-3.30225">
        <ele>814.1242557067186</ele>
      </trkpt>
      <trkpt lat="54.49334" lon="-3.30249">
        <ele>813.6111606856276</ele>
      </trkpt>
      <trkpt lat="54.49323" lon="-3.30252">
        <ele>809.1885483213832</ele>
      </trkpt>
      <trkpt lat="54.49315" lon="-3.3026">
        <ele>803.7860306506782</ele>
      </trkpt>
      <trkpt lat="54.49308" lon="-3.3026">
        <ele>799.5659846222884</ele>
      </trkpt>
      <trkpt lat="54.49303" lon="-3.30248">
        <ele>799.3907359605898</ele>
      </trkpt>
      <trkpt lat="54.49287" lon="-3.30237">
        <ele>796.4012661771553</ele>
      </trkpt>
      <trkpt lat="54.49262" lon="-3.30247">
        <ele>807.1763616909701</ele>
      </trkpt>
      <trkpt lat="54.49249" lon="-3.30236">
        <ele>808.5243952450188</ele>
      </trkpt>
      <trkpt lat="54.49241" lon="-3.30234">
        <ele>809.7260904586343</ele>
      </trkpt>
      <trkpt lat="54.49236" lon="-3.30239">
        <ele>812.5353417808634</ele>
      </trkpt>
      <trkpt lat="54.49229" lon="-3.30238">
        <ele>813.670105765785</ele>
      </trkpt>
      <trkpt lat="54.49212" lon="-3.30227">
        <ele>818.2607019927152</ele>
      </trkpt>
      <trkpt lat="54.492" lon="-3.30229">
        <ele>825.6026303022484</ele>
      </trkpt>
      <trkpt lat="54.49202" lon="-3.30238">
        <ele>826.1981888191001</ele>
      </trkpt>
      <trkpt lat="54.49196" lon="-3.30242">
        <ele>829.3260785951416</ele>
      </trkpt>
      <trkpt lat="54.49163" lon="-3.30225">
        <ele>833.4896431930097</ele>
      </trkpt>
      <trkpt lat="54.4914" lon="-3.30207">
        <ele>834.7256925173157</ele>
      </trkpt>
      <trkpt lat="54.49131" lon="-3.30191">
        <ele>836.9111711746932</ele>
      </trkpt>
      <trkpt lat="54.4913" lon="-3.30176">
        <ele>837.8841952494165</ele>
      </trkpt>
      <trkpt lat="54.49125" lon="-3.30162">
        <ele>838.249448173254</ele>
      </trkpt>
      <trkpt lat="54.49117" lon="-3.30149">
        <ele>838.1360957729319</ele>
      </trkpt>
      <trkpt lat="54.49107" lon="-3.3006">
        <ele>836.8825461283326</ele>
      </trkpt>
      <trkpt lat="54.49103" lon="-3.30012">
        <ele>838.136411697928</ele>
      </trkpt>
      <trkpt lat="54.491" lon="-3.30008">
        <ele>838.5442628808639</ele>
      </trkpt>
      <trkpt lat="54.49085" lon="-3.29914">
        <ele>841.1087514251473</ele>
      </trkpt>
      <trkpt lat="54.49081" lon="-3.29895">
        <ele>840.755320011252</ele>
      </trkpt>
      <trkpt lat="54.4908" lon="-3.29876">
        <ele>840.8495794169332</ele>
      </trkpt>
      <trkpt lat="54.49084" lon="-3.29842">
        <ele>840.8183933287462</ele>
      </trkpt>
      <trkpt lat="54.49089" lon="-3.29829">
        <ele>840.7848714552002</ele>
      </trkpt>
      <trkpt lat="54.49092" lon="-3.29808">
        <ele>839.4488494035799</ele>
      </trkpt>
      <trkpt lat="54.49092" lon="-3.29793">
        <ele>837.7063904076267</ele>
      </trkpt>
      <trkpt lat="54.49083" lon="-3.29753">
        <ele>830.7943112960335</ele>
      </trkpt>
      <trkpt lat="54.49087" lon="-3.2973">
        <ele>825.8735618599728</ele>
      </trkpt>
      <trkpt lat="54.49086" lon="-3.29715">
        <ele>822.4116246857083</ele>
      </trkpt>
      <trkpt lat="54.49088" lon="-3.29708">
        <ele>820.7410362154802</ele>
      </trkpt>
      <trkpt lat="54.49099" lon="-3.29704">
        <ele>817.7933356291636</ele>
      </trkpt>
      <trkpt lat="54.49102" lon="-3.29696">
        <ele>815.7884300176277</ele>
      </trkpt>
      <trkpt lat="54.49101" lon="-3.29679">
        <ele>813.60936854687</ele>
      </trkpt>
      <trkpt lat="54.49102" lon="-3.2966">
        <ele>811.3846818419838</ele>
      </trkpt>
      <trkpt lat="54.49112" lon="-3.29612">
        <ele>807.8526004807518</ele>
      </trkpt>
      <trkpt lat="54.49124" lon="-3.2957">
        <ele>803.7082593955253</ele>
      </trkpt>
      <trkpt lat="54.49138" lon="-3.29549">
        <ele>800.4453334321423</ele>
      </trkpt>
      <trkpt lat="54.49155" lon="-3.29529">
        <ele>797.0991376696971</ele>
      </trkpt>
      <trkpt lat="54.49156" lon="-3.2952">
        <ele>795.7013140254106</ele>
      </trkpt>
      <trkpt lat="54.49188" lon="-3.29478">
        <ele>798.0728217781227</ele>
      </trkpt>
      <trkpt lat="54.49236" lon="-3.29386">
        <ele>792.1734878903135</ele>
      </trkpt>
      <trkpt lat="54.49249" lon="-3.2935">
        <ele>794.0930807663945</ele>
      </trkpt>
      <trkpt lat="54.49252" lon="-3.29336">
        <ele>795.9886207502866</ele>
      </trkpt>
      <trkpt lat="54.49254" lon="-3.29252">
        <ele>802.6264747721012</ele>
      </trkpt>
      <trkpt lat="54.49267" lon="-3.29198">
        <ele>806.3464471540082</ele>
      </trkpt>
      <trkpt lat="54.49275" lon="-3.29141">
        <ele>809.103871428129</ele>
      </trkpt>
      <trkpt lat="54.49277" lon="-3.29088">
        <ele>809.447580249853</ele>
      </trkpt>
      <trkpt lat="54.49277" lon="-3.29041">
        <ele>807.7474148509269</ele>
      </trkpt>
      <trkpt lat="54.49263" lon="-3.28984">
        <ele>798.7922894268628</ele>
      </trkpt>
      <trkpt lat="54.49264" lon="-3.28921">
        <ele>789.4680522341929</ele>
      </trkpt>
      <trkpt lat="54.49261" lon="-3.28894">
        <ele>781.7838469278064</ele>
      </trkpt>
      <trkpt lat="54.49265" lon="-3.28848">
        <ele>775.724200382583</ele>
      </trkpt>
      <trkpt lat="54.49277" lon="-3.28797">
        <ele>775.3207011128153</ele>
      </trkpt>
      <trkpt lat="54.49282" lon="-3.28786">
        <ele>774.7718194102246</ele>
      </trkpt>
      <trkpt lat="54.49306" lon="-3.28753">
        <ele>774.8676918801</ele>
      </trkpt>
      <trkpt lat="54.49347" lon="-3.28705">
        <ele>776.6239149115696</ele>
      </trkpt>
      <trkpt lat="54.49373" lon="-3.28662">
        <ele>768.7904528156008</ele>
      </trkpt>
      <trkpt lat="54.49377" lon="-3.2865">
        <ele>765.8101810867507</ele>
      </trkpt>
      <trkpt lat="54.49389" lon="-3.28629">
        <ele>762.0753197750807</ele>
      </trkpt>
      <trkpt lat="54.49392" lon="-3.28629">
        <ele>762.2022119994426</ele>
      </trkpt>
      <trkpt lat="54.49416" lon="-3.28594">
        <ele>754.2221816177414</ele>
      </trkpt>
      <trkpt lat="54.49443" lon="-3.28563">
        <ele>759.4153454724417</ele>
      </trkpt>
      <trkpt lat="54.49448" lon="-3.28554">
        <ele>762.1330801843901</ele>
      </trkpt>
      <trkpt lat="54.49452" lon="-3.28535">
        <ele>765.7332602603577</ele>
      </trkpt>
      <trkpt lat="54.49458" lon="-3.28519">
        <ele>771.3388069410713</ele>
      </trkpt>
      <trkpt lat="54.49469" lon="-3.28505">
        <ele>780.8412736161614</ele>
      </trkpt>
      <trkpt lat="54.4949" lon="-3.28498">
        <ele>797.7825325466498</ele>
      </trkpt>
      <trkpt lat="54.49509" lon="-3.28474">
        <ele>809.2279507329087</ele>
      </trkpt>
      <trkpt lat="54.49522" lon="-3.28469">
        <ele>817.240872025413</ele>
      </trkpt>
      <trkpt lat="54.49526" lon="-3.28443">
        <ele>821.4976578007227</ele>
      </trkpt>
      <trkpt lat="54.49531" lon="-3.28433">
        <ele>823.4084653355264</ele>
      </trkpt>
      <trkpt lat="54.49546" lon="-3.28418">
        <ele>828.1365801193738</ele>
      </trkpt>
      <trkpt lat="54.49549" lon="-3.28413">
        <ele>828.6184511363199</ele>
      </trkpt>
      <trkpt lat="54.49556" lon="-3.28409">
        <ele>830.3044321548387</ele>
      </trkpt>
      <trkpt lat="54.49566" lon="-3.28398">
        <ele>833.4588921017687</ele>
      </trkpt>
      <trkpt lat="54.49567" lon="-3.28375">
        <ele>835.4965527769302</ele>
      </trkpt>
      <trkpt lat="54.49573" lon="-3.28353">
        <ele>838.3020858748758</ele>
      </trkpt>
      <trkpt lat="54.49581" lon="-3.28343">
        <ele>842.2316873168509</ele>
      </trkpt>
      <trkpt lat="54.49588" lon="-3.28342">
        <ele>844.8057443938641</ele>
      </trkpt>
      <trkpt lat="54.49592" lon="-3.28338">
        <ele>846.9585851165107</ele>
      </trkpt>
      <trkpt lat="54.49595" lon="-3.28331">
        <ele>848.8637913925826</ele>
      </trkpt>
      <trkpt lat="54.49598" lon="-3.28317">
        <ele>851.2005757535641</ele>
      </trkpt>
      <trkpt lat="54.49601" lon="-3.28314">
        <ele>852.3677380673591</ele>
      </trkpt>
      <trkpt lat="54.49607" lon="-3.28314">
        <ele>854.205771927088</ele>
      </trkpt>
      <trkpt lat="54.4961" lon="-3.283">
        <ele>856.8014756865739</ele>
      </trkpt>
      <trkpt lat="54.49615" lon="-3.28291">
        <ele>859.8570702258537</ele>
      </trkpt>
      <trkpt lat="54.49616" lon="-3.28282">
        <ele>861.4423909008359</ele>
      </trkpt>
      <trkpt lat="54.49633" lon="-3.28267">
        <ele>869.6065993666308</ele>
      </trkpt>
      <trkpt lat="54.49648" lon="-3.28249">
        <ele>875.3544687288629</ele>
      </trkpt>
      <trkpt lat="54.49652" lon="-3.28239">
        <ele>876.9710514154905</ele>
      </trkpt>
      <trkpt lat="54.49667" lon="-3.28225">
        <ele>881.2715282343514</ele>
      </trkpt>
      <trkpt lat="54.49676" lon="-3.28205">
        <ele>884.0111571004436</ele>
      </trkpt>
      <trkpt lat="54.49693" lon="-3.28187">
        <ele>887.2720189200168</ele>
      </trkpt>
      <trkpt lat="54.49712" lon="-3.28154">
        <ele>889.7140638644637</ele>
      </trkpt>
      <trkpt lat="54.4973" lon="-3.28132">
        <ele>890.7474824593517</ele>
      </trkpt>
      <trkpt lat="54.49741" lon="-3.28116">
        <ele>891.5350747975151</ele>
      </trkpt>
      <trkpt lat="54.4974" lon="-3.2811">
        <ele>891.3911548106372</ele>
      </trkpt>
      <trkpt lat="54.49733" lon="-3.28098">
        <ele>890.745429111659</ele>
      </trkpt>
      <trkpt lat="54.49731" lon="-3.28083">
        <ele>890.2335592624295</ele>
      </trkpt>
      <trkpt lat="54.49722" lon="-3.28069">
        <ele>889.1053769529021</ele>
      </trkpt>
      <trkpt lat="54.49719" lon="-3.28058">
        <ele>888.1854822126497</ele>
      </trkpt>
      <trkpt lat="54.49712" lon="-3.28042">
        <ele>886.0815087913596</ele>
      </trkpt>
      <trkpt lat="54.49686" lon="-3.28008">
        <ele>876.4667807008113</ele>
      </trkpt>
      <trkpt lat="54.49673" lon="-3.27939">
        <ele>861.3178655912992</ele>
      </trkpt>
      <trkpt lat="54.49662" lon="-3.27906">
        <ele>851.6274476803113</ele>
      </trkpt>
      <trkpt lat="54.4966" lon="-3.27874">
        <ele>846.254314965873</ele>
      </trkpt>
      <trkpt lat="54.49642" lon="-3.27835">
        <ele>835.3036316190237</ele>
      </trkpt>
      <trkpt lat="54.4963" lon="-3.27767">
        <ele>828.9507909582221</ele>
      </trkpt>
      <trkpt lat="54.49602" lon="-3.27635">
        <ele>821.8577658717825</ele>
      </trkpt>
      <trkpt lat="54.49595" lon="-3.2757">
        <ele>819.0245068582097</ele>
      </trkpt>
      <trkpt lat="54.49587" lon="-3.2745">
        <ele>807.620385833467</ele>
      </trkpt>
      <trkpt lat="54.4957" lon="-3.27411">
        <ele>800.4415016789294</ele>
      </trkpt>
      <trkpt lat="54.49572" lon="-3.27379">
        <ele>794.8199983955622</ele>
      </trkpt>
      <trkpt lat="54.4956" lon="-3.27341">
        <ele>781.4948527580542</ele>
      </trkpt>
      <trkpt lat="54.49554" lon="-3.27331">
        <ele>777.5089092563002</ele>
      </trkpt>
      <trkpt lat="54.49557" lon="-3.27316">
        <ele>775.634647872522</ele>
      </trkpt>
      <trkpt lat="54.49558" lon="-3.27312">
        <ele>775.175980040398</ele>
      </trkpt>
      <trkpt lat="54.49553" lon="-3.27288">
        <ele>770.7406906053623</ele>
      </trkpt>
      <trkpt lat="54.49568" lon="-3.27228">
        <ele>766.9960267237574</ele>
      </trkpt>
      <trkpt lat="54.49576" lon="-3.27122">
        <ele>753.4652887433813</ele>
      </trkpt>
      <trkpt lat="54.49569" lon="-3.27066">
        <ele>752.3760386295087</ele>
      </trkpt>
      <trkpt lat="54.49558" lon="-3.27017">
        <ele>751.5307487913233</ele>
      </trkpt>
      <trkpt lat="54.49509" lon="-3.26874">
        <ele>748.8902383969526</ele>
      </trkpt>
      <trkpt lat="54.4947" lon="-3.26793">
        <ele>749.1300454492366</ele>
      </trkpt>
      <trkpt lat="54.49459" lon="-3.26789">
        <ele>746.9848089758704</ele>
      </trkpt>
      <trkpt lat="54.49439" lon="-3.26767">
        <ele>743.4982928164026</ele>
      </trkpt>
      <trkpt lat="54.49404" lon="-3.26696">
        <ele>739.6154655667392</ele>
      </trkpt>
      <trkpt lat="54.49395" lon="-3.26677">
        <ele>737.5590010184346</ele>
      </trkpt>
      <trkpt lat="54.49382" lon="-3.26631">
        <ele>734.6280163605073</ele>
      </trkpt>
      <trkpt lat="54.49358" lon="-3.26576">
        <ele>725.9666903989588</ele>
      </trkpt>
      <trkpt lat="54.49354" lon="-3.26559">
        <ele>723.4089289238284</ele>
      </trkpt>
      <trkpt lat="54.49356" lon="-3.26543">
        <ele>723.3209421466661</ele>
      </trkpt>
      <trkpt lat="54.49352" lon="-3.26535">
        <ele>720.4402199901535</ele>
      </trkpt>
      <trkpt lat="54.49355" lon="-3.26509">
        <ele>719.3397309429591</ele>
      </trkpt>
      <trkpt lat="54.49353" lon="-3.26505">
        <ele>717.7764039686742</ele>
      </trkpt>
      <trkpt lat="54.49354" lon="-3.26485">
        <ele>718.7211325341669</ele>
      </trkpt>
      <trkpt lat="54.4935" lon="-3.26455">
        <ele>718.2962624880342</ele>
      </trkpt>
      <trkpt lat="54.4935" lon="-3.26424">
        <ele>717.5053761796503</ele>
      </trkpt>
      <trkpt lat="54.49348" lon="-3.26414">
        <ele>715.6504389681346</ele>
      </trkpt>
      <trkpt lat="54.49351" lon="-3.26387">
        <ele>711.2318827126435</ele>
      </trkpt>
      <trkpt lat="54.49359" lon="-3.26352">
        <ele>707.6016350837136</ele>
      </trkpt>
      <trkpt lat="54.4936" lon="-3.26343">
        <ele>705.5227836865765</ele>
      </trkpt>
      <trkpt lat="54.49369" lon="-3.26328">
        <ele>704.2801730887671</ele>
      </trkpt>
      <trkpt lat="54.49368" lon="-3.26313">
        <ele>699.358685658834</ele>
      </trkpt>
      <trkpt lat="54.49363" lon="-3.26311">
        <ele>696.2024541405152</ele>
      </trkpt>
      <trkpt lat="54.49367" lon="-3.26298">
        <ele>694.0333094049215</ele>
      </trkpt>
      <trkpt lat="54.49363" lon="-3.2629">
        <ele>689.3172252187956</ele>
      </trkpt>
      <trkpt lat="54.49375" lon="-3.2627">
        <ele>688.9126335841472</ele>
      </trkpt>
      <trkpt lat="54.49375" lon="-3.26254">
        <ele>684.8728906020523</ele>
      </trkpt>
      <trkpt lat="54.49381" lon="-3.26242">
        <ele>682.9644455123735</ele>
      </trkpt>
      <trkpt lat="54.49368" lon="-3.26226">
        <ele>672.8715071203052</ele>
      </trkpt>
      <trkpt lat="54.49379" lon="-3.26213">
        <ele>670.5340761637517</ele>
      </trkpt>
      <trkpt lat="54.49359" lon="-3.26203">
        <ele>659.1879054288362</ele>
      </trkpt>
      <trkpt lat="54.49356" lon="-3.26183">
        <ele>649.7426738259824</ele>
      </trkpt>
      <trkpt lat="54.49351" lon="-3.26171">
        <ele>642.9621793184814</ele>
      </trkpt>
      <trkpt lat="54.49373" lon="-3.26124">
        <ele>636.1774136735464</ele>
      </trkpt>
      <trkpt lat="54.49374" lon="-3.26117">
        <ele>634.9246470186863</ele>
      </trkpt>
      <trkpt lat="54.49378" lon="-3.26114">
        <ele>635.0198450419971</ele>
      </trkpt>
      <trkpt lat="54.49375" lon="-3.26105">
        <ele>632.9379755879214</ele>
      </trkpt>
      <trkpt lat="54.49382" lon="-3.26081">
        <ele>632.1448241436581</ele>
      </trkpt>
      <trkpt lat="54.49382" lon="-3.26069">
        <ele>629.9866383596773</ele>
      </trkpt>
      <trkpt lat="54.49379" lon="-3.26053">
        <ele>626.4488955514796</ele>
      </trkpt>
      <trkpt lat="54.49381" lon="-3.26043">
        <ele>624.6846565645027</ele>
      </trkpt>
      <trkpt lat="54.4938" lon="-3.2603">
        <ele>622.174064537356</ele>
      </trkpt>
      <trkpt lat="54.49384" lon="-3.26013">
        <ele>620.1969445667168</ele>
      </trkpt>
      <trkpt lat="54.49388" lon="-3.26009">
        <ele>619.8098922008959</ele>
      </trkpt>
      <trkpt lat="54.49389" lon="-3.25994">
        <ele>617.6289558351389</ele>
      </trkpt>
      <trkpt lat="54.49388" lon="-3.25984">
        <ele>616.0070556606167</ele>
      </trkpt>
      <trkpt lat="54.49389" lon="-3.25977">
        <ele>614.4560068353595</ele>
      </trkpt>
      <trkpt lat="54.49398" lon="-3.25963">
        <ele>612.6674734608295</ele>
      </trkpt>
      <trkpt lat="54.49402" lon="-3.25953">
        <ele>610.5363027598105</ele>
      </trkpt>
      <trkpt lat="54.49409" lon="-3.25943">
        <ele>609.2456089530517</ele>
      </trkpt>
      <trkpt lat="54.49412" lon="-3.25922">
        <ele>607.2972322507254</ele>
      </trkpt>
      <trkpt lat="54.49412" lon="-3.25874">
        <ele>606.3830973969839</ele>
      </trkpt>
      <trkpt lat="54.49404" lon="-3.25809">
        <ele>603.9162947883468</ele>
      </trkpt>
      <trkpt lat="54.49406" lon="-3.25791">
        <ele>603.9703696541138</ele>
      </trkpt>
      <trkpt lat="54.49405" lon="-3.25772">
        <ele>602.9947287913926</ele>
      </trkpt>
      <trkpt lat="54.49397" lon="-3.25751">
        <ele>599.9878403915674</ele>
      </trkpt>
      <trkpt lat="54.49392" lon="-3.25685">
        <ele>594.7433441343584</ele>
      </trkpt>
      <trkpt lat="54.49382" lon="-3.25642">
        <ele>590.0981327269163</ele>
      </trkpt>
      <trkpt lat="54.49371" lon="-3.25638">
        <ele>584.4664951636828</ele>
      </trkpt>
      <trkpt lat="54.49362" lon="-3.25603">
        <ele>579.0212619440304</ele>
      </trkpt>
      <trkpt lat="54.49361" lon="-3.25559">
        <ele>578.0069784384604</ele>
      </trkpt>
      <trkpt lat="54.49363" lon="-3.25534">
        <ele>577.6440206984136</ele>
      </trkpt>
      <trkpt lat="54.4936" lon="-3.25486">
        <ele>574.6865841073179</ele>
      </trkpt>
      <trkpt lat="54.49352" lon="-3.25442">
        <ele>572.8093397556871</ele>
      </trkpt>
      <trkpt lat="54.4935" lon="-3.2541">
        <ele>572.2784350644441</ele>
      </trkpt>
      <trkpt lat="54.49343" lon="-3.2538">
        <ele>570.30464973758</ele>
      </trkpt>
      <trkpt lat="54.49291" lon="-3.25241">
        <ele>560.8486500155319</ele>
      </trkpt>
      <trkpt lat="54.49282" lon="-3.25222">
        <ele>560.8194911255558</ele>
      </trkpt>
      <trkpt lat="54.49265" lon="-3.25198">
        <ele>557.7406454187549</ele>
      </trkpt>
      <trkpt lat="54.4924" lon="-3.25178">
        <ele>561.7231970989964</ele>
      </trkpt>
      <trkpt lat="54.4923" lon="-3.25164">
        <ele>560.4334441333644</ele>
      </trkpt>
      <trkpt lat="54.49221" lon="-3.25138">
        <ele>558.5269447550213</ele>
      </trkpt>
      <trkpt lat="54.49207" lon="-3.25106">
        <ele>553.2005120055585</ele>
      </trkpt>
      <trkpt lat="54.4919" lon="-3.25046">
        <ele>546.3968720947498</ele>
      </trkpt>
      <trkpt lat="54.49164" lon="-3.24987">
        <ele>543.6443044608038</ele>
      </trkpt>
      <trkpt lat="54.49161" lon="-3.24996">
        <ele>543.572113962534</ele>
      </trkpt>
      <trkpt lat="54.49155" lon="-3.2498">
        <ele>543.1235737465365</ele>
      </trkpt>
      <trkpt lat="54.49151" lon="-3.2497">
        <ele>543.2923859062852</ele>
      </trkpt>
      <trkpt lat="54.49135" lon="-3.24945">
        <ele>548.0975706855323</ele>
      </trkpt>
      <trkpt lat="54.49115" lon="-3.24927">
        <ele>554.0579965731276</ele>
      </trkpt>
      <trkpt lat="54.49104" lon="-3.24906">
        <ele>556.4730349108252</ele>
      </trkpt>
      <trkpt lat="54.49072" lon="-3.24871">
        <ele>567.585418932041</ele>
      </trkpt>
      <trkpt lat="54.49069" lon="-3.24873">
        <ele>569.4030873897318</ele>
      </trkpt>
      <trkpt lat="54.49063" lon="-3.24865">
        <ele>572.4162117855658</ele>
      </trkpt>
      <trkpt lat="54.49057" lon="-3.24869">
        <ele>576.9392731790368</ele>
      </trkpt>
      <trkpt lat="54.49051" lon="-3.2486">
        <ele>581.9450553895542</ele>
      </trkpt>
      <trkpt lat="54.49046" lon="-3.24839">
        <ele>583.7908952450304</ele>
      </trkpt>
      <trkpt lat="54.49038" lon="-3.24829">
        <ele>586.0096682392576</ele>
      </trkpt>
      <trkpt lat="54.49024" lon="-3.24828">
        <ele>594.4568341530962</ele>
      </trkpt>
      <trkpt lat="54.49017" lon="-3.2483">
        <ele>599.91412715925</ele>
      </trkpt>
      <trkpt lat="54.49008" lon="-3.24823">
        <ele>604.6893053541086</ele>
      </trkpt>
      <trkpt lat="54.48996" lon="-3.24829">
        <ele>613.3461331184661</ele>
      </trkpt>
      <trkpt lat="54.48988" lon="-3.24818">
        <ele>615.3288173867296</ele>
      </trkpt>
      <trkpt lat="54.48978" lon="-3.24811">
        <ele>620.3074408855646</ele>
      </trkpt>
      <trkpt lat="54.48968" lon="-3.24817">
        <ele>628.501982234705</ele>
      </trkpt>
      <trkpt lat="54.48952" lon="-3.24794">
        <ele>636.5040614303006</ele>
      </trkpt>
      <trkpt lat="54.48945" lon="-3.24781">
        <ele>639.8085205092596</ele>
      </trkpt>
      <trkpt lat="54.48942" lon="-3.24764">
        <ele>637.5610378372049</ele>
      </trkpt>
      <trkpt lat="54.48932" lon="-3.24758">
        <ele>647.3019218011561</ele>
      </trkpt>
      <trkpt lat="54.4893" lon="-3.24738">
        <ele>642.8217032286116</ele>
      </trkpt>
      <trkpt lat="54.48918" lon="-3.24724">
        <ele>651.465217370831</ele>
      </trkpt>
      <trkpt lat="54.48907" lon="-3.24704">
        <ele>664.4745337948575</ele>
      </trkpt>
      <trkpt lat="54.48858" lon="-3.24691">
        <ele>700.322565405783</ele>
      </trkpt>
      <trkpt lat="54.48824" lon="-3.24679">
        <ele>711.901370972968</ele>
      </trkpt>
      <trkpt lat="54.48758" lon="-3.24677">
        <ele>725.8032348688375</ele>
      </trkpt>
      <trkpt lat="54.48744" lon="-3.24666">
        <ele>728.3243411234596</ele>
      </trkpt>
      <trkpt lat="54.48736" lon="-3.24655">
        <ele>729.201510746526</ele>
      </trkpt>
      <trkpt lat="54.48702" lon="-3.24644">
        <ele>733.8610749110725</ele>
      </trkpt>
      <trkpt lat="54.4868" lon="-3.24632">
        <ele>738.9073596546152</ele>
      </trkpt>
      <trkpt lat="54.4865" lon="-3.24621">
        <ele>746.4047520180293</ele>
      </trkpt>
      <trkpt lat="54.48641" lon="-3.24625">
        <ele>748.799125781003</ele>
      </trkpt>
      <trkpt lat="54.48621" lon="-3.24623">
        <ele>753.3219120011609</ele>
      </trkpt>
      <trkpt lat="54.48593" lon="-3.24603">
        <ele>757.1869799070223</ele>
      </trkpt>
      <trkpt lat="54.48565" lon="-3.2459">
        <ele>760.9124313891595</ele>
      </trkpt>
      <trkpt lat="54.48557" lon="-3.24589">
        <ele>761.8089407091107</ele>
      </trkpt>
      <trkpt lat="54.48515" lon="-3.24561">
        <ele>768.409778146331</ele>
      </trkpt>
      <trkpt lat="54.48488" lon="-3.24568">
        <ele>772.5873780607303</ele>
      </trkpt>
      <trkpt lat="54.48469" lon="-3.24522">
        <ele>779.3093836274198</ele>
      </trkpt>
      <trkpt lat="54.48457" lon="-3.2448">
        <ele>783.5696942178884</ele>
      </trkpt>
      <trkpt lat="54.48444" lon="-3.2445">
        <ele>785.4312414835072</ele>
      </trkpt>
      <trkpt lat="54.48428" lon="-3.24438">
        <ele>787.3608336787039</ele>
      </trkpt>
      <trkpt lat="54.48408" lon="-3.24449">
        <ele>791.2095791955788</ele>
      </trkpt>
      <trkpt lat="54.48369" lon="-3.24443">
        <ele>797.2038738693873</ele>
      </trkpt>
      <trkpt lat="54.48364" lon="-3.24423">
        <ele>799.0064171944341</ele>
      </trkpt>
      <trkpt lat="54.48358" lon="-3.24417">
        <ele>799.4642379997168</ele>
      </trkpt>
      <trkpt lat="54.48351" lon="-3.24423">
        <ele>800.1812549893993</ele>
      </trkpt>
      <trkpt lat="54.4834" lon="-3.2442">
        <ele>800.5548615363161</ele>
      </trkpt>
      <trkpt lat="54.48331" lon="-3.24413">
        <ele>799.6763522996337</ele>
      </trkpt>
      <trkpt lat="54.48343" lon="-3.24392">
        <ele>796.4204934242421</ele>
      </trkpt>
      <trkpt lat="54.4835" lon="-3.24373">
        <ele>793.8180642343883</ele>
      </trkpt>
      <trkpt lat="54.4836" lon="-3.24321">
        <ele>787.3350957113473</ele>
      </trkpt>
      <trkpt lat="54.48389" lon="-3.24267">
        <ele>782.540934744244</ele>
      </trkpt>
      <trkpt lat="54.48399" lon="-3.24224">
        <ele>774.7456356837444</ele>
      </trkpt>
      <trkpt lat="54.48405" lon="-3.24166">
        <ele>767.1845721340231</ele>
      </trkpt>
      <trkpt lat="54.48407" lon="-3.24015">
        <ele>751.3098359940883</ele>
      </trkpt>
      <trkpt lat="54.4841" lon="-3.23928">
        <ele>747.5110784891303</ele>
      </trkpt>
      <trkpt lat="54.48424" lon="-3.23804">
        <ele>749.4255123036866</ele>
      </trkpt>
      <trkpt lat="54.48422" lon="-3.23783">
        <ele>751.0236136252682</ele>
      </trkpt>
      <trkpt lat="54.48421" lon="-3.23704">
        <ele>752.4609515798788</ele>
      </trkpt>
      <trkpt lat="54.48407" lon="-3.23625">
        <ele>753.3219071479679</ele>
      </trkpt>
      <trkpt lat="54.48402" lon="-3.23578">
        <ele>753.2872796180333</ele>
      </trkpt>
      <trkpt lat="54.48415" lon="-3.23532">
        <ele>756.0171479904926</ele>
      </trkpt>
      <trkpt lat="54.48434" lon="-3.23497">
        <ele>756.0609067635444</ele>
      </trkpt>
      <trkpt lat="54.48473" lon="-3.23453">
        <ele>752.5580714763199</ele>
      </trkpt>
      <trkpt lat="54.48508" lon="-3.2337">
        <ele>743.7615468695811</ele>
      </trkpt>
      <trkpt lat="54.48512" lon="-3.23312">
        <ele>737.792912438269</ele>
      </trkpt>
      <trkpt lat="54.48516" lon="-3.23272">
        <ele>731.3000271338789</ele>
      </trkpt>
      <trkpt lat="54.48514" lon="-3.23262">
        <ele>729.1611199756915</ele>
      </trkpt>
      <trkpt lat="54.48515" lon="-3.23221">
        <ele>722.671376561935</ele>
      </trkpt>
      <trkpt lat="54.48532" lon="-3.23106">
        <ele>692.0820892212025</ele>
      </trkpt>
      <trkpt lat="54.48549" lon="-3.23069">
        <ele>677.6370114615403</ele>
      </trkpt>
      <trkpt lat="54.48547" lon="-3.23064">
        <ele>676.3901842395804</ele>
      </trkpt>
      <trkpt lat="54.48549" lon="-3.23057">
        <ele>672.8763717733553</ele>
      </trkpt>
      <trkpt lat="54.48542" lon="-3.23037">
        <ele>665.9894268481991</ele>
      </trkpt>
      <trkpt lat="54.48528" lon="-3.23013">
        <ele>657.6029977544695</ele>
      </trkpt>
      <trkpt lat="54.4853" lon="-3.23004">
        <ele>657.5431110114109</ele>
      </trkpt>
      <trkpt lat="54.48531" lon="-3.22969">
        <ele>650.1600088296805</ele>
      </trkpt>
      <trkpt lat="54.48527" lon="-3.22945">
        <ele>643.1653406845649</ele>
      </trkpt>
      <trkpt lat="54.48529" lon="-3.22943">
        <ele>642.3963437655254</ele>
      </trkpt>
      <trkpt lat="54.48524" lon="-3.22935">
        <ele>640.078441175931</ele>
      </trkpt>
      <trkpt lat="54.48524" lon="-3.22931">
        <ele>638.7357890231389</ele>
      </trkpt>
      <trkpt lat="54.48526" lon="-3.22927">
        <ele>637.62873342473</ele>
      </trkpt>
      <trkpt lat="54.48523" lon="-3.22923">
        <ele>636.416605802556</ele>
      </trkpt>
      <trkpt lat="54.48521" lon="-3.22909">
        <ele>632.4876274178833</ele>
      </trkpt>
      <trkpt lat="54.48525" lon="-3.22907">
        <ele>632.1578115562238</ele>
      </trkpt>
      <trkpt lat="54.48523" lon="-3.22897">
        <ele>629.3067445868634</ele>
      </trkpt>
      <trkpt lat="54.4851" lon="-3.22875">
        <ele>622.9052822471474</ele>
      </trkpt>
      <trkpt lat="54.48507" lon="-3.22836">
        <ele>619.4871315153736</ele>
      </trkpt>
      <trkpt lat="54.48513" lon="-3.2278">
        <ele>620.2610683826288</ele>
      </trkpt>
      <trkpt lat="54.48523" lon="-3.22708">
        <ele>620.6451342814394</ele>
      </trkpt>
      <trkpt lat="54.48525" lon="-3.22565">
        <ele>640.1726057633666</ele>
      </trkpt>
      <trkpt lat="54.48536" lon="-3.22444">
        <ele>669.9915896122174</ele>
      </trkpt>
      <trkpt lat="54.48535" lon="-3.22427">
        <ele>672.1357805691672</ele>
      </trkpt>
      <trkpt lat="54.48509" lon="-3.22391">
        <ele>686.7776354814094</ele>
      </trkpt>
      <trkpt lat="54.48509" lon="-3.22356">
        <ele>695.2259531296626</ele>
      </trkpt>
      <trkpt lat="54.48493" lon="-3.22329">
        <ele>704.5287193462527</ele>
      </trkpt>
      <trkpt lat="54.4847" lon="-3.22324">
        <ele>714.5671501373754</ele>
      </trkpt>
      <trkpt lat="54.48453" lon="-3.22314">
        <ele>724.2174244914477</ele>
      </trkpt>
      <trkpt lat="54.48444" lon="-3.22277">
        <ele>736.7102737690748</ele>
      </trkpt>
      <trkpt lat="54.48423" lon="-3.22277">
        <ele>749.9179346920525</ele>
      </trkpt>
      <trkpt lat="54.48398" lon="-3.22268">
        <ele>761.5118679169675</ele>
      </trkpt>
      <trkpt lat="54.48393" lon="-3.22236">
        <ele>771.4861346665224</ele>
      </trkpt>
      <trkpt lat="54.48366" lon="-3.22218">
        <ele>785.7385849188546</ele>
      </trkpt>
      <trkpt lat="54.48336" lon="-3.22183">
        <ele>806.5914592726817</ele>
      </trkpt>
      <trkpt lat="54.48324" lon="-3.22178">
        <ele>811.491683176861</ele>
      </trkpt>
      <trkpt lat="54.48315" lon="-3.2216">
        <ele>821.859896081607</ele>
      </trkpt>
      <trkpt lat="54.48306" lon="-3.22152">
        <ele>827.3931978460189</ele>
      </trkpt>
      <trkpt lat="54.48304" lon="-3.22135">
        <ele>835.1544131801511</ele>
      </trkpt>
      <trkpt lat="54.48298" lon="-3.22114">
        <ele>844.8590334661295</ele>
      </trkpt>
      <trkpt lat="54.48273" lon="-3.22089">
        <ele>860.4917178892711</ele>
      </trkpt>
      <trkpt lat="54.48268" lon="-3.22073">
        <ele>865.4504526264103</ele>
      </trkpt>
      <trkpt lat="54.48258" lon="-3.22056">
        <ele>871.7606299647628</ele>
      </trkpt>
      <trkpt lat="54.48257" lon="-3.22039">
        <ele>876.5607846564835</ele>
      </trkpt>
      <trkpt lat="54.48251" lon="-3.22024">
        <ele>880.0905497290714</ele>
      </trkpt>
      <trkpt lat="54.48234" lon="-3.21992">
        <ele>886.9647229391328</ele>
      </trkpt>
      <trkpt lat="54.4822" lon="-3.21961">
        <ele>892.2372693391477</ele>
      </trkpt>
      <trkpt lat="54.48215" lon="-3.21946">
        <ele>895.0169777282613</ele>
      </trkpt>
      <trkpt lat="54.48213" lon="-3.21921">
        <ele>895.8996647833637</ele>
      </trkpt>
      <trkpt lat="54.48235" lon="-3.21909">
        <ele>893.2108325094268</ele>
      </trkpt>
      <trkpt lat="54.48247" lon="-3.21908">
        <ele>891.4143789749801</ele>
      </trkpt>
      <trkpt lat="54.4828" lon="-3.2188">
        <ele>886.5001194332051</ele>
      </trkpt>
      <trkpt lat="54.483" lon="-3.21853">
        <ele>883.7975593271019</ele>
      </trkpt>
      <trkpt lat="54.48305" lon="-3.21816">
        <ele>879.753252400972</ele>
      </trkpt>
      <trkpt lat="54.48317" lon="-3.21794">
        <ele>876.8653942089782</ele>
      </trkpt>
      <trkpt lat="54.48316" lon="-3.21755">
        <ele>869.7944292587504</ele>
      </trkpt>
      <trkpt lat="54.48319" lon="-3.21737">
        <ele>865.621119149912</ele>
      </trkpt>
      <trkpt lat="54.48314" lon="-3.21725">
        <ele>861.7885954503907</ele>
      </trkpt>
      <trkpt lat="54.48309" lon="-3.21717">
        <ele>859.0476811255994</ele>
      </trkpt>
      <trkpt lat="54.48307" lon="-3.21697">
        <ele>852.2778152528496</ele>
      </trkpt>
      <trkpt lat="54.48304" lon="-3.21692">
        <ele>850.6875695093499</ele>
      </trkpt>
      <trkpt lat="54.48296" lon="-3.21686">
        <ele>849.3049503351334</ele>
      </trkpt>
      <trkpt lat="54.48304" lon="-3.2168">
        <ele>846.4118166382548</ele>
      </trkpt>
      <trkpt lat="54.483" lon="-3.21669">
        <ele>842.9292477850903</ele>
      </trkpt>
      <trkpt lat="54.48305" lon="-3.21663">
        <ele>840.0585131277603</ele>
      </trkpt>
      <trkpt lat="54.48302" lon="-3.21648">
        <ele>835.4352296173552</ele>
      </trkpt>
      <trkpt lat="54.48309" lon="-3.21646">
        <ele>834.2506984283654</ele>
      </trkpt>
      <trkpt lat="54.48309" lon="-3.21626">
        <ele>827.8447421966536</ele>
      </trkpt>
      <trkpt lat="54.48317" lon="-3.21624">
        <ele>826.6589330357901</ele>
      </trkpt>
      <trkpt lat="54.48315" lon="-3.21612">
        <ele>823.1961213649888</ele>
      </trkpt>
      <trkpt lat="54.48323" lon="-3.21609">
        <ele>821.9313689352687</ele>
      </trkpt>
      <trkpt lat="54.48331" lon="-3.21592">
        <ele>817.5801827762028</ele>
      </trkpt>
      <trkpt lat="54.48327" lon="-3.21577">
        <ele>813.8684855457514</ele>
      </trkpt>
      <trkpt lat="54.48329" lon="-3.21556">
        <ele>808.3147311471864</ele>
      </trkpt>
      <trkpt lat="54.48332" lon="-3.21544">
        <ele>804.4093200976863</ele>
      </trkpt>
      <trkpt lat="54.48336" lon="-3.21542">
        <ele>803.8720043967834</ele>
      </trkpt>
      <trkpt lat="54.48344" lon="-3.2152">
        <ele>794.8299222297446</ele>
      </trkpt>
      <trkpt lat="54.48343" lon="-3.21502">
        <ele>786.2888329645659</ele>
      </trkpt>
      <trkpt lat="54.48347" lon="-3.2149">
        <ele>779.369037043447</ele>
      </trkpt>
      <trkpt lat="54.48348" lon="-3.21475">
        <ele>771.8677363262753</ele>
      </trkpt>
      <trkpt lat="54.48351" lon="-3.21467">
        <ele>768.1497508484676</ele>
      </trkpt>
      <trkpt lat="54.48392" lon="-3.21441">
        <ele>753.8440666330523</ele>
      </trkpt>
      <trkpt lat="54.48403" lon="-3.21443">
        <ele>753.2166047383125</ele>
      </trkpt>
      <trkpt lat="54.48415" lon="-3.21441">
        <ele>751.1461579852712</ele>
      </trkpt>
      <trkpt lat="54.48419" lon="-3.21429">
        <ele>750.5838629603551</ele>
      </trkpt>
      <trkpt lat="54.4844" lon="-3.21394">
        <ele>760.2863784688525</ele>
      </trkpt>
      <trkpt lat="54.48446" lon="-3.21391">
        <ele>763.3298090301915</ele>
      </trkpt>
      <trkpt lat="54.48459" lon="-3.21357">
        <ele>772.8267616259548</ele>
      </trkpt>
      <trkpt lat="54.48463" lon="-3.21359">
        <ele>774.8361528004563</ele>
      </trkpt>
      <trkpt lat="54.48466" lon="-3.21357">
        <ele>776.4606986725868</ele>
      </trkpt>
      <trkpt lat="54.48474" lon="-3.21342">
        <ele>780.7435386507143</ele>
      </trkpt>
      <trkpt lat="54.48478" lon="-3.21339">
        <ele>782.6206565550175</ele>
      </trkpt>
      <trkpt lat="54.48491" lon="-3.21345">
        <ele>787.1951562329224</ele>
      </trkpt>
      <trkpt lat="54.48503" lon="-3.21341">
        <ele>789.8339744115087</ele>
      </trkpt>
      <trkpt lat="54.48514" lon="-3.21333">
        <ele>792.0116527169779</ele>
      </trkpt>
      <trkpt lat="54.48541" lon="-3.21335">
        <ele>794.6162101947398</ele>
      </trkpt>
      <trkpt lat="54.48561" lon="-3.21355">
        <ele>796.9058620700267</ele>
      </trkpt>
      <trkpt lat="54.48562" lon="-3.21361">
        <ele>797.4142773694186</ele>
      </trkpt>
      <trkpt lat="54.48565" lon="-3.21364">
        <ele>797.859048136767</ele>
      </trkpt>
      <trkpt lat="54.48569" lon="-3.21375">
        <ele>798.6283017294955</ele>
      </trkpt>
      <trkpt lat="54.48575" lon="-3.21376">
        <ele>798.615699931678</ele>
      </trkpt>
      <trkpt lat="54.48588" lon="-3.21369">
        <ele>796.6916491935754</ele>
      </trkpt>
      <trkpt lat="54.48618" lon="-3.2132">
        <ele>787.7725418527598</ele>
      </trkpt>
      <trkpt lat="54.48679" lon="-3.2131">
        <ele>773.1088549730422</ele>
      </trkpt>
      <trkpt lat="54.48765" lon="-3.21265">
        <ele>756.2900249243694</ele>
      </trkpt>
      <trkpt lat="54.48781" lon="-3.2126">
        <ele>753.3825857382832</ele>
      </trkpt>
      <trkpt lat="54.48832" lon="-3.21261">
        <ele>746.0141928392844</ele>
      </trkpt>
      <trkpt lat="54.48875" lon="-3.21257">
        <ele>740.3893152735665</ele>
      </trkpt>
      <trkpt lat="54.48892" lon="-3.21263">
        <ele>738.3295978028765</ele>
      </trkpt>
      <trkpt lat="54.48907" lon="-3.21262">
        <ele>736.621531315752</ele>
      </trkpt>
      <trkpt lat="54.4893" lon="-3.21249">
        <ele>732.5619169536303</ele>
      </trkpt>
      <trkpt lat="54.48937" lon="-3.21249">
        <ele>731.2594442880896</ele>
      </trkpt>
      <trkpt lat="54.48961" lon="-3.21258">
        <ele>725.8883864231982</ele>
      </trkpt>
      <trkpt lat="54.48972" lon="-3.21267">
        <ele>723.3339346999483</ele>
      </trkpt>
      <trkpt lat="54.48996" lon="-3.21299">
        <ele>712.8687047173505</ele>
      </trkpt>
      <trkpt lat="54.49023" lon="-3.21321">
        <ele>701.4205503991266</ele>
      </trkpt>
      <trkpt lat="54.4903" lon="-3.21325">
        <ele>698.9274997602374</ele>
      </trkpt>
      <trkpt lat="54.49043" lon="-3.21323">
        <ele>695.8309467891199</ele>
      </trkpt>
      <trkpt lat="54.4905" lon="-3.21324">
        <ele>693.8490553849772</ele>
      </trkpt>
      <trkpt lat="54.49062" lon="-3.21332">
        <ele>688.887922756571</ele>
      </trkpt>
      <trkpt lat="54.491" lon="-3.21346">
        <ele>677.0330867617441</ele>
      </trkpt>
      <trkpt lat="54.49157" lon="-3.21347">
        <ele>666.5029757011658</ele>
      </trkpt>
      <trkpt lat="54.49186" lon="-3.21336">
        <ele>663.5501153914194</ele>
      </trkpt>
      <trkpt lat="54.49215" lon="-3.21342">
        <ele>659.939885333813</ele>
      </trkpt>
      <trkpt lat="54.49225" lon="-3.21347">
        <ele>658.1851984783264</ele>
      </trkpt>
      <trkpt lat="54.49249" lon="-3.2137">
        <ele>653.3145632008286</ele>
      </trkpt>
      <trkpt lat="54.49264" lon="-3.21376">
        <ele>652.4236376429585</ele>
      </trkpt>
      <trkpt lat="54.49293" lon="-3.21368">
        <ele>652.362932769272</ele>
      </trkpt>
      <trkpt lat="54.49349" lon="-3.21367">
        <ele>657.4988629499513</ele>
      </trkpt>
      <trkpt lat="54.49376" lon="-3.21357">
        <ele>662.5136113310524</ele>
      </trkpt>
      <trkpt lat="54.49422" lon="-3.21368">
        <ele>670.4692750665979</ele>
      </trkpt>
      <trkpt lat="54.49437" lon="-3.21361">
        <ele>673.8306741662014</ele>
      </trkpt>
      <trkpt lat="54.49473" lon="-3.21371">
        <ele>680.8576188629212</ele>
      </trkpt>
      <trkpt lat="54.49504" lon="-3.21345">
        <ele>690.5148077229451</ele>
      </trkpt>
      <trkpt lat="54.49515" lon="-3.21364">
        <ele>692.371450327314</ele>
      </trkpt>
      <trkpt lat="54.4953" lon="-3.21371">
        <ele>696.4503456989853</ele>
      </trkpt>
      <trkpt lat="54.49556" lon="-3.21366">
        <ele>702.6708718255001</ele>
      </trkpt>
      <trkpt lat="54.49568" lon="-3.21371">
        <ele>706.1772348259094</ele>
      </trkpt>
      <trkpt lat="54.49581" lon="-3.2137">
        <ele>709.1435975816676</ele>
      </trkpt>
      <trkpt lat="54.49619" lon="-3.21379">
        <ele>712.7555508953251</ele>
      </trkpt>
      <trkpt lat="54.49632" lon="-3.21379">
        <ele>713.1547236510495</ele>
      </trkpt>
      <trkpt lat="54.4966" lon="-3.21372">
        <ele>714.1549399318892</ele>
      </trkpt>
      <trkpt lat="54.49705" lon="-3.21342">
        <ele>711.0005883200232</ele>
      </trkpt>
      <trkpt lat="54.49754" lon="-3.21304">
        <ele>708.6278621848923</ele>
      </trkpt>
      <trkpt lat="54.49811" lon="-3.2123">
        <ele>699.8915441937515</ele>
      </trkpt>
      <trkpt lat="54.49845" lon="-3.21191">
        <ele>693.8305667716182</ele>
      </trkpt>
      <trkpt lat="54.49866" lon="-3.21162">
        <ele>690.1168337008523</ele>
      </trkpt>
      <trkpt lat="54.49928" lon="-3.2111">
        <ele>683.0662124543315</ele>
      </trkpt>
      <trkpt lat="54.49962" lon="-3.21086">
        <ele>681.6482922375744</ele>
      </trkpt>
      <trkpt lat="54.49985" lon="-3.21068">
        <ele>680.8594855714797</ele>
      </trkpt>
      <trkpt lat="54.50061" lon="-3.20998">
        <ele>685.7478785050973</ele>
      </trkpt>
      <trkpt lat="54.50123" lon="-3.20942">
        <ele>687.0939276182462</ele>
      </trkpt>
      <trkpt lat="54.50203" lon="-3.20853">
        <ele>688.8415481795371</ele>
      </trkpt>
      <trkpt lat="54.5022" lon="-3.20841">
        <ele>689.5201662231148</ele>
      </trkpt>
      <trkpt lat="54.50234" lon="-3.20823">
        <ele>690.7437749136265</ele>
      </trkpt>
      <trkpt lat="54.50276" lon="-3.20752">
        <ele>692.870608627709</ele>
      </trkpt>
      <trkpt lat="54.50288" lon="-3.20772">
        <ele>693.1623233134541</ele>
      </trkpt>
      <trkpt lat="54.50317" lon="-3.20776">
        <ele>689.9350503619554</ele>
      </trkpt>
      <trkpt lat="54.5033" lon="-3.20746">
        <ele>684.1012802005514</ele>
      </trkpt>
      <trkpt lat="54.50412" lon="-3.20712">
        <ele>666.256131400521</ele>
      </trkpt>
      <trkpt lat="54.50455" lon="-3.20633">
        <ele>647.2226130714705</ele>
      </trkpt>
      <trkpt lat="54.505" lon="-3.20614">
        <ele>630.6448705925287</ele>
      </trkpt>
      <trkpt lat="54.50511" lon="-3.20613">
        <ele>627.04790633789</ele>
      </trkpt>
      <trkpt lat="54.50524" lon="-3.20615">
        <ele>622.9848380235796</ele>
      </trkpt>
      <trkpt lat="54.50573" lon="-3.20628">
        <ele>606.5872401603966</ele>
      </trkpt>
      <trkpt lat="54.50598" lon="-3.20618">
        <ele>593.6398763480505</ele>
      </trkpt>
      <trkpt lat="54.5061" lon="-3.20617">
        <ele>589.3004454509842</ele>
      </trkpt>
      <trkpt lat="54.5064" lon="-3.20592">
        <ele>573.8355896379705</ele>
      </trkpt>
      <trkpt lat="54.50642" lon="-3.20581">
        <ele>571.3715934812527</ele>
      </trkpt>
      <trkpt lat="54.50649" lon="-3.20575">
        <ele>567.8508913463185</ele>
      </trkpt>
      <trkpt lat="54.50653" lon="-3.20568">
        <ele>566.0441369928509</ele>
      </trkpt>
      <trkpt lat="54.50659" lon="-3.20562">
        <ele>563.5490011121436</ele>
      </trkpt>
      <trkpt lat="54.50669" lon="-3.20545">
        <ele>558.264591493726</ele>
      </trkpt>
      <trkpt lat="54.50679" lon="-3.20545">
        <ele>553.5418587454653</ele>
      </trkpt>
      <trkpt lat="54.50694" lon="-3.2053">
        <ele>546.5051990503778</ele>
      </trkpt>
      <trkpt lat="54.50712" lon="-3.20521">
        <ele>543.1704971662241</ele>
      </trkpt>
      <trkpt lat="54.5072" lon="-3.20514">
        <ele>542.2238074065189</ele>
      </trkpt>
      <trkpt lat="54.50736" lon="-3.2052">
        <ele>538.7716292811298</ele>
      </trkpt>
      <trkpt lat="54.50743" lon="-3.20536">
        <ele>535.9652135748518</ele>
      </trkpt>
      <trkpt lat="54.50766" lon="-3.20545">
        <ele>527.2020584602525</ele>
      </trkpt>
      <trkpt lat="54.5079" lon="-3.20542">
        <ele>520.3986200984838</ele>
      </trkpt>
      <trkpt lat="54.50801" lon="-3.20543">
        <ele>517.1466661333257</ele>
      </trkpt>
      <trkpt lat="54.50827" lon="-3.20499">
        <ele>507.03710467690763</ele>
      </trkpt>
      <trkpt lat="54.5084" lon="-3.20462">
        <ele>501.98032436418947</ele>
      </trkpt>
      <trkpt lat="54.50852" lon="-3.20444">
        <ele>496.7188598466077</ele>
      </trkpt>
      <trkpt lat="54.50862" lon="-3.20416">
        <ele>493.5370846429449</ele>
      </trkpt>
      <trkpt lat="54.50878" lon="-3.20403">
        <ele>484.7121896575297</ele>
      </trkpt>
      <trkpt lat="54.50889" lon="-3.20389">
        <ele>478.3960264984977</ele>
      </trkpt>
      <trkpt lat="54.50899" lon="-3.20391">
        <ele>475.1193190329125</ele>
      </trkpt>
      <trkpt lat="54.50906" lon="-3.20388">
        <ele>473.2104710661927</ele>
      </trkpt>
      <trkpt lat="54.50919" lon="-3.20361">
        <ele>466.58592901323635</ele>
      </trkpt>
      <trkpt lat="54.50941" lon="-3.20339">
        <ele>457.16463007267873</ele>
      </trkpt>
      <trkpt lat="54.50955" lon="-3.20313">
        <ele>449.8124942679862</ele>
      </trkpt>
      <trkpt lat="54.50975" lon="-3.20281">
        <ele>438.78861886007303</ele>
      </trkpt>
      <trkpt lat="54.50985" lon="-3.2026">
        <ele>431.27839260534404</ele>
      </trkpt>
      <trkpt lat="54.51008" lon="-3.20226">
        <ele>416.76328690726274</ele>
      </trkpt>
      <trkpt lat="54.51034" lon="-3.20211">
        <ele>405.27588951833485</ele>
      </trkpt>
      <trkpt lat="54.51055" lon="-3.20181">
        <ele>393.15760651870204</ele>
      </trkpt>
      <trkpt lat="54.5109" lon="-3.20145">
        <ele>377.98716184358136</ele>
      </trkpt>
      <trkpt lat="54.5111" lon="-3.20105">
        <ele>365.91485572336944</ele>
      </trkpt>
      <trkpt lat="54.51115" lon="-3.20094">
        <ele>363.5270022226348</ele>
      </trkpt>
      <trkpt lat="54.51116" lon="-3.201">
        <ele>363.7567160392115</ele>
      </trkpt>
      <trkpt lat="54.51119" lon="-3.20094">
        <ele>362.6427996019012</ele>
      </trkpt>
      <trkpt lat="54.51119" lon="-3.20062">
        <ele>360.57287133721894</ele>
      </trkpt>
      <trkpt lat="54.51122" lon="-3.20041">
        <ele>358.4532580184223</ele>
      </trkpt>
      <trkpt lat="54.51142" lon="-3.20019">
        <ele>355.83101233673926</ele>
      </trkpt>
      <trkpt lat="54.51145" lon="-3.20017">
        <ele>355.75095133861146</ele>
      </trkpt>
      <trkpt lat="54.51132" lon="-3.19976">
        <ele>355.95653096237953</ele>
      </trkpt>
      <trkpt lat="54.51135" lon="-3.19945">
        <ele>356.23949158454434</ele>
      </trkpt>
      <trkpt lat="54.51135" lon="-3.19918">
        <ele>356.37863123760224</ele>
      </trkpt>
      <trkpt lat="54.51135" lon="-3.1992">
        <ele>356.37552709118967</ele>
      </trkpt>
      <trkpt lat="54.51146" lon="-3.19918">
        <ele>356.49109127425777</ele>
      </trkpt>
      <trkpt lat="54.51148" lon="-3.19896">
        <ele>357.8367758852451</ele>
      </trkpt>
      <trkpt lat="54.51147" lon="-3.19878">
        <ele>358.97851895250426</ele>
      </trkpt>
      <trkpt lat="54.51152" lon="-3.19861">
        <ele>361.19552598901</ele>
      </trkpt>
      <trkpt lat="54.5116" lon="-3.19843">
        <ele>363.22188911232047</ele>
      </trkpt>
      <trkpt lat="54.51167" lon="-3.19839">
        <ele>364.5449410744058</ele>
      </trkpt>
      <trkpt lat="54.5117" lon="-3.1984">
        <ele>365.1247852170885</ele>
      </trkpt>
      <trkpt lat="54.5118" lon="-3.19845">
        <ele>367.4889591290006</ele>
      </trkpt>
      <trkpt lat="54.51205" lon="-3.19844">
        <ele>374.4430378459999</ele>
      </trkpt>
      <trkpt lat="54.51234" lon="-3.19856">
        <ele>385.00592221484885</ele>
      </trkpt>
      <trkpt lat="54.51243" lon="-3.19852">
        <ele>388.1790871088542</ele>
      </trkpt>
      <trkpt lat="54.51295" lon="-3.19863">
        <ele>404.6421876987787</ele>
      </trkpt>
      <trkpt lat="54.51297" lon="-3.1986">
        <ele>405.2064882527455</ele>
      </trkpt>
      <trkpt lat="54.51301" lon="-3.19855">
        <ele>406.40984010393095</ele>
      </trkpt>
      <trkpt lat="54.51339" lon="-3.19836">
        <ele>416.4767824890041</ele>
      </trkpt>
      <trkpt lat="54.51351" lon="-3.19837">
        <ele>419.44080548928156</ele>
      </trkpt>
      <trkpt lat="54.51364" lon="-3.19833">
        <ele>423.38546050736653</ele>
      </trkpt>
      <trkpt lat="54.51376" lon="-3.19824">
        <ele>426.4397958903594</ele>
      </trkpt>
      <trkpt lat="54.51415" lon="-3.19811">
        <ele>432.968241027109</ele>
      </trkpt>
      <trkpt lat="54.51445" lon="-3.19791">
        <ele>441.2405371900301</ele>
      </trkpt>
      <trkpt lat="54.51469" lon="-3.19794">
        <ele>450.7027327635669</ele>
      </trkpt>
      <trkpt lat="54.51493" lon="-3.19784">
        <ele>458.8901344289792</ele>
      </trkpt>
      <trkpt lat="54.51508" lon="-3.19774">
        <ele>463.1822358825309</ele>
      </trkpt>
      <trkpt lat="54.51523" lon="-3.1978">
        <ele>468.03725696873687</ele>
      </trkpt>
      <trkpt lat="54.51534" lon="-3.19793">
        <ele>472.4555524180562</ele>
      </trkpt>
      <trkpt lat="54.51548" lon="-3.19786">
        <ele>476.0180998069443</ele>
      </trkpt>
      <trkpt lat="54.51553" lon="-3.19788">
        <ele>477.6099749946383</ele>
      </trkpt>
      <trkpt lat="54.51571" lon="-3.19785">
        <ele>483.43747684244727</ele>
      </trkpt>
      <trkpt lat="54.51578" lon="-3.19794">
        <ele>486.7134726708034</ele>
      </trkpt>
      <trkpt lat="54.51584" lon="-3.19795">
        <ele>488.769132323334</ele>
      </trkpt>
      <trkpt lat="54.5159" lon="-3.19802">
        <ele>491.18266744019934</ele>
      </trkpt>
      <trkpt lat="54.51595" lon="-3.19801">
        <ele>492.4912216033686</ele>
      </trkpt>
      <trkpt lat="54.516" lon="-3.19809">
        <ele>494.4105624286959</ele>
      </trkpt>
      <trkpt lat="54.51607" lon="-3.19811">
        <ele>497.2119505817481</ele>
      </trkpt>
      <trkpt lat="54.51616" lon="-3.19808">
        <ele>500.0148520333072</ele>
      </trkpt>
      <trkpt lat="54.51636" lon="-3.19811">
        <ele>506.08408299443454</ele>
      </trkpt>
      <trkpt lat="54.51639" lon="-3.19807">
        <ele>506.7478879685875</ele>
      </trkpt>
      <trkpt lat="54.51647" lon="-3.19808">
        <ele>509.2867658109029</ele>
      </trkpt>
      <trkpt lat="54.51653" lon="-3.19799">
        <ele>511.06167895131887</ele>
      </trkpt>
      <trkpt lat="54.51658" lon="-3.198">
        <ele>512.9531098805836</ele>
      </trkpt>
      <trkpt lat="54.51661" lon="-3.19796">
        <ele>513.9741028450011</ele>
      </trkpt>
      <trkpt lat="54.51663" lon="-3.19799">
        <ele>514.9963593215093</ele>
      </trkpt>
      <trkpt lat="54.51676" lon="-3.19794">
        <ele>520.607880011019</ele>
      </trkpt>
      <trkpt lat="54.51681" lon="-3.19796">
        <ele>522.9080134712948</ele>
      </trkpt>
      <trkpt lat="54.51689" lon="-3.19794">
        <ele>526.4267650320801</ele>
      </trkpt>
      <trkpt lat="54.51694" lon="-3.19799">
        <ele>528.6916578195297</ele>
      </trkpt>
      <trkpt lat="54.51698" lon="-3.19799">
        <ele>530.2906461902012</ele>
      </trkpt>
      <trkpt lat="54.51704" lon="-3.1979">
        <ele>532.3600396189388</ele>
      </trkpt>
      <trkpt lat="54.51735" lon="-3.19792">
        <ele>541.0826145464907</ele>
      </trkpt>
      <trkpt lat="54.51746" lon="-3.19785">
        <ele>542.8976436023314</ele>
      </trkpt>
      <trkpt lat="54.51762" lon="-3.19783">
        <ele>545.8866924506133</ele>
      </trkpt>
      <trkpt lat="54.5177" lon="-3.19786">
        <ele>548.0791104851227</ele>
      </trkpt>
      <trkpt lat="54.51773" lon="-3.19788">
        <ele>549.0288102232329</ele>
      </trkpt>
      <trkpt lat="54.5178" lon="-3.19782">
        <ele>551.3232999150574</ele>
      </trkpt>
      <trkpt lat="54.51821" lon="-3.19771">
        <ele>562.3063244591484</ele>
      </trkpt>
      <trkpt lat="54.51831" lon="-3.19773">
        <ele>565.2690431978946</ele>
      </trkpt>
      <trkpt lat="54.51838" lon="-3.1978">
        <ele>567.5503592614848</ele>
      </trkpt>
      <trkpt lat="54.5185" lon="-3.19801">
        <ele>569.8599326863113</ele>
      </trkpt>
      <trkpt lat="54.51861" lon="-3.19813">
        <ele>571.824462891874</ele>
      </trkpt>
      <trkpt lat="54.51889" lon="-3.19801">
        <ele>578.4496457573521</ele>
      </trkpt>
      <trkpt lat="54.51902" lon="-3.19789">
        <ele>581.3849013766459</ele>
      </trkpt>
      <trkpt lat="54.51912" lon="-3.19785">
        <ele>583.9279283507426</ele>
      </trkpt>
      <trkpt lat="54.51923" lon="-3.19796">
        <ele>588.7737844807366</ele>
      </trkpt>
      <trkpt lat="54.51934" lon="-3.19792">
        <ele>592.1495289049719</ele>
      </trkpt>
      <trkpt lat="54.51944" lon="-3.19797">
        <ele>595.291543614403</ele>
      </trkpt>
      <trkpt lat="54.5195" lon="-3.19804">
        <ele>597.3622930902877</ele>
      </trkpt>
      <trkpt lat="54.51975" lon="-3.19811">
        <ele>604.040471470742</ele>
      </trkpt>
      <trkpt lat="54.51986" lon="-3.19832">
        <ele>607.4136477654102</ele>
      </trkpt>
      <trkpt lat="54.52008" lon="-3.19853">
        <ele>613.3209776305423</ele>
      </trkpt>
      <trkpt lat="54.5204" lon="-3.19891">
        <ele>621.6358407491767</ele>
      </trkpt>
      <trkpt lat="54.52128" lon="-3.19986">
        <ele>633.9815124658913</ele>
      </trkpt>
      <trkpt lat="54.52153" lon="-3.19994">
        <ele>638.2222129301177</ele>
      </trkpt>
      <trkpt lat="54.52179" lon="-3.19982">
        <ele>643.5462408526896</ele>
      </trkpt>
      <trkpt lat="54.52185" lon="-3.19982">
        <ele>644.9079742233682</ele>
      </trkpt>
      <trkpt lat="54.52211" lon="-3.19993">
        <ele>648.4126767713184</ele>
      </trkpt>
      <trkpt lat="54.52243" lon="-3.19992">
        <ele>655.6562775806588</ele>
      </trkpt>
      <trkpt lat="54.52277" lon="-3.19998">
        <ele>663.9685386367054</ele>
      </trkpt>
      <trkpt lat="54.5231" lon="-3.20008">
        <ele>667.2003230430487</ele>
      </trkpt>
      <trkpt lat="54.52321" lon="-3.20004">
        <ele>669.0696021240361</ele>
      </trkpt>
      <trkpt lat="54.52333" lon="-3.20012">
        <ele>670.693379743451</ele>
      </trkpt>
      <trkpt lat="54.52361" lon="-3.20015">
        <ele>675.7981833676806</ele>
      </trkpt>
      <trkpt lat="54.52376" lon="-3.20029">
        <ele>677.7483444241963</ele>
      </trkpt>
      <trkpt lat="54.52389" lon="-3.20035">
        <ele>679.8804603642651</ele>
      </trkpt>
      <trkpt lat="54.52411" lon="-3.20032">
        <ele>684.0299996310408</ele>
      </trkpt>
      <trkpt lat="54.52425" lon="-3.20044">
        <ele>685.7497479820248</ele>
      </trkpt>
      <trkpt lat="54.52433" lon="-3.20044">
        <ele>686.5937836459526</ele>
      </trkpt>
      <trkpt lat="54.52456" lon="-3.20054">
        <ele>692.4556071935617</ele>
      </trkpt>
      <trkpt lat="54.52465" lon="-3.20064">
        <ele>695.5251094372937</ele>
      </trkpt>
      <trkpt lat="54.5248" lon="-3.2007">
        <ele>701.0616635731412</ele>
      </trkpt>
      <trkpt lat="54.52491" lon="-3.2007">
        <ele>704.1338508937278</ele>
      </trkpt>
      <trkpt lat="54.52496" lon="-3.20073">
        <ele>705.3700155225998</ele>
      </trkpt>
      <trkpt lat="54.52503" lon="-3.2007">
        <ele>706.743968974642</ele>
      </trkpt>
      <trkpt lat="54.52509" lon="-3.20076">
        <ele>708.1495197387055</ele>
      </trkpt>
      <trkpt lat="54.52512" lon="-3.20074">
        <ele>708.4822084642815</ele>
      </trkpt>
      <trkpt lat="54.52531" lon="-3.20088">
        <ele>711.9857921113557</ele>
      </trkpt>
      <trkpt lat="54.52544" lon="-3.20095">
        <ele>715.05179326864</ele>
      </trkpt>
      <trkpt lat="54.52601" lon="-3.20118">
        <ele>728.291268036766</ele>
      </trkpt>
      <trkpt lat="54.52638" lon="-3.20142">
        <ele>738.1372461738862</ele>
      </trkpt>
      <trkpt lat="54.52643" lon="-3.20148">
        <ele>739.5212335134881</ele>
      </trkpt>
      <trkpt lat="54.52692" lon="-3.20183">
        <ele>749.1907793449674</ele>
      </trkpt>
      <trkpt lat="54.52702" lon="-3.20183">
        <ele>751.0510162685605</ele>
      </trkpt>
      <trkpt lat="54.52709" lon="-3.20195">
        <ele>752.1013028145353</ele>
      </trkpt>
      <trkpt lat="54.52722" lon="-3.20199">
        <ele>752.895501267652</ele>
      </trkpt>
      <trkpt lat="54.52725" lon="-3.20225">
        <ele>753.3130324464846</ele>
      </trkpt>
      <trkpt lat="54.52725" lon="-3.203">
        <ele>750.5969099074711</ele>
      </trkpt>
      <trkpt lat="54.5273" lon="-3.20346">
        <ele>747.6512379172767</ele>
      </trkpt>
      <trkpt lat="54.52751" lon="-3.20483">
        <ele>742.1487971752647</ele>
      </trkpt>
      <trkpt lat="54.52749" lon="-3.20493">
        <ele>741.239967121502</ele>
      </trkpt>
      <trkpt lat="54.5275" lon="-3.20499">
        <ele>740.6700783717363</ele>
      </trkpt>
      <trkpt lat="54.52755" lon="-3.20509">
        <ele>740.4517237774411</ele>
      </trkpt>
      <trkpt lat="54.5276" lon="-3.20558">
        <ele>732.835199902576</ele>
      </trkpt>
      <trkpt lat="54.52754" lon="-3.20576">
        <ele>732.122144748163</ele>
      </trkpt>
      <trkpt lat="54.52758" lon="-3.20618">
        <ele>732.0841570071875</ele>
      </trkpt>
      <trkpt lat="54.52776" lon="-3.20666">
        <ele>733.8215199644659</ele>
      </trkpt>
      <trkpt lat="54.52778" lon="-3.2069">
        <ele>731.6443066457709</ele>
      </trkpt>
      <trkpt lat="54.52783" lon="-3.20695">
        <ele>731.797901797136</ele>
      </trkpt>
      <trkpt lat="54.52803" lon="-3.20737">
        <ele>723.9281086878608</ele>
      </trkpt>
      <trkpt lat="54.52818" lon="-3.2076">
        <ele>719.7241617736349</ele>
      </trkpt>
      <trkpt lat="54.52823" lon="-3.20783">
        <ele>716.8371790732963</ele>
      </trkpt>
      <trkpt lat="54.52831" lon="-3.20807">
        <ele>715.1622307862315</ele>
      </trkpt>
      <trkpt lat="54.52864" lon="-3.20854">
        <ele>709.0338081607786</ele>
      </trkpt>
      <trkpt lat="54.52878" lon="-3.20867">
        <ele>708.8274020099506</ele>
      </trkpt>
      <trkpt lat="54.52885" lon="-3.20882">
        <ele>705.9062978042973</ele>
      </trkpt>
      <trkpt lat="54.52896" lon="-3.20896">
        <ele>704.5269009724718</ele>
      </trkpt>
      <trkpt lat="54.52922" lon="-3.20965">
        <ele>695.1028351328323</ele>
      </trkpt>
      <trkpt lat="54.52924" lon="-3.20985">
        <ele>693.0457356863722</ele>
      </trkpt>
      <trkpt lat="54.52938" lon="-3.2105">
        <ele>685.3959971085837</ele>
      </trkpt>
      <trkpt lat="54.52947" lon="-3.21084">
        <ele>680.0808998620168</ele>
      </trkpt>
      <trkpt lat="54.52951" lon="-3.21111">
        <ele>675.1480258822606</ele>
      </trkpt>
      <trkpt lat="54.52967" lon="-3.21183">
        <ele>666.7307400751189</ele>
      </trkpt>
      <trkpt lat="54.5299" lon="-3.21251">
        <ele>663.4718224683673</ele>
      </trkpt>
      <trkpt lat="54.53008" lon="-3.21294">
        <ele>660.7700498201632</ele>
      </trkpt>
      <trkpt lat="54.53033" lon="-3.21365">
        <ele>657.3677417589914</ele>
      </trkpt>
      <trkpt lat="54.53081" lon="-3.21461">
        <ele>657.4915485473474</ele>
      </trkpt>
      <trkpt lat="54.53082" lon="-3.21463">
        <ele>657.5268574628035</ele>
      </trkpt>
      <trkpt lat="54.53096" lon="-3.21461">
        <ele>656.6469819850006</ele>
      </trkpt>
      <trkpt lat="54.53124" lon="-3.21481">
        <ele>657.8615411779916</ele>
      </trkpt>
      <trkpt lat="54.53185" lon="-3.21496">
        <ele>663.5503010545649</ele>
      </trkpt>
      <trkpt lat="54.53195" lon="-3.21492">
        <ele>664.0521601113824</ele>
      </trkpt>
      <trkpt lat="54.53208" lon="-3.21496">
        <ele>666.4847655497799</ele>
      </trkpt>
      <trkpt lat="54.53236" lon="-3.2151">
        <ele>671.3399680861473</ele>
      </trkpt>
      <trkpt lat="54.53263" lon="-3.21507">
        <ele>672.8645475362162</ele>
      </trkpt>
      <trkpt lat="54.53295" lon="-3.21503">
        <ele>676.5831036492268</ele>
      </trkpt>
      <trkpt lat="54.53321" lon="-3.21488">
        <ele>677.6268997299651</ele>
      </trkpt>
      <trkpt lat="54.53328" lon="-3.21489">
        <ele>678.4741030366283</ele>
      </trkpt>
      <trkpt lat="54.5336" lon="-3.2148">
        <ele>682.5022168421997</ele>
      </trkpt>
      <trkpt lat="54.53393" lon="-3.21457">
        <ele>685.9552254005548</ele>
      </trkpt>
      <trkpt lat="54.53399" lon="-3.21459">
        <ele>687.4719994517995</ele>
      </trkpt>
      <trkpt lat="54.53424" lon="-3.2145">
        <ele>690.0835672169576</ele>
      </trkpt>
      <trkpt lat="54.53436" lon="-3.21455">
        <ele>692.8313866903534</ele>
      </trkpt>
      <trkpt lat="54.53477" lon="-3.21437">
        <ele>695.5872715681503</ele>
      </trkpt>
      <trkpt lat="54.53503" lon="-3.21445">
        <ele>697.8783884675913</ele>
      </trkpt>
      <trkpt lat="54.53507" lon="-3.21451">
        <ele>698.1129193034561</ele>
      </trkpt>
      <trkpt lat="54.5351" lon="-3.2146">
        <ele>698.3983822198236</ele>
      </trkpt>
      <trkpt lat="54.53522" lon="-3.21458">
        <ele>698.3920856577902</ele>
      </trkpt>
      <trkpt lat="54.53585" lon="-3.21427">
        <ele>708.6855361313972</ele>
      </trkpt>
      <trkpt lat="54.53638" lon="-3.2139">
        <ele>712.7502784974403</ele>
      </trkpt>
      <trkpt lat="54.53682" lon="-3.21375">
        <ele>715.822868806343</ele>
      </trkpt>
      <trkpt lat="54.5374" lon="-3.21367">
        <ele>721.5700868495572</ele>
      </trkpt>
      <trkpt lat="54.5378" lon="-3.21367">
        <ele>725.9970993172614</ele>
      </trkpt>
      <trkpt lat="54.53727" lon="-3.21412">
        <ele>718.4988350473437</ele>
      </trkpt>
      <trkpt lat="54.53701" lon="-3.21447">
        <ele>709.1792432793</ele>
      </trkpt>
      <trkpt lat="54.53665" lon="-3.21481">
        <ele>702.3575805803699</ele>
      </trkpt>
      <trkpt lat="54.5364" lon="-3.21511">
        <ele>697.7432011902038</ele>
      </trkpt>
      <trkpt lat="54.5363" lon="-3.21536">
        <ele>692.5031416575378</ele>
      </trkpt>
      <trkpt lat="54.53601" lon="-3.21593">
        <ele>679.6446307704718</ele>
      </trkpt>
      <trkpt lat="54.53591" lon="-3.21599">
        <ele>678.4222040625848</ele>
      </trkpt>
      <trkpt lat="54.53579" lon="-3.21616">
        <ele>674.9226658582148</ele>
      </trkpt>
      <trkpt lat="54.53568" lon="-3.21642">
        <ele>669.982832628343</ele>
      </trkpt>
      <trkpt lat="54.5355" lon="-3.21663">
        <ele>666.3200931051974</ele>
      </trkpt>
      <trkpt lat="54.53552" lon="-3.21667">
        <ele>665.213211851531</ele>
      </trkpt>
      <trkpt lat="54.53551" lon="-3.21677">
        <ele>662.7364483809566</ele>
      </trkpt>
      <trkpt lat="54.53532" lon="-3.21705">
        <ele>657.6441010841457</ele>
      </trkpt>
      <trkpt lat="54.53509" lon="-3.21764">
        <ele>647.8036381368304</ele>
      </trkpt>
      <trkpt lat="54.53499" lon="-3.21796">
        <ele>642.5561254012919</ele>
      </trkpt>
      <trkpt lat="54.53494" lon="-3.21803">
        <ele>641.894575031529</ele>
      </trkpt>
      <trkpt lat="54.53494" lon="-3.21812">
        <ele>639.8071146541869</ele>
      </trkpt>
      <trkpt lat="54.53474" lon="-3.21856">
        <ele>632.5838242391487</ele>
      </trkpt>
      <trkpt lat="54.53472" lon="-3.21866">
        <ele>630.6048217463119</ele>
      </trkpt>
      <trkpt lat="54.53467" lon="-3.21874">
        <ele>629.6771007640863</ele>
      </trkpt>
      <trkpt lat="54.53461" lon="-3.21888">
        <ele>627.5637113781029</ele>
      </trkpt>
      <trkpt lat="54.53458" lon="-3.21906">
        <ele>623.7361820793832</ele>
      </trkpt>
      <trkpt lat="54.53453" lon="-3.21915">
        <ele>622.5545133203107</ele>
      </trkpt>
      <trkpt lat="54.53446" lon="-3.21946">
        <ele>616.1928430348341</ele>
      </trkpt>
      <trkpt lat="54.5344" lon="-3.2195">
        <ele>616.7538067273597</ele>
      </trkpt>
      <trkpt lat="54.53434" lon="-3.21972">
        <ele>613.3064850288373</ele>
      </trkpt>
      <trkpt lat="54.53429" lon="-3.21997">
        <ele>610.0469838931397</ele>
      </trkpt>
      <trkpt lat="54.53416" lon="-3.22034">
        <ele>607.6736302513352</ele>
      </trkpt>
      <trkpt lat="54.53407" lon="-3.22124">
        <ele>602.0000361941593</ele>
      </trkpt>
      <trkpt lat="54.53406" lon="-3.22148">
        <ele>600.9113777104382</ele>
      </trkpt>
      <trkpt lat="54.53408" lon="-3.2218">
        <ele>599.0043406940888</ele>
      </trkpt>
      <trkpt lat="54.53414" lon="-3.222">
        <ele>596.3119142082658</ele>
      </trkpt>
      <trkpt lat="54.53413" lon="-3.22226">
        <ele>595.4503258281817</ele>
      </trkpt>
      <trkpt lat="54.53418" lon="-3.2225">
        <ele>593.6639884242761</ele>
      </trkpt>
      <trkpt lat="54.53419" lon="-3.22284">
        <ele>592.4542033889819</ele>
      </trkpt>
      <trkpt lat="54.5341" lon="-3.22372">
        <ele>587.0396186684851</ele>
      </trkpt>
      <trkpt lat="54.53412" lon="-3.22406">
        <ele>583.5929860186872</ele>
      </trkpt>
      <trkpt lat="54.53406" lon="-3.22476">
        <ele>580.5621542515291</ele>
      </trkpt>
      <trkpt lat="54.5341" lon="-3.22487">
        <ele>579.5358188195011</ele>
      </trkpt>
      <trkpt lat="54.53412" lon="-3.22513">
        <ele>578.5342680960164</ele>
      </trkpt>
      <trkpt lat="54.53422" lon="-3.22567">
        <ele>574.7131740079207</ele>
      </trkpt>
      <trkpt lat="54.53445" lon="-3.22644">
        <ele>571.7563330964279</ele>
      </trkpt>
      <trkpt lat="54.53452" lon="-3.2267">
        <ele>572.6480345430363</ele>
      </trkpt>
      <trkpt lat="54.53536" lon="-3.2288">
        <ele>589.2163384779608</ele>
      </trkpt>
      <trkpt lat="54.53591" lon="-3.22963">
        <ele>608.3509118143412</ele>
      </trkpt>
      <trkpt lat="54.53635" lon="-3.23023">
        <ele>624.8461538186211</ele>
      </trkpt>
      <trkpt lat="54.5367" lon="-3.23079">
        <ele>642.5736314420302</ele>
      </trkpt>
      <trkpt lat="54.53731" lon="-3.23158">
        <ele>668.2760633744302</ele>
      </trkpt>
      <trkpt lat="54.5375" lon="-3.23192">
        <ele>676.3319118643851</ele>
      </trkpt>
      <trkpt lat="54.53759" lon="-3.23224">
        <ele>682.3615467312242</ele>
      </trkpt>
      <trkpt lat="54.53778" lon="-3.2324">
        <ele>686.1293832491934</ele>
      </trkpt>
      <trkpt lat="54.53797" lon="-3.23252">
        <ele>689.1659172918917</ele>
      </trkpt>
      <trkpt lat="54.53813" lon="-3.23278">
        <ele>693.964063829233</ele>
      </trkpt>
      <trkpt lat="54.5385" lon="-3.23302">
        <ele>700.3357615270473</ele>
      </trkpt>
      <trkpt lat="54.53857" lon="-3.23317">
        <ele>703.1362638484976</ele>
      </trkpt>
      <trkpt lat="54.53889" lon="-3.23331">
        <ele>708.7390751145801</ele>
      </trkpt>
      <trkpt lat="54.53907" lon="-3.23331">
        <ele>711.1454006186839</ele>
      </trkpt>
      <trkpt lat="54.5392" lon="-3.2334">
        <ele>713.6176128766749</ele>
      </trkpt>
      <trkpt lat="54.53972" lon="-3.23391">
        <ele>719.8171615878256</ele>
      </trkpt>
      <trkpt lat="54.53985" lon="-3.234">
        <ele>721.1262428339992</ele>
      </trkpt>
      <trkpt lat="54.53993" lon="-3.23416">
        <ele>722.4267629469509</ele>
      </trkpt>
      <trkpt lat="54.54022" lon="-3.2345">
        <ele>726.5975294805008</ele>
      </trkpt>
      <trkpt lat="54.54055" lon="-3.23495">
        <ele>731.350271281754</ele>
      </trkpt>
      <trkpt lat="54.54079" lon="-3.23517">
        <ele>736.5607144743394</ele>
      </trkpt>
      <trkpt lat="54.54085" lon="-3.23506">
        <ele>736.2043750572298</ele>
      </trkpt>
      <trkpt lat="54.54159" lon="-3.23256">
        <ele>731.0900707215166</ele>
      </trkpt>
      <trkpt lat="54.54163" lon="-3.23247">
        <ele>731.0408649723985</ele>
      </trkpt>
      <trkpt lat="54.54181" lon="-3.23237">
        <ele>731.1371922570399</ele>
      </trkpt>
      <trkpt lat="54.54184" lon="-3.23233">
        <ele>730.9986787893681</ele>
      </trkpt>
      <trkpt lat="54.54206" lon="-3.23206">
        <ele>729.0039013115072</ele>
      </trkpt>
      <trkpt lat="54.5423" lon="-3.23167">
        <ele>724.8096528664595</ele>
      </trkpt>
      <trkpt lat="54.54279" lon="-3.23101">
        <ele>716.4812170348175</ele>
      </trkpt>
      <trkpt lat="54.54305" lon="-3.23085">
        <ele>716.0587593365326</ele>
      </trkpt>
      <trkpt lat="54.54318" lon="-3.23074">
        <ele>715.9829267866323</ele>
      </trkpt>
      <trkpt lat="54.54333" lon="-3.23066">
        <ele>714.9424498532885</ele>
      </trkpt>
      <trkpt lat="54.54376" lon="-3.23021">
        <ele>707.3273732164166</ele>
      </trkpt>
      <trkpt lat="54.54434" lon="-3.22926">
        <ele>697.3979618912382</ele>
      </trkpt>
      <trkpt lat="54.54458" lon="-3.22878">
        <ele>693.7015739104226</ele>
      </trkpt>
      <trkpt lat="54.54472" lon="-3.22864">
        <ele>693.7313064510363</ele>
      </trkpt>
      <trkpt lat="54.54491" lon="-3.22822">
        <ele>691.0631731263016</ele>
      </trkpt>
      <trkpt lat="54.54501" lon="-3.22788">
        <ele>683.8309995895709</ele>
      </trkpt>
      <trkpt lat="54.54523" lon="-3.22757">
        <ele>677.7005276331734</ele>
      </trkpt>
      <trkpt lat="54.54529" lon="-3.22705">
        <ele>664.8623965465611</ele>
      </trkpt>
      <trkpt lat="54.54528" lon="-3.22692">
        <ele>661.3745429675494</ele>
      </trkpt>
      <trkpt lat="54.54535" lon="-3.22675">
        <ele>656.9438229259965</ele>
      </trkpt>
      <trkpt lat="54.54531" lon="-3.22647">
        <ele>648.5087098250748</ele>
      </trkpt>
      <trkpt lat="54.54536" lon="-3.22619">
        <ele>639.8286989802031</ele>
      </trkpt>
      <trkpt lat="54.54546" lon="-3.22592">
        <ele>630.583805578943</ele>
      </trkpt>
      <trkpt lat="54.54557" lon="-3.2258">
        <ele>626.7858108894537</ele>
      </trkpt>
      <trkpt lat="54.54571" lon="-3.22544">
        <ele>618.1639915847948</ele>
      </trkpt>
      <trkpt lat="54.54576" lon="-3.22538">
        <ele>617.4517179540787</ele>
      </trkpt>
      <trkpt lat="54.54587" lon="-3.22507">
        <ele>613.0396731453206</ele>
      </trkpt>
      <trkpt lat="54.54593" lon="-3.22486">
        <ele>609.9722077130874</ele>
      </trkpt>
      <trkpt lat="54.54602" lon="-3.22464">
        <ele>606.8748036009299</ele>
      </trkpt>
      <trkpt lat="54.54616" lon="-3.22408">
        <ele>597.8611282180931</ele>
      </trkpt>
      <trkpt lat="54.54616" lon="-3.22396">
        <ele>595.3639030868341</ele>
      </trkpt>
      <trkpt lat="54.54619" lon="-3.22384">
        <ele>593.4908431353272</ele>
      </trkpt>
      <trkpt lat="54.5463" lon="-3.22358">
        <ele>588.7416251744926</ele>
      </trkpt>
      <trkpt lat="54.54646" lon="-3.22329">
        <ele>583.4302373325709</ele>
      </trkpt>
      <trkpt lat="54.54651" lon="-3.22313">
        <ele>579.0956164192816</ele>
      </trkpt>
      <trkpt lat="54.5465" lon="-3.22293">
        <ele>571.5022755244064</ele>
      </trkpt>
      <trkpt lat="54.54648" lon="-3.22285">
        <ele>568.3575313070955</ele>
      </trkpt>
      <trkpt lat="54.5465" lon="-3.22276">
        <ele>565.1643763151669</ele>
      </trkpt>
      <trkpt lat="54.54666" lon="-3.22267">
        <ele>562.4344456844235</ele>
      </trkpt>
      <trkpt lat="54.54682" lon="-3.22263">
        <ele>561.1679578762136</ele>
      </trkpt>
      <trkpt lat="54.54687" lon="-3.22243">
        <ele>558.7325780357529</ele>
      </trkpt>
      <trkpt lat="54.54685" lon="-3.22207">
        <ele>552.7731778074112</ele>
      </trkpt>
      <trkpt lat="54.54683" lon="-3.222">
        <ele>551.1625080461114</ele>
      </trkpt>
      <trkpt lat="54.54684" lon="-3.22182">
        <ele>548.3333245851087</ele>
      </trkpt>
      <trkpt lat="54.54695" lon="-3.22162">
        <ele>546.2459882969074</ele>
      </trkpt>
      <trkpt lat="54.54699" lon="-3.22138">
        <ele>541.3221864411069</ele>
      </trkpt>
      <trkpt lat="54.54708" lon="-3.22122">
        <ele>537.7493230808172</ele>
      </trkpt>
      <trkpt lat="54.54715" lon="-3.2212">
        <ele>536.0690945112627</ele>
      </trkpt>
      <trkpt lat="54.54716" lon="-3.22111">
        <ele>533.9481741825921</ele>
      </trkpt>
      <trkpt lat="54.54729" lon="-3.22106">
        <ele>530.9639306581835</ele>
      </trkpt>
      <trkpt lat="54.54744" lon="-3.22078">
        <ele>526.0993959856269</ele>
      </trkpt>
      <trkpt lat="54.54749" lon="-3.22075">
        <ele>524.3247374301093</ele>
      </trkpt>
      <trkpt lat="54.54748" lon="-3.22071">
        <ele>524.22786042672</ele>
      </trkpt>
      <trkpt lat="54.54753" lon="-3.22065">
        <ele>522.5652064980527</ele>
      </trkpt>
      <trkpt lat="54.54753" lon="-3.22054">
        <ele>521.9939962286539</ele>
      </trkpt>
      <trkpt lat="54.54756" lon="-3.2205">
        <ele>521.2868612084264</ele>
      </trkpt>
      <trkpt lat="54.54768" lon="-3.22011">
        <ele>517.0757546563386</ele>
      </trkpt>
      <trkpt lat="54.5477" lon="-3.21999">
        <ele>514.536128124562</ele>
      </trkpt>
      <trkpt lat="54.54777" lon="-3.21988">
        <ele>511.63790664513454</ele>
      </trkpt>
      <trkpt lat="54.54786" lon="-3.21989">
        <ele>509.2675202246056</ele>
      </trkpt>
      <trkpt lat="54.54794" lon="-3.21981">
        <ele>506.01528944115034</ele>
      </trkpt>
      <trkpt lat="54.5481" lon="-3.2198">
        <ele>502.4982713712107</ele>
      </trkpt>
      <trkpt lat="54.54812" lon="-3.21974">
        <ele>501.04823633925776</ele>
      </trkpt>
      <trkpt lat="54.54817" lon="-3.2198">
        <ele>500.45665708741916</ele>
      </trkpt>
      <trkpt lat="54.54823" lon="-3.21981">
        <ele>497.80572454793986</ele>
      </trkpt>
      <trkpt lat="54.54823" lon="-3.21977">
        <ele>497.231912834261</ele>
      </trkpt>
      <trkpt lat="54.5483" lon="-3.2197">
        <ele>491.81520086308876</ele>
      </trkpt>
      <trkpt lat="54.54846" lon="-3.21978">
        <ele>479.0417201194245</ele>
      </trkpt>
      <trkpt lat="54.54849" lon="-3.21974">
        <ele>476.1487570852808</ele>
      </trkpt>
      <trkpt lat="54.54858" lon="-3.21975">
        <ele>472.98267414769305</ele>
      </trkpt>
      <trkpt lat="54.54866" lon="-3.21963">
        <ele>468.1809342940187</ele>
      </trkpt>
      <trkpt lat="54.54871" lon="-3.21968">
        <ele>468.8580103476403</ele>
      </trkpt>
      <trkpt lat="54.54875" lon="-3.21963">
        <ele>465.86616205543754</ele>
      </trkpt>
      <trkpt lat="54.54876" lon="-3.21955">
        <ele>462.70809200223715</ele>
      </trkpt>
      <trkpt lat="54.54887" lon="-3.21955">
        <ele>455.983055802172</ele>
      </trkpt>
      <trkpt lat="54.54893" lon="-3.21943">
        <ele>451.21439194231993</ele>
      </trkpt>
      <trkpt lat="54.54899" lon="-3.21939">
        <ele>449.3677253899612</ele>
      </trkpt>
      <trkpt lat="54.54914" lon="-3.21924">
        <ele>447.47012645677444</ele>
      </trkpt>
      <trkpt lat="54.54917" lon="-3.21914">
        <ele>445.1605141589547</ele>
      </trkpt>
      <trkpt lat="54.54924" lon="-3.2191">
        <ele>442.64271459860026</ele>
      </trkpt>
      <trkpt lat="54.54924" lon="-3.21904">
        <ele>439.96497600165856</ele>
      </trkpt>
      <trkpt lat="54.54931" lon="-3.21895">
        <ele>434.3069627058233</ele>
      </trkpt>
      <trkpt lat="54.54938" lon="-3.21894">
        <ele>432.0617762868578</ele>
      </trkpt>
      <trkpt lat="54.54946" lon="-3.21883">
        <ele>425.50585691491153</ele>
      </trkpt>
      <trkpt lat="54.54954" lon="-3.21878">
        <ele>425.9447786154573</ele>
      </trkpt>
      <trkpt lat="54.54956" lon="-3.21865">
        <ele>420.08897266997724</ele>
      </trkpt>
      <trkpt lat="54.54963" lon="-3.21866">
        <ele>422.527179282465</ele>
      </trkpt>
      <trkpt lat="54.54978" lon="-3.21847">
        <ele>415.34507973454276</ele>
      </trkpt>
      <trkpt lat="54.54982" lon="-3.21837">
        <ele>411.86433367694883</ele>
      </trkpt>
      <trkpt lat="54.54983" lon="-3.21822">
        <ele>406.0084987873522</ele>
      </trkpt>
      <trkpt lat="54.5498" lon="-3.21806">
        <ele>398.74355804475675</ele>
      </trkpt>
      <trkpt lat="54.54976" lon="-3.218">
        <ele>395.21256164674685</ele>
      </trkpt>
      <trkpt lat="54.54976" lon="-3.21791">
        <ele>391.9172214340605</ele>
      </trkpt>
      <trkpt lat="54.54973" lon="-3.21776">
        <ele>386.0251960841758</ele>
      </trkpt>
      <trkpt lat="54.54963" lon="-3.2175">
        <ele>375.7578094231411</ele>
      </trkpt>
      <trkpt lat="54.54959" lon="-3.21728">
        <ele>367.9714696644797</ele>
      </trkpt>
      <trkpt lat="54.5496" lon="-3.21719">
        <ele>365.2202712062554</ele>
      </trkpt>
      <trkpt lat="54.54954" lon="-3.21687">
        <ele>354.607880871418</ele>
      </trkpt>
      <trkpt lat="54.54954" lon="-3.21661">
        <ele>347.40089339080123</ele>
      </trkpt>
      <trkpt lat="54.54952" lon="-3.21642">
        <ele>342.80307799191155</ele>
      </trkpt>
      <trkpt lat="54.54955" lon="-3.21609">
        <ele>334.68226845309323</ele>
      </trkpt>
      <trkpt lat="54.54964" lon="-3.21589">
        <ele>329.9883727774066</ele>
      </trkpt>
      <trkpt lat="54.54965" lon="-3.21577">
        <ele>326.59119950697516</ele>
      </trkpt>
      <trkpt lat="54.54968" lon="-3.21566">
        <ele>323.9804735593745</ele>
      </trkpt>
      <trkpt lat="54.54979" lon="-3.21547">
        <ele>320.7934934276614</ele>
      </trkpt>
      <trkpt lat="54.54982" lon="-3.21538">
        <ele>319.0363639817913</ele>
      </trkpt>
      <trkpt lat="54.54981" lon="-3.2153">
        <ele>317.36585486691985</ele>
      </trkpt>
      <trkpt lat="54.54985" lon="-3.21523">
        <ele>315.6616795349448</ele>
      </trkpt>
      <trkpt lat="54.54987" lon="-3.21507">
        <ele>312.1193709912514</ele>
      </trkpt>
      <trkpt lat="54.54993" lon="-3.21483">
        <ele>306.9378829943439</ele>
      </trkpt>
      <trkpt lat="54.54997" lon="-3.21456">
        <ele>301.35249391719384</ele>
      </trkpt>
      <trkpt lat="54.55017" lon="-3.2144">
        <ele>294.0836345645588</ele>
      </trkpt>
      <trkpt lat="54.55095" lon="-3.21369">
        <ele>280.3867869321306</ele>
      </trkpt>
      <trkpt lat="54.55152" lon="-3.21304">
        <ele>269.69936690886186</ele>
      </trkpt>
      <trkpt lat="54.55169" lon="-3.21288">
        <ele>267.98640025993205</ele>
      </trkpt>
      <trkpt lat="54.55172" lon="-3.21286">
        <ele>267.73827979421856</ele>
      </trkpt>
      <trkpt lat="54.552" lon="-3.21286">
        <ele>265.35858824437724</ele>
      </trkpt>
      <trkpt lat="54.5522" lon="-3.21278">
        <ele>262.61333969497963</ele>
      </trkpt>
      <trkpt lat="54.55278" lon="-3.21235">
        <ele>255.89865989043048</ele>
      </trkpt>
      <trkpt lat="54.55298" lon="-3.21216">
        <ele>254.30161721124708</ele>
      </trkpt>
      <trkpt lat="54.55327" lon="-3.21169">
        <ele>249.9600680171461</ele>
      </trkpt>
      <trkpt lat="54.55408" lon="-3.21062">
        <ele>242.75534192726772</ele>
      </trkpt>
      <trkpt lat="54.5545" lon="-3.21001">
        <ele>238.83637666949846</ele>
      </trkpt>
      <trkpt lat="54.55494" lon="-3.2093">
        <ele>234.55180559364058</ele>
      </trkpt>
      <trkpt lat="54.55533" lon="-3.20866">
        <ele>232.77085040134037</ele>
      </trkpt>
      <trkpt lat="54.55623" lon="-3.20727">
        <ele>226.0269934862188</ele>
      </trkpt>
      <trkpt lat="54.55668" lon="-3.20669">
        <ele>223.65433398041966</ele>
      </trkpt>
      <trkpt lat="54.55699" lon="-3.20636">
        <ele>224.12485560383558</ele>
      </trkpt>
      <trkpt lat="54.55758" lon="-3.20584">
        <ele>224.01236429330748</ele>
      </trkpt>
      <trkpt lat="54.5578" lon="-3.20555">
        <ele>223.00064544444342</ele>
      </trkpt>
      <trkpt lat="54.55805" lon="-3.20539">
        <ele>224.23498268520223</ele>
      </trkpt>
      <trkpt lat="54.55825" lon="-3.20516">
        <ele>223.886756337613</ele>
      </trkpt>
      <trkpt lat="54.55921" lon="-3.20442">
        <ele>225.4626801526002</ele>
      </trkpt>
      <trkpt lat="54.55949" lon="-3.20391">
        <ele>219.85579392294417</ele>
      </trkpt>
      <trkpt lat="54.55959" lon="-3.20377">
        <ele>218.64563422978802</ele>
      </trkpt>
      <trkpt lat="54.55965" lon="-3.20371">
        <ele>218.29135051540476</ele>
      </trkpt>
      <trkpt lat="54.55973" lon="-3.20369">
        <ele>218.44512372862505</ele>
      </trkpt>
      <trkpt lat="54.55985" lon="-3.20353">
        <ele>216.35155306303318</ele>
      </trkpt>
      <trkpt lat="54.56011" lon="-3.20331">
        <ele>213.84522902832884</ele>
      </trkpt>
      <trkpt lat="54.56041" lon="-3.203">
        <ele>209.67280521048067</ele>
      </trkpt>
      <trkpt lat="54.56095" lon="-3.20253">
        <ele>204.39563386950192</ele>
      </trkpt>
      <trkpt lat="54.56127" lon="-3.2021">
        <ele>199.72155114199933</ele>
      </trkpt>
      <trkpt lat="54.56141" lon="-3.20186">
        <ele>196.9383158543905</ele>
      </trkpt>
      <trkpt lat="54.56166" lon="-3.20154">
        <ele>193.00839248383514</ele>
      </trkpt>
      <trkpt lat="54.5621" lon="-3.20113">
        <ele>185.96005084890277</ele>
      </trkpt>
      <trkpt lat="54.56243" lon="-3.20079">
        <ele>182.4767103905652</ele>
      </trkpt>
      <trkpt lat="54.56253" lon="-3.20061">
        <ele>180.67808327505875</ele>
      </trkpt>
      <trkpt lat="54.56262" lon="-3.2003">
        <ele>178.43965937294763</ele>
      </trkpt>
      <trkpt lat="54.56281" lon="-3.19993">
        <ele>175.83909159693332</ele>
      </trkpt>
      <trkpt lat="54.56295" lon="-3.19976">
        <ele>174.38204962987948</ele>
      </trkpt>
      <trkpt lat="54.56307" lon="-3.19939">
        <ele>171.03840891634147</ele>
      </trkpt>
      <trkpt lat="54.56314" lon="-3.19875">
        <ele>164.2087403108439</ele>
      </trkpt>
      <trkpt lat="54.56313" lon="-3.19838">
        <ele>161.56883743415077</ele>
      </trkpt>
      <trkpt lat="54.56308" lon="-3.19768">
        <ele>158.18072258676486</ele>
      </trkpt>
      <trkpt lat="54.5632" lon="-3.19669">
        <ele>151.99118929851636</ele>
      </trkpt>
      <trkpt lat="54.56334" lon="-3.19621">
        <ele>150.22765581433384</ele>
      </trkpt>
      <trkpt lat="54.56345" lon="-3.19541">
        <ele>147.1346956193113</ele>
      </trkpt>
      <trkpt lat="54.56356" lon="-3.19498">
        <ele>145.74730647011035</ele>
      </trkpt>
      <trkpt lat="54.56347" lon="-3.19451">
        <ele>145.24692265014494</ele>
      </trkpt>
      <trkpt lat="54.56344" lon="-3.19362">
        <ele>144.2535245186501</ele>
      </trkpt>
      <trkpt lat="54.56346" lon="-3.19313">
        <ele>143.46017924768526</ele>
      </trkpt>
      <trkpt lat="54.56343" lon="-3.19245">
        <ele>141.8111424860486</ele>
      </trkpt>
      <trkpt lat="54.56348" lon="-3.19213">
        <ele>141.01717003605728</ele>
      </trkpt>
      <trkpt lat="54.56359" lon="-3.19171">
        <ele>139.46441896972192</ele>
      </trkpt>
      <trkpt lat="54.56363" lon="-3.19142">
        <ele>138.92194436823416</ele>
      </trkpt>
      <trkpt lat="54.56406" lon="-3.19075">
        <ele>137.21725702268887</ele>
      </trkpt>
      <trkpt lat="54.56388" lon="-3.19035">
        <ele>134.98089161093407</ele>
      </trkpt>
      <trkpt lat="54.56383" lon="-3.19018">
        <ele>135.5710210321354</ele>
      </trkpt>
      <trkpt lat="54.56384" lon="-3.19007">
        <ele>135.65443478274932</ele>
      </trkpt>
      <trkpt lat="54.56388" lon="-3.18994">
        <ele>135.7180795551488</ele>
      </trkpt>
      <trkpt lat="54.56398" lon="-3.18979">
        <ele>136.2015854352453</ele>
      </trkpt>
      <trkpt lat="54.56424" lon="-3.18919">
        <ele>140.3965225027585</ele>
      </trkpt>
      <trkpt lat="54.56437" lon="-3.18853">
        <ele>147.29196093406634</ele>
      </trkpt>
      <trkpt lat="54.56447" lon="-3.18819">
        <ele>151.21258494884452</ele>
      </trkpt>
      <trkpt lat="54.56473" lon="-3.18763">
        <ele>158.4240367684191</ele>
      </trkpt>
      <trkpt lat="54.56508" lon="-3.18677">
        <ele>166.0856663801842</ele>
      </trkpt>
      <trkpt lat="54.56529" lon="-3.18599">
        <ele>168.5314045107384</ele>
      </trkpt>
      <trkpt lat="54.56535" lon="-3.1858">
        <ele>169.3347216836276</ele>
      </trkpt>
      <trkpt lat="54.56544" lon="-3.18558">
        <ele>169.56917811127494</ele>
      </trkpt>
      <trkpt lat="54.56554" lon="-3.1854">
        <ele>168.66578965759572</ele>
      </trkpt>
      <trkpt lat="54.56578" lon="-3.18508">
        <ele>166.39518473774112</ele>
      </trkpt>
      <trkpt lat="54.56579" lon="-3.18503">
        <ele>166.36603862966794</ele>
      </trkpt>
      <trkpt lat="54.56613" lon="-3.18454">
        <ele>165.6986155342288</ele>
      </trkpt>
      <trkpt lat="54.56622" lon="-3.18445">
        <ele>165.19587930085024</ele>
      </trkpt>
      <trkpt lat="54.56633" lon="-3.18441">
        <ele>164.4356130755902</ele>
      </trkpt>
      <trkpt lat="54.56666" lon="-3.1839">
        <ele>159.841356514875</ele>
      </trkpt>
      <trkpt lat="54.56681" lon="-3.18381">
        <ele>159.43516594347156</ele>
      </trkpt>
      <trkpt lat="54.56691" lon="-3.18381">
        <ele>159.83304030159837</ele>
      </trkpt>
      <trkpt lat="54.56724" lon="-3.18399">
        <ele>156.42361246913072</ele>
      </trkpt>
      <trkpt lat="54.56736" lon="-3.184">
        <ele>155.8082025652224</ele>
      </trkpt>
      <trkpt lat="54.56765" lon="-3.1839">
        <ele>154.03258733239898</ele>
      </trkpt>
      <trkpt lat="54.56795" lon="-3.18376">
        <ele>153.03002302169352</ele>
      </trkpt>
      <trkpt lat="54.56823" lon="-3.18361">
        <ele>152.08336569150708</ele>
      </trkpt>
      <trkpt lat="54.56835" lon="-3.18351">
        <ele>151.71734026372656</ele>
      </trkpt>
      <trkpt lat="54.5694" lon="-3.18318">
        <ele>141.27506363442808</ele>
      </trkpt>
      <trkpt lat="54.56955" lon="-3.18317">
        <ele>140.85715192575913</ele>
      </trkpt>
      <trkpt lat="54.56971" lon="-3.18327">
        <ele>139.1791433706048</ele>
      </trkpt>
      <trkpt lat="54.57022" lon="-3.18317">
        <ele>135.85560039822877</ele>
      </trkpt>
      <trkpt lat="54.57105" lon="-3.18274">
        <ele>132.5874362960768</ele>
      </trkpt>
      <trkpt lat="54.57145" lon="-3.18269">
        <ele>131.92262436241424</ele>
      </trkpt>
      <trkpt lat="54.57197" lon="-3.18257">
        <ele>132.13983126366577</ele>
      </trkpt>
      <trkpt lat="54.57226" lon="-3.18256">
        <ele>131.55693767092555</ele>
      </trkpt>
      <trkpt lat="54.57294" lon="-3.18263">
        <ele>130.32827391422478</ele>
      </trkpt>
      <trkpt lat="54.57338" lon="-3.18245">
        <ele>128.27280880669136</ele>
      </trkpt>
      <trkpt lat="54.57351" lon="-3.18244">
        <ele>128.5150206289462</ele>
      </trkpt>
      <trkpt lat="54.57363" lon="-3.18233">
        <ele>128.43979728444282</ele>
      </trkpt>
      <trkpt lat="54.57369" lon="-3.18218">
        <ele>126.77350734118423</ele>
      </trkpt>
      <trkpt lat="54.57375" lon="-3.18212">
        <ele>124.56721413966197</ele>
      </trkpt>
      <trkpt lat="54.57382" lon="-3.18215">
        <ele>124.34470252484982</ele>
      </trkpt>
      <trkpt lat="54.57392" lon="-3.18229">
        <ele>125.90391169515516</ele>
      </trkpt>
      <trkpt lat="54.57396" lon="-3.1823">
        <ele>127.1684735736176</ele>
      </trkpt>
      <trkpt lat="54.57436" lon="-3.18211">
        <ele>127.38083742779838</ele>
      </trkpt>
      <trkpt lat="54.57448" lon="-3.18191">
        <ele>128.16747755824716</ele>
      </trkpt>
      <trkpt lat="54.57466" lon="-3.18142">
        <ele>129.5919009375829</ele>
      </trkpt>
      <trkpt lat="54.57473" lon="-3.18112">
        <ele>130.53357629073082</ele>
      </trkpt>
      <trkpt lat="54.57482" lon="-3.18095">
        <ele>130.7447852646967</ele>
      </trkpt>
      <trkpt lat="54.5749" lon="-3.18086">
        <ele>130.89117811554937</ele>
      </trkpt>
      <trkpt lat="54.57529" lon="-3.18077">
        <ele>130.36570545725098</ele>
      </trkpt>
      <trkpt lat="54.57586" lon="-3.18085">
        <ele>128.98118440472214</ele>
      </trkpt>
      <trkpt lat="54.57655" lon="-3.18084">
        <ele>126.65013442125695</ele>
      </trkpt>
      <trkpt lat="54.57674" lon="-3.18087">
        <ele>125.67071185771891</ele>
      </trkpt>
      <trkpt lat="54.57687" lon="-3.18097">
        <ele>124.71071542433388</ele>
      </trkpt>
      <trkpt lat="54.57692" lon="-3.18105">
        <ele>124.42278955804446</ele>
      </trkpt>
      <trkpt lat="54.57704" lon="-3.18133">
        <ele>123.42612926540511</ele>
      </trkpt>
      <trkpt lat="54.57714" lon="-3.1815">
        <ele>122.56650938606852</ele>
      </trkpt>
      <trkpt lat="54.57728" lon="-3.18167">
        <ele>121.37757437373631</ele>
      </trkpt>
      <trkpt lat="54.57774" lon="-3.18206">
        <ele>118.6732559556992</ele>
      </trkpt>
      <trkpt lat="54.57812" lon="-3.18219">
        <ele>117.0588895797241</ele>
      </trkpt>
      <trkpt lat="54.57846" lon="-3.18224">
        <ele>115.25179192850473</ele>
      </trkpt>
      <trkpt lat="54.57865" lon="-3.18221">
        <ele>113.9832154280125</ele>
      </trkpt>
      <trkpt lat="54.57882" lon="-3.18208">
        <ele>112.38840677388056</ele>
      </trkpt>
      <trkpt lat="54.57903" lon="-3.18196">
        <ele>110.57017219619699</ele>
      </trkpt>
      <trkpt lat="54.57936" lon="-3.18197">
        <ele>106.99804099280475</ele>
      </trkpt>
      <trkpt lat="54.5796" lon="-3.18188">
        <ele>104.37136913677085</ele>
      </trkpt>
      <trkpt lat="54.58041" lon="-3.1815">
        <ele>99.88474420052455</ele>
      </trkpt>
      <trkpt lat="54.58092" lon="-3.18148">
        <ele>95.06506034715292</ele>
      </trkpt>
      <trkpt lat="54.58094" lon="-3.18146">
        <ele>94.83246025128156</ele>
      </trkpt>
      <trkpt lat="54.58111" lon="-3.18124">
        <ele>93.55066520741525</ele>
      </trkpt>
      <trkpt lat="54.58125" lon="-3.18098">
        <ele>93.14501148734563</ele>
      </trkpt>
      <trkpt lat="54.5814" lon="-3.18078">
        <ele>92.7375683427201</ele>
      </trkpt>
      <trkpt lat="54.58152" lon="-3.18068">
        <ele>92.38456348744613</ele>
      </trkpt>
      <trkpt lat="54.58182" lon="-3.18048">
        <ele>91.7821550386159</ele>
      </trkpt>
      <trkpt lat="54.58192" lon="-3.18038">
        <ele>91.58437727584075</ele>
      </trkpt>
      <trkpt lat="54.58202" lon="-3.18024">
        <ele>91.49117593327401</ele>
      </trkpt>
      <trkpt lat="54.58225" lon="-3.17973">
        <ele>91.10441522576076</ele>
      </trkpt>
      <trkpt lat="54.58234" lon="-3.17947">
        <ele>90.85153172159592</ele>
      </trkpt>
      <trkpt lat="54.58293" lon="-3.17863">
        <ele>90.3607712121325</ele>
      </trkpt>
      <trkpt lat="54.58301" lon="-3.17845">
        <ele>90.58015485506043</ele>
      </trkpt>
      <trkpt lat="54.58304" lon="-3.17827">
        <ele>90.6500103501141</ele>
      </trkpt>
      <trkpt lat="54.58309" lon="-3.17751">
        <ele>89.61282012903884</ele>
      </trkpt>
      <trkpt lat="54.58312" lon="-3.17727">
        <ele>89.34963551111429</ele>
      </trkpt>
      <trkpt lat="54.58318" lon="-3.17709">
        <ele>89.54275373370024</ele>
      </trkpt>
      <trkpt lat="54.58353" lon="-3.17635">
        <ele>92.61446541013275</ele>
      </trkpt>
      <trkpt lat="54.58368" lon="-3.17615">
        <ele>93.70319590887698</ele>
      </trkpt>
      <trkpt lat="54.58404" lon="-3.17585">
        <ele>96.38179495660118</ele>
      </trkpt>
      <trkpt lat="54.58443" lon="-3.17545">
        <ele>97.21311779574671</ele>
      </trkpt>
      <trkpt lat="54.58475" lon="-3.17504">
        <ele>99.19011222720502</ele>
      </trkpt>
      <trkpt lat="54.58486" lon="-3.17486">
        <ele>101.08257375003657</ele>
      </trkpt>
      <trkpt lat="54.58492" lon="-3.17469">
        <ele>102.33139601516298</ele>
      </trkpt>
      <trkpt lat="54.58499" lon="-3.17409">
        <ele>106.25768921854792</ele>
      </trkpt>
      <trkpt lat="54.58503" lon="-3.17389">
        <ele>107.70885021543837</ele>
      </trkpt>
      <trkpt lat="54.5852" lon="-3.17338">
        <ele>110.41500759854311</ele>
      </trkpt>
      <trkpt lat="54.58528" lon="-3.17306">
        <ele>113.60095053300479</ele>
      </trkpt>
      <trkpt lat="54.58528" lon="-3.17296">
        <ele>114.34875414854405</ele>
      </trkpt>
      <trkpt lat="54.58532" lon="-3.17297">
        <ele>114.52034728678636</ele>
      </trkpt>
      <trkpt lat="54.58528" lon="-3.17296">
        <ele>114.34875414854405</ele>
      </trkpt>
      <trkpt lat="54.58525" lon="-3.17238">
        <ele>112.33398432241773</ele>
      </trkpt>
      <trkpt lat="54.58528" lon="-3.17222">
        <ele>111.74173755788117</ele>
      </trkpt>
      <trkpt lat="54.58533" lon="-3.1721">
        <ele>111.55299779482745</ele>
      </trkpt>
      <trkpt lat="54.58548" lon="-3.17185">
        <ele>110.19590329234265</ele>
      </trkpt>
      <trkpt lat="54.58564" lon="-3.17172">
        <ele>109.05071232978904</ele>
      </trkpt>
      <trkpt lat="54.58577" lon="-3.17157">
        <ele>108.95073849710643</ele>
      </trkpt>
      <trkpt lat="54.58585" lon="-3.17141">
        <ele>109.1433493575044</ele>
      </trkpt>
      <trkpt lat="54.58602" lon="-3.17092">
        <ele>108.351485243803</ele>
      </trkpt>
      <trkpt lat="54.58613" lon="-3.17049">
        <ele>108.62235264463035</ele>
      </trkpt>
      <trkpt lat="54.58635" lon="-3.16938">
        <ele>106.74802657125363</ele>
      </trkpt>
      <trkpt lat="54.58651" lon="-3.16895">
        <ele>107.55552811223998</ele>
      </trkpt>
      <trkpt lat="54.58663" lon="-3.16869">
        <ele>108.96108056888359</ele>
      </trkpt>
      <trkpt lat="54.58685" lon="-3.16832">
        <ele>112.6468146325814</ele>
      </trkpt>
      <trkpt lat="54.58696" lon="-3.16805">
        <ele>112.50063972972802</ele>
      </trkpt>
      <trkpt lat="54.58712" lon="-3.16777">
        <ele>113.85398204802888</ele>
      </trkpt>
      <trkpt lat="54.58737" lon="-3.16749">
        <ele>115.56510629604942</ele>
      </trkpt>
      <trkpt lat="54.58753" lon="-3.16736">
        <ele>115.85665261208163</ele>
      </trkpt>
      <trkpt lat="54.58789" lon="-3.1672">
        <ele>117.15034795914805</ele>
      </trkpt>
      <trkpt lat="54.58852" lon="-3.16709">
        <ele>120.20299186177532</ele>
      </trkpt>
      <trkpt lat="54.58963" lon="-3.16675">
        <ele>118.5009265022806</ele>
      </trkpt>
      <trkpt lat="54.58986" lon="-3.16663">
        <ele>117.60139893933982</ele>
      </trkpt>
      <trkpt lat="54.59019" lon="-3.16627">
        <ele>114.68272783134047</ele>
      </trkpt>
      <trkpt lat="54.59042" lon="-3.16579">
        <ele>111.92258424256309</ele>
      </trkpt>
      <trkpt lat="54.59068" lon="-3.16512">
        <ele>107.0841515136392</ele>
      </trkpt>
      <trkpt lat="54.59107" lon="-3.16487">
        <ele>100.27608684023139</ele>
      </trkpt>
      <trkpt lat="54.59116" lon="-3.16466">
        <ele>99.49550399721225</ele>
      </trkpt>
      <trkpt lat="54.59133" lon="-3.16414">
        <ele>101.65308246591938</ele>
      </trkpt>
      <trkpt lat="54.59151" lon="-3.16348">
        <ele>106.70033434030778</ele>
      </trkpt>
      <trkpt lat="54.59164" lon="-3.1632">
        <ele>104.29407546930628</ele>
      </trkpt>
      <trkpt lat="54.59176" lon="-3.16302">
        <ele>102.33912537409067</ele>
      </trkpt>
      <trkpt lat="54.59187" lon="-3.16292">
        <ele>100.88178751969733</ele>
      </trkpt>
      <trkpt lat="54.59205" lon="-3.16283">
        <ele>99.76791056035403</ele>
      </trkpt>
      <trkpt lat="54.59279" lon="-3.16268">
        <ele>97.357093328304</ele>
      </trkpt>
      <trkpt lat="54.59326" lon="-3.16238">
        <ele>96.96319172788918</ele>
      </trkpt>
      <trkpt lat="54.59369" lon="-3.16181">
        <ele>95.22653486224462</ele>
      </trkpt>
      <trkpt lat="54.59396" lon="-3.16151">
        <ele>90.28313068774564</ele>
      </trkpt>
      <trkpt lat="54.59397" lon="-3.16146">
        <ele>90.34604444672048</ele>
      </trkpt>
      <trkpt lat="54.59411" lon="-3.16065">
        <ele>89.2522314896335</ele>
      </trkpt>
      <trkpt lat="54.59437" lon="-3.15938">
        <ele>83.52264814657043</ele>
      </trkpt>
      <trkpt lat="54.59448" lon="-3.15913">
        <ele>84.3017131000305</ele>
      </trkpt>
      <trkpt lat="54.59478" lon="-3.15889">
        <ele>81.88309063160858</ele>
      </trkpt>
      <trkpt lat="54.59515" lon="-3.15876">
        <ele>78.4178434322219</ele>
      </trkpt>
      <trkpt lat="54.59533" lon="-3.15882">
        <ele>77.36730297862245</ele>
      </trkpt>
      <trkpt lat="54.59543" lon="-3.1589">
        <ele>77.126524203883</ele>
      </trkpt>
      <trkpt lat="54.59553" lon="-3.15896">
        <ele>77.32808609646602</ele>
      </trkpt>
      <trkpt lat="54.59594" lon="-3.15902">
        <ele>77.53687253449502</ele>
      </trkpt>
      <trkpt lat="54.59605" lon="-3.15906">
        <ele>77.45846020527952</ele>
      </trkpt>
      <trkpt lat="54.59612" lon="-3.15912">
        <ele>77.18055041137356</ele>
      </trkpt>
      <trkpt lat="54.59633" lon="-3.15943">
        <ele>77.27573694906003</ele>
      </trkpt>
      <trkpt lat="54.59647" lon="-3.15952">
        <ele>77.82977968150348</ele>
      </trkpt>
      <trkpt lat="54.59653" lon="-3.15952">
        <ele>78.12339193251675</ele>
      </trkpt>
      <trkpt lat="54.59664" lon="-3.15946">
        <ele>78.4440602098957</ele>
      </trkpt>
      <trkpt lat="54.5967" lon="-3.15939">
        <ele>78.20544368300673</ele>
      </trkpt>
      <trkpt lat="54.59707" lon="-3.15882">
        <ele>78.35928740369161</ele>
      </trkpt>
      <trkpt lat="54.59867" lon="-3.15811">
        <ele>82.14580978455011</ele>
      </trkpt>
      <trkpt lat="54.59894" lon="-3.15811">
        <ele>81.2964411900312</ele>
      </trkpt>
      <trkpt lat="54.59913" lon="-3.15816">
        <ele>80.55530753350628</ele>
      </trkpt>
      <trkpt lat="54.59941" lon="-3.15831">
        <ele>79.57299216837416</ele>
      </trkpt>
      <trkpt lat="54.60021" lon="-3.15901">
        <ele>82.32704591267078</ele>
      </trkpt>
      <trkpt lat="54.60063" lon="-3.15931">
        <ele>82.08638200516269</ele>
      </trkpt>
      <trkpt lat="54.60083" lon="-3.15941">
        <ele>81.56251528117568</ele>
      </trkpt>
      <trkpt lat="54.60102" lon="-3.15943">
        <ele>81.29417204035664</ele>
      </trkpt>
      <trkpt lat="54.60147" lon="-3.15929">
        <ele>82.02992280950845</ele>
      </trkpt>
      <trkpt lat="54.60156" lon="-3.15934">
        <ele>82.2068306938759</ele>
      </trkpt>
      <trkpt lat="54.60159" lon="-3.15936">
        <ele>82.31746331711048</ele>
      </trkpt>
      <trkpt lat="54.60187" lon="-3.15872">
        <ele>82.87811016065803</ele>
      </trkpt>
      <trkpt lat="54.60266" lon="-3.15804">
        <ele>80.57840106952779</ele>
      </trkpt>
      <trkpt lat="54.60302" lon="-3.1575">
        <ele>79.1705155616548</ele>
      </trkpt>
      <trkpt lat="54.60303" lon="-3.15751">
        <ele>78.92599216848289</ele>
      </trkpt>
      <trkpt lat="54.60302" lon="-3.1575">
        <ele>79.1705155616548</ele>
      </trkpt>
      <trkpt lat="54.60322" lon="-3.15717">
        <ele>77.26021429070748</ele>
      </trkpt>
      <trkpt lat="54.60323" lon="-3.15719">
        <ele>77.19594290112887</ele>
      </trkpt>
      <trkpt lat="54.60322" lon="-3.15717">
        <ele>77.26021429070748</ele>
      </trkpt>
      <trkpt lat="54.60327" lon="-3.15708">
        <ele>76.92646671727618</ele>
      </trkpt>
      <trkpt lat="54.60375" lon="-3.15697">
        <ele>74.83174894226187</ele>
      </trkpt>
      <trkpt lat="54.60394" lon="-3.1569">
        <ele>75.62982587480779</ele>
      </trkpt>
      <trkpt lat="54.60405" lon="-3.15683">
        <ele>76.12624599896368</ele>
      </trkpt>
      <trkpt lat="54.60416" lon="-3.15673">
        <ele>76.18194949491485</ele>
      </trkpt>
      <trkpt lat="54.60454" lon="-3.15598">
        <ele>76.20885868767388</ele>
      </trkpt>
      <trkpt lat="54.60486" lon="-3.15532">
        <ele>76.10650932237267</ele>
      </trkpt>
      <trkpt lat="54.60474" lon="-3.15512">
        <ele>75.87144943028605</ele>
      </trkpt>
      <trkpt lat="54.60473" lon="-3.15492">
        <ele>75.79879049150566</ele>
      </trkpt>
      <trkpt lat="54.60474" lon="-3.15476">
        <ele>75.7314671319487</ele>
      </trkpt>
      <trkpt lat="54.60468" lon="-3.15404">
        <ele>75.70794000784944</ele>
      </trkpt>
      <trkpt lat="54.60423" lon="-3.14805">
        <ele>76.93543449300803</ele>
      </trkpt>
      <trkpt lat="54.60393" lon="-3.14689">
        <ele>77.17411338493089</ele>
      </trkpt>
      <trkpt lat="54.60376" lon="-3.14604">
        <ele>77.24531967415106</ele>
      </trkpt>
      <trkpt lat="54.60358" lon="-3.14502">
        <ele>77.86112998417966</ele>
      </trkpt>
      <trkpt lat="54.60353" lon="-3.14497">
        <ele>77.65266295980703</ele>
      </trkpt>
      <trkpt lat="54.6034" lon="-3.14421">
        <ele>78.01937420205769</ele>
      </trkpt>
      <trkpt lat="54.60325" lon="-3.14373">
        <ele>78.18803500245777</ele>
      </trkpt>
      <trkpt lat="54.60323" lon="-3.1437">
        <ele>77.9166359806328</ele>
      </trkpt>
      <trkpt lat="54.60321" lon="-3.14351">
        <ele>76.97866712098377</ele>
      </trkpt>
      <trkpt lat="54.60323" lon="-3.14334">
        <ele>76.885004483173</ele>
      </trkpt>
      <trkpt lat="54.60329" lon="-3.1431">
        <ele>77.20639369953453</ele>
      </trkpt>
      <trkpt lat="54.60337" lon="-3.14289">
        <ele>77.08615850953166</ele>
      </trkpt>
      <trkpt lat="54.60357" lon="-3.14263">
        <ele>76.58539680301678</ele>
      </trkpt>
      <trkpt lat="54.6036" lon="-3.14268">
        <ele>77.14903193008936</ele>
      </trkpt>
      <trkpt lat="54.60357" lon="-3.14263">
        <ele>76.58539680301678</ele>
      </trkpt>
      <trkpt lat="54.60352" lon="-3.14271">
        <ele>77.14186384413716</ele>
      </trkpt>
      <trkpt lat="54.6035" lon="-3.14269">
        <ele>76.90733588791151</ele>
      </trkpt>
      <trkpt lat="54.60349" lon="-3.1426">
        <ele>76.26974265022528</ele>
      </trkpt>
      <trkpt lat="54.60297" lon="-3.14186">
        <ele>78.59106386784772</ele>
      </trkpt>
      <trkpt lat="54.60258" lon="-3.14119">
        <ele>78.64210074978904</ele>
      </trkpt>
      <trkpt lat="54.6026" lon="-3.14115">
        <ele>78.66164392448637</ele>
      </trkpt>
      <trkpt lat="54.60223" lon="-3.14046">
        <ele>79.05447737492564</ele>
      </trkpt>
      <trkpt lat="54.60215" lon="-3.14035">
        <ele>79.15604750147006</ele>
      </trkpt>
      <trkpt lat="54.60188" lon="-3.13956">
        <ele>79.7638701060585</ele>
      </trkpt>
      <trkpt lat="54.60185" lon="-3.1396">
        <ele>79.77153211335855</ele>
      </trkpt>
      <trkpt lat="54.60151" lon="-3.13866">
        <ele>80.70922737550558</ele>
      </trkpt>
      <trkpt lat="54.60147" lon="-3.13844">
        <ele>80.89849928925625</ele>
      </trkpt>
      <trkpt lat="54.60126" lon="-3.13803">
        <ele>81.35653000463924</ele>
      </trkpt>
      <trkpt lat="54.60124" lon="-3.13808">
        <ele>81.30683670806954</ele>
      </trkpt>
      <trkpt lat="54.60076" lon="-3.13741">
        <ele>84.04493711700076</ele>
      </trkpt>
    </trkseg>
  </trk>
</gpx>
